dataset,model_a,model_b,dimension,user_id,effective_preference,ndcg_winner,coverage_winner,align_ndcg,align_coverage,is_conflict,local_text_distance_a,local_text_distance_b,local_text_distance_winner,align_local_text_distance,delta_local_text_distance_chosen_minus_other,local_category_count_a,local_category_count_b,local_category_count_winner,align_local_category_count,delta_local_category_count_chosen_minus_other,local_category_entropy_a,local_category_entropy_b,local_category_entropy_winner,align_local_category_entropy,delta_local_category_entropy_chosen_minus_other,description_length_a,description_length_b,description_length_winner,align_description_length,delta_description_length_chosen_minus_other,history_similarity_a,history_similarity_b,history_similarity_winner,align_history_similarity,delta_history_similarity_chosen_minus_other,average_popularity_a,average_popularity_b,average_popularity_winner,align_average_popularity,delta_average_popularity_chosen_minus_other
amazon_books,gbaf,concat_mlp,balanced,3606,gbaf,gbaf,concat_mlp,1,0,True,0.9524665338615855,0.997854710450184,concat_mlp,0,-0.045388176588598506,,,NA,,,,,NA,,,97.3,46.8,gbaf,1.0,50.5,0.03239843102006898,0.007433573742861889,gbaf,1,0.02496485727720709,4.369127633367538,2.965231348543827,gbaf,1,1.4038962848237109
amazon_books,gbaf,concat_mlp,balanced,4473,concat_mlp,gbaf,concat_mlp,0,1,True,0.9796582231876622,0.9895231843785174,concat_mlp,1,0.009864961190855226,,,NA,,,,,NA,,,90.1,94.7,concat_mlp,1.0,4.6000000000000085,0.015945095189841493,0.013749614900168006,gbaf,0,-0.0021954802896734862,3.138165064387191,3.273581553778122,concat_mlp,1,0.1354164893909311
amazon_books,gbaf,concat_mlp,balanced,11974,gbaf,gbaf,concat_mlp,1,0,True,0.9816933189200936,0.9763485121944298,gbaf,1,0.005344806725663842,,,NA,,,,,NA,,,81.8,3.7,gbaf,1.0,78.1,0.007545614611171898,0.023445712516070895,concat_mlp,0,-0.015900097904898998,2.783861033944974,2.5687872753467316,gbaf,1,0.2150737585982423
amazon_books,gbaf,concat_mlp,balanced,4611,gbaf,gbaf,concat_mlp,1,0,True,0.974471017506809,0.9833866952224041,concat_mlp,0,-0.008915677715595094,,,NA,,,,,NA,,,513.5,357.2,gbaf,1.0,156.3,0.020672629815677974,0.015068591339076471,gbaf,1,0.0056040384766015035,4.281036605015977,4.228960533896851,gbaf,1,0.052076071119126155
amazon_books,gbaf,concat_mlp,balanced,5044,concat_mlp,gbaf,concat_mlp,0,1,True,0.7498833644318401,0.9646058373512053,concat_mlp,1,0.2147224729193652,,,NA,,,,,NA,,,81.1,89.9,concat_mlp,1.0,8.800000000000011,0.10434306258414275,0.045887902175340625,gbaf,0,-0.05845516040880212,3.794002741032313,3.6850521293273957,gbaf,0,-0.10895061170491749
amazon_books,gbaf,concat_mlp,balanced,11455,gbaf,gbaf,concat_mlp,1,0,True,0.9605727374623336,0.9935924560517747,concat_mlp,0,-0.03301971858944108,,,NA,,,,,NA,,,88.4,206.4,concat_mlp,0.0,-118.0,0.018691131383277083,0.009680454498239965,gbaf,1,0.009010676885037119,3.4724198932879284,3.196749436950466,gbaf,1,0.27567045633746234
amazon_books,gbaf,concat_mlp,balanced,5158,concat_mlp,gbaf,concat_mlp,0,1,True,0.9654203746969481,0.935737786980799,gbaf,0,-0.029682587716149067,,,NA,,,,,NA,,,61.6,31.2,gbaf,0.0,-30.400000000000002,0.009920354358260774,0.06630980556500264,concat_mlp,1,0.05638945120674187,3.6228942707065483,3.4163404070554635,gbaf,0,-0.20655386365108486
amazon_books,gbaf,concat_mlp,balanced,1322,gbaf,gbaf,concat_mlp,1,0,True,0.9879678798392076,0.9950776422193605,concat_mlp,0,-0.007109762380152818,,,NA,,,,,NA,,,185.5,112.1,gbaf,1.0,73.4,0.014941715715495376,0.01028073665361857,gbaf,1,0.004660979061876807,2.8234878734084026,2.5121228810918645,gbaf,1,0.311364992316538
amazon_books,gbaf,concat_mlp,balanced,1866,gbaf,gbaf,concat_mlp,1,0,True,0.9012123086175214,0.9795728197998922,concat_mlp,0,-0.07836051118237075,,,NA,,,,,NA,,,66.4,63.6,gbaf,1.0,2.8000000000000043,0.047044088826308325,0.014651933660621867,gbaf,1,0.032392155165686456,2.9233955100563636,3.1546536569892423,concat_mlp,0,-0.23125814693287872
amazon_books,gbaf,concat_mlp,balanced,10368,gbaf,gbaf,concat_mlp,1,0,True,0.9742458224773597,0.9945138253759932,concat_mlp,0,-0.020268002898633508,,,NA,,,,,NA,,,71.3,37.0,gbaf,1.0,34.3,0.022044853022594547,0.014313197065554516,gbaf,1,0.007731655957040031,3.1135113916592836,3.5599216862281224,concat_mlp,0,-0.44641029456883885
amazon_books,gbaf,concat_mlp,balanced,8680,gbaf,gbaf,concat_mlp,1,0,True,0.9032178400995011,0.9804135810341078,concat_mlp,0,-0.07719574093460668,,,NA,,,,,NA,,,233.3,146.2,gbaf,1.0,87.10000000000002,0.09847517268444296,0.021994721850926293,gbaf,1,0.07648045083351666,4.486045158152754,4.9542945913820065,concat_mlp,0,-0.4682494332292526
amazon_books,gbaf,concat_mlp,balanced,3864,concat_mlp,gbaf,concat_mlp,0,1,True,0.9447608608611788,0.9587626239307694,concat_mlp,1,0.014001763069590556,,,NA,,,,,NA,,,52.5,77.6,concat_mlp,1.0,25.099999999999994,0.028960402576144316,0.009200775883227737,gbaf,0,-0.01975962669291658,3.4107609869249487,3.948940753376474,concat_mlp,1,0.5381797664515253
amazon_books,gbaf,concat_mlp,balanced,5268,gbaf,gbaf,concat_mlp,1,0,True,0.9311733038384391,0.9697600289735282,concat_mlp,0,-0.038586725135089095,,,NA,,,,,NA,,,66.5,215.7,concat_mlp,0.0,-149.2,0.014187335368575804,0.013268534214245675,gbaf,1,0.0009188011543301289,2.970152504644708,2.984403802219412,concat_mlp,0,-0.014251297574704225
amazon_books,gbaf,concat_mlp,balanced,1015,gbaf,gbaf,concat_mlp,1,0,True,0.9273354076620467,0.9921169295917768,concat_mlp,0,-0.06478152192973008,,,NA,,,,,NA,,,94.7,77.2,gbaf,1.0,17.5,0.052785946466242545,0.012632072565666485,gbaf,1,0.04015387390057606,3.0815527732544843,2.6209202701381704,gbaf,1,0.4606325031163139
amazon_books,gbaf,concat_mlp,balanced,2794,concat_mlp,gbaf,concat_mlp,0,1,True,0.963493158511345,0.9719781015853289,concat_mlp,1,0.008484943073983953,,,NA,,,,,NA,,,290.0,351.2,concat_mlp,1.0,61.19999999999999,0.015687121359823107,0.018001035763338117,concat_mlp,1,0.00231391440351501,3.1187960256579936,2.8371086031422577,gbaf,0,-0.281687422515736
amazon_books,gbaf,concat_mlp,balanced,5564,gbaf,gbaf,concat_mlp,1,0,True,0.9302158810887259,0.9800165331167618,concat_mlp,0,-0.04980065202803596,,,NA,,,,,NA,,,195.2,82.6,gbaf,1.0,112.6,0.06142551745470918,0.013293447514425747,gbaf,1,0.048132069940283434,3.301488616863323,2.8089088996683254,gbaf,1,0.4925797171949977
amazon_books,gbaf,concat_mlp,diversity,11134,gbaf,gbaf,concat_mlp,1,0,True,0.9328785411336216,0.9779721673834195,concat_mlp,0,-0.04509362624979796,,,NA,,,,,NA,,,75.1,20.7,gbaf,1.0,54.39999999999999,0.04514951080318639,0.02930770821314861,gbaf,1,0.015841802590037778,3.0339079316998756,3.230970560988664,concat_mlp,0,-0.19706262928878848
amazon_books,gbaf,concat_mlp,diversity,7688,gbaf,gbaf,concat_mlp,1,0,True,0.96737191338794,0.9618584360815464,gbaf,1,0.0055134773063936215,,,NA,,,,,NA,,,134.0,115.7,gbaf,1.0,18.299999999999997,0.026257274490528365,0.028704839984990765,concat_mlp,0,-0.0024475654944624003,3.1607499055299755,4.0956369001374675,concat_mlp,0,-0.934886994607492
amazon_books,gbaf,concat_mlp,diversity,11974,gbaf,gbaf,concat_mlp,1,0,True,0.9816933189200936,0.9763485121944298,gbaf,1,0.005344806725663842,,,NA,,,,,NA,,,81.8,3.7,gbaf,1.0,78.1,0.007545614611171898,0.023445712516070895,concat_mlp,0,-0.015900097904898998,2.783861033944974,2.5687872753467316,gbaf,1,0.2150737585982423
amazon_books,gbaf,concat_mlp,diversity,4457,concat_mlp,gbaf,concat_mlp,0,1,True,0.8760682374844316,0.9501055304222669,concat_mlp,1,0.07403729293783523,,,NA,,,,,NA,,,59.1,89.7,concat_mlp,1.0,30.6,0.1076586400768909,0.014133896029909943,gbaf,0,-0.09352474404698095,4.722053141457183,5.05277671682614,concat_mlp,1,0.3307235753689577
amazon_books,gbaf,concat_mlp,diversity,5237,concat_mlp,gbaf,concat_mlp,0,1,True,0.9845826495141352,0.9946654487103727,concat_mlp,1,0.010082799196237446,,,NA,,,,,NA,,,35.8,62.4,concat_mlp,1.0,26.6,0.009949093797752669,0.016050480511218358,concat_mlp,1,0.00610138671346569,4.108810408763262,3.2285352288842817,gbaf,0,-0.8802751798789807
amazon_books,gbaf,concat_mlp,diversity,1754,gbaf,gbaf,concat_mlp,1,0,True,0.9718490704617675,0.9601852968385698,gbaf,1,0.011663773623197704,,,NA,,,,,NA,,,86.6,79.6,gbaf,1.0,7.0,0.0278296604833731,0.02055637941028034,gbaf,1,0.0072732810730927605,2.8038496413451472,2.777370301896186,gbaf,1,0.02647933944896108
amazon_books,gbaf,concat_mlp,diversity,11577,gbaf,gbaf,concat_mlp,1,0,True,0.9770861875730964,0.9615660800656244,gbaf,1,0.015520107507472014,,,NA,,,,,NA,,,268.9,204.6,gbaf,1.0,64.29999999999998,0.01814471381490037,0.01383699026375571,gbaf,1,0.004307723551144659,3.465294199480296,4.374592140931488,concat_mlp,0,-0.9092979414511917
amazon_books,gbaf,concat_mlp,diversity,900,gbaf,gbaf,concat_mlp,1,0,True,0.9800659177169307,0.9888266292066406,concat_mlp,0,-0.008760711489709805,,,NA,,,,,NA,,,86.1,53.0,gbaf,1.0,33.099999999999994,0.03833056312557425,0.0397835870995735,concat_mlp,0,-0.001453023973999247,3.362616792314938,3.1502151679980117,gbaf,1,0.21240162431692644
amazon_books,gbaf,concat_mlp,diversity,1322,gbaf,gbaf,concat_mlp,1,0,True,0.9879678798392076,0.9950776422193605,concat_mlp,0,-0.007109762380152818,,,NA,,,,,NA,,,185.5,112.1,gbaf,1.0,73.4,0.014941715715495376,0.01028073665361857,gbaf,1,0.004660979061876807,2.8234878734084026,2.5121228810918645,gbaf,1,0.311364992316538
amazon_books,gbaf,concat_mlp,diversity,1866,gbaf,gbaf,concat_mlp,1,0,True,0.9012123086175214,0.9795728197998922,concat_mlp,0,-0.07836051118237075,,,NA,,,,,NA,,,66.4,63.6,gbaf,1.0,2.8000000000000043,0.047044088826308325,0.014651933660621867,gbaf,1,0.032392155165686456,2.9233955100563636,3.1546536569892423,concat_mlp,0,-0.23125814693287872
amazon_books,gbaf,concat_mlp,diversity,10368,gbaf,gbaf,concat_mlp,1,0,True,0.9742458224773597,0.9945138253759932,concat_mlp,0,-0.020268002898633508,,,NA,,,,,NA,,,71.3,37.0,gbaf,1.0,34.3,0.022044853022594547,0.014313197065554516,gbaf,1,0.007731655957040031,3.1135113916592836,3.5599216862281224,concat_mlp,0,-0.44641029456883885
amazon_books,gbaf,concat_mlp,diversity,9111,gbaf,gbaf,concat_mlp,1,0,True,0.968263113332968,0.9849938301020834,concat_mlp,0,-0.016730716769115417,,,NA,,,,,NA,,,242.2,276.5,concat_mlp,0.0,-34.30000000000001,0.02197970585602448,0.014973511947752793,gbaf,1,0.007006193908271686,3.537562484513683,2.965103205951183,gbaf,1,0.5724592785625
amazon_books,gbaf,concat_mlp,novelty,7688,concat_mlp,gbaf,concat_mlp,0,1,True,0.96737191338794,0.9618584360815464,gbaf,0,-0.0055134773063936215,,,NA,,,,,NA,,,134.0,115.7,gbaf,0.0,-18.299999999999997,0.026257274490528365,0.028704839984990765,concat_mlp,1,0.0024475654944624003,3.1607499055299755,4.0956369001374675,concat_mlp,1,0.934886994607492
amazon_books,gbaf,concat_mlp,novelty,11974,gbaf,gbaf,concat_mlp,1,0,True,0.9816933189200936,0.9763485121944298,gbaf,1,0.005344806725663842,,,NA,,,,,NA,,,81.8,3.7,gbaf,1.0,78.1,0.007545614611171898,0.023445712516070895,concat_mlp,0,-0.015900097904898998,2.783861033944974,2.5687872753467316,gbaf,1,0.2150737585982423
amazon_books,gbaf,concat_mlp,novelty,4457,concat_mlp,gbaf,concat_mlp,0,1,True,0.8760682374844316,0.9501055304222669,concat_mlp,1,0.07403729293783523,,,NA,,,,,NA,,,59.1,89.7,concat_mlp,1.0,30.6,0.1076586400768909,0.014133896029909943,gbaf,0,-0.09352474404698095,4.722053141457183,5.05277671682614,concat_mlp,1,0.3307235753689577
amazon_books,gbaf,concat_mlp,novelty,5237,concat_mlp,gbaf,concat_mlp,0,1,True,0.9845826495141352,0.9946654487103727,concat_mlp,1,0.010082799196237446,,,NA,,,,,NA,,,35.8,62.4,concat_mlp,1.0,26.6,0.009949093797752669,0.016050480511218358,concat_mlp,1,0.00610138671346569,4.108810408763262,3.2285352288842817,gbaf,0,-0.8802751798789807
amazon_books,gbaf,concat_mlp,novelty,1754,gbaf,gbaf,concat_mlp,1,0,True,0.9718490704617675,0.9601852968385698,gbaf,1,0.011663773623197704,,,NA,,,,,NA,,,86.6,79.6,gbaf,1.0,7.0,0.0278296604833731,0.02055637941028034,gbaf,1,0.0072732810730927605,2.8038496413451472,2.777370301896186,gbaf,1,0.02647933944896108
amazon_books,gbaf,concat_mlp,novelty,12090,concat_mlp,gbaf,concat_mlp,0,1,True,0.8800324846105901,0.9779064945176947,concat_mlp,1,0.0978740099071046,,,NA,,,,,NA,,,66.5,122.4,concat_mlp,1.0,55.900000000000006,0.15781557746939945,0.05195288846832642,gbaf,0,-0.10586268900107303,3.5332508039671318,4.06716993474423,concat_mlp,1,0.5339191307770985
amazon_books,gbaf,concat_mlp,novelty,5044,concat_mlp,gbaf,concat_mlp,0,1,True,0.7498833644318401,0.9646058373512053,concat_mlp,1,0.2147224729193652,,,NA,,,,,NA,,,81.1,89.9,concat_mlp,1.0,8.800000000000011,0.10434306258414275,0.045887902175340625,gbaf,0,-0.05845516040880212,3.794002741032313,3.6850521293273957,gbaf,0,-0.10895061170491749
amazon_books,gbaf,concat_mlp,novelty,11577,gbaf,gbaf,concat_mlp,1,0,True,0.9770861875730964,0.9615660800656244,gbaf,1,0.015520107507472014,,,NA,,,,,NA,,,268.9,204.6,gbaf,1.0,64.29999999999998,0.01814471381490037,0.01383699026375571,gbaf,1,0.004307723551144659,3.465294199480296,4.374592140931488,concat_mlp,0,-0.9092979414511917
amazon_books,gbaf,concat_mlp,novelty,9664,concat_mlp,gbaf,concat_mlp,0,1,True,0.9280146580699954,0.9916276838359686,concat_mlp,1,0.06361302576597316,,,NA,,,,,NA,,,54.9,90.5,concat_mlp,1.0,35.6,0.03878468797821793,0.008513592552748786,gbaf,0,-0.030271095425469144,4.114997791150855,3.441995449407669,gbaf,0,-0.6730023417431856
amazon_books,gbaf,concat_mlp,novelty,11455,concat_mlp,gbaf,concat_mlp,0,1,True,0.9605727374623336,0.9935924560517747,concat_mlp,1,0.03301971858944108,,,NA,,,,,NA,,,88.4,206.4,concat_mlp,1.0,118.0,0.018691131383277083,0.009680454498239965,gbaf,0,-0.009010676885037119,3.4724198932879284,3.196749436950466,gbaf,0,-0.27567045633746234
amazon_books,gbaf,concat_mlp,novelty,5158,concat_mlp,gbaf,concat_mlp,0,1,True,0.9654203746969481,0.935737786980799,gbaf,0,-0.029682587716149067,,,NA,,,,,NA,,,61.6,31.2,gbaf,0.0,-30.400000000000002,0.009920354358260774,0.06630980556500264,concat_mlp,1,0.05638945120674187,3.6228942707065483,3.4163404070554635,gbaf,0,-0.20655386365108486
amazon_books,gbaf,concat_mlp,novelty,900,gbaf,gbaf,concat_mlp,1,0,True,0.9800659177169307,0.9888266292066406,concat_mlp,0,-0.008760711489709805,,,NA,,,,,NA,,,86.1,53.0,gbaf,1.0,33.099999999999994,0.03833056312557425,0.0397835870995735,concat_mlp,0,-0.001453023973999247,3.362616792314938,3.1502151679980117,gbaf,1,0.21240162431692644
amazon_books,gbaf,concat_mlp,novelty,1322,gbaf,gbaf,concat_mlp,1,0,True,0.9879678798392076,0.9950776422193605,concat_mlp,0,-0.007109762380152818,,,NA,,,,,NA,,,185.5,112.1,gbaf,1.0,73.4,0.014941715715495376,0.01028073665361857,gbaf,1,0.004660979061876807,2.8234878734084026,2.5121228810918645,gbaf,1,0.311364992316538
amazon_books,gbaf,concat_mlp,novelty,1866,gbaf,gbaf,concat_mlp,1,0,True,0.9012123086175214,0.9795728197998922,concat_mlp,0,-0.07836051118237075,,,NA,,,,,NA,,,66.4,63.6,gbaf,1.0,2.8000000000000043,0.047044088826308325,0.014651933660621867,gbaf,1,0.032392155165686456,2.9233955100563636,3.1546536569892423,concat_mlp,0,-0.23125814693287872
amazon_books,gbaf,concat_mlp,novelty,10368,gbaf,gbaf,concat_mlp,1,0,True,0.9742458224773597,0.9945138253759932,concat_mlp,0,-0.020268002898633508,,,NA,,,,,NA,,,71.3,37.0,gbaf,1.0,34.3,0.022044853022594547,0.014313197065554516,gbaf,1,0.007731655957040031,3.1135113916592836,3.5599216862281224,concat_mlp,0,-0.44641029456883885
amazon_books,gbaf,concat_mlp,novelty,8680,concat_mlp,gbaf,concat_mlp,0,1,True,0.9032178400995011,0.9804135810341078,concat_mlp,1,0.07719574093460668,,,NA,,,,,NA,,,233.3,146.2,gbaf,0.0,-87.10000000000002,0.09847517268444296,0.021994721850926293,gbaf,0,-0.07648045083351666,4.486045158152754,4.9542945913820065,concat_mlp,1,0.4682494332292526
amazon_books,gbaf,concat_mlp,novelty,552,concat_mlp,gbaf,concat_mlp,0,1,True,0.9675511065461113,0.967666352637314,concat_mlp,1,0.00011524609120272533,,,NA,,,,,NA,,,161.8,93.9,gbaf,0.0,-67.9,0.0166879505777054,0.015071886087891156,gbaf,0,-0.0016160644898142451,4.958196758513294,4.9793273418178545,concat_mlp,1,0.021130583304560524
amazon_books,gbaf,concat_mlp,novelty,10324,gbaf,gbaf,concat_mlp,1,0,True,0.9774303540363425,0.8681625703763789,gbaf,1,0.10926778365996359,,,NA,,,,,NA,,,214.3,203.6,gbaf,1.0,10.700000000000017,0.01932408830699455,0.014484521438085898,gbaf,1,0.004839566868908653,3.998687485988321,4.271528206079626,concat_mlp,0,-0.2728407200913052
amazon_books,gbaf,concat_mlp,novelty,6638,concat_mlp,gbaf,concat_mlp,0,1,True,0.9872445030556851,0.9890855207187426,concat_mlp,1,0.0018410176630574426,,,NA,,,,,NA,,,179.6,378.9,concat_mlp,1.0,199.29999999999998,0.015427039826844579,0.014620607218103149,gbaf,0,-0.0008064326087414298,2.951481307921301,2.856465576742348,gbaf,0,-0.09501573117895301
amazon_books,gbaf,concat_mlp,novelty,1804,gbaf,gbaf,concat_mlp,1,0,True,0.9617826000622505,0.975469096652272,concat_mlp,0,-0.013686496590021524,,,NA,,,,,NA,,,187.5,141.5,gbaf,1.0,46.0,0.027131060726357143,0.025150141938944735,gbaf,1,0.0019809187874124078,3.4313916113112386,3.888597042259768,concat_mlp,0,-0.4572054309485294
amazon_books,gbaf,concat_mlp,novelty,8679,gbaf,gbaf,concat_mlp,1,0,True,0.971108757034261,0.978651590275822,concat_mlp,0,-0.00754283324156102,,,NA,,,,,NA,,,124.0,116.0,gbaf,1.0,8.0,0.020320758046860905,0.013925270067607543,gbaf,1,0.0063954879792533625,3.192876217000409,3.095580455796725,gbaf,1,0.097295761203684
amazon_books,gbaf,concat_mlp,novelty,2553,concat_mlp,gbaf,concat_mlp,0,1,True,0.9697716404782513,0.9778631096011252,concat_mlp,1,0.008091469122873951,,,NA,,,,,NA,,,265.1,146.0,gbaf,0.0,-119.10000000000002,0.02723117544273451,0.020365807826876067,gbaf,0,-0.006865367615858441,2.945601642153302,3.8755014043620113,concat_mlp,1,0.9298997622087093
amazon_books,gbaf,concat_mlp,novelty,12068,concat_mlp,gbaf,concat_mlp,0,1,True,0.9487154557317458,0.9856823325679311,concat_mlp,1,0.03696687683618538,,,NA,,,,,NA,,,250.5,100.0,gbaf,0.0,-150.5,0.024181230474485536,0.01231075106427772,gbaf,0,-0.011870479410207815,3.1103089681665184,2.9795201850341404,gbaf,0,-0.13078878313237796
amazon_books,gbaf,concat_mlp,relevance,4270,concat_mlp,gbaf,concat_mlp,0,1,True,0.9513682706519543,0.9669251256188878,concat_mlp,1,0.015556854966933487,,,NA,,,,,NA,,,244.2,159.3,gbaf,0.0,-84.89999999999998,0.02745732692942312,0.02068491251671236,gbaf,0,-0.006772414412710759,3.0606672023374304,3.030810471024285,gbaf,0,-0.029856731313145257
amazon_books,gbaf,concat_mlp,relevance,1937,gbaf,gbaf,concat_mlp,1,0,True,0.9882019741078724,0.9980140681439773,concat_mlp,0,-0.009812094036104946,,,NA,,,,,NA,,,102.6,50.7,gbaf,1.0,51.89999999999999,0.008912530406345851,0.007387176665255808,gbaf,1,0.0015253537410900428,3.8859188229673167,3.271641574919296,gbaf,1,0.6142772480480208
amazon_books,gbaf,concat_mlp,relevance,11974,gbaf,gbaf,concat_mlp,1,0,True,0.9816933189200936,0.9763485121944298,gbaf,1,0.005344806725663842,,,NA,,,,,NA,,,81.8,3.7,gbaf,1.0,78.1,0.007545614611171898,0.023445712516070895,concat_mlp,0,-0.015900097904898998,2.783861033944974,2.5687872753467316,gbaf,1,0.2150737585982423
amazon_books,gbaf,concat_mlp,relevance,10134,gbaf,gbaf,concat_mlp,1,0,True,0.9735501753461221,0.9853293970644534,concat_mlp,0,-0.011779221718331345,,,NA,,,,,NA,,,278.0,292.7,concat_mlp,0.0,-14.699999999999989,0.028463591908857132,0.021119756183520022,gbaf,1,0.00734383572533711,3.677718072522797,3.5491470842700488,gbaf,1,0.12857098825274837
amazon_books,gbaf,concat_mlp,relevance,1754,concat_mlp,gbaf,concat_mlp,0,1,True,0.9718490704617675,0.9601852968385698,gbaf,0,-0.011663773623197704,,,NA,,,,,NA,,,86.6,79.6,gbaf,0.0,-7.0,0.0278296604833731,0.02055637941028034,gbaf,0,-0.0072732810730927605,2.8038496413451472,2.777370301896186,gbaf,0,-0.02647933944896108
amazon_books,gbaf,concat_mlp,relevance,4611,gbaf,gbaf,concat_mlp,1,0,True,0.974471017506809,0.9833866952224041,concat_mlp,0,-0.008915677715595094,,,NA,,,,,NA,,,513.5,357.2,gbaf,1.0,156.3,0.020672629815677974,0.015068591339076471,gbaf,1,0.0056040384766015035,4.281036605015977,4.228960533896851,gbaf,1,0.052076071119126155
amazon_books,gbaf,concat_mlp,relevance,12090,gbaf,gbaf,concat_mlp,1,0,True,0.8800324846105901,0.9779064945176947,concat_mlp,0,-0.0978740099071046,,,NA,,,,,NA,,,66.5,122.4,concat_mlp,0.0,-55.900000000000006,0.15781557746939945,0.05195288846832642,gbaf,1,0.10586268900107303,3.5332508039671318,4.06716993474423,concat_mlp,0,-0.5339191307770985
amazon_books,gbaf,concat_mlp,relevance,5044,gbaf,gbaf,concat_mlp,1,0,True,0.7498833644318401,0.9646058373512053,concat_mlp,0,-0.2147224729193652,,,NA,,,,,NA,,,81.1,89.9,concat_mlp,0.0,-8.800000000000011,0.10434306258414275,0.045887902175340625,gbaf,1,0.05845516040880212,3.794002741032313,3.6850521293273957,gbaf,1,0.10895061170491749
amazon_books,gbaf,concat_mlp,relevance,9664,gbaf,gbaf,concat_mlp,1,0,True,0.9280146580699954,0.9916276838359686,concat_mlp,0,-0.06361302576597316,,,NA,,,,,NA,,,54.9,90.5,concat_mlp,0.0,-35.6,0.03878468797821793,0.008513592552748786,gbaf,1,0.030271095425469144,4.114997791150855,3.441995449407669,gbaf,1,0.6730023417431856
amazon_books,gbaf,concat_mlp,relevance,11455,gbaf,gbaf,concat_mlp,1,0,True,0.9605727374623336,0.9935924560517747,concat_mlp,0,-0.03301971858944108,,,NA,,,,,NA,,,88.4,206.4,concat_mlp,0.0,-118.0,0.018691131383277083,0.009680454498239965,gbaf,1,0.009010676885037119,3.4724198932879284,3.196749436950466,gbaf,1,0.27567045633746234
amazon_books,gbaf,concat_mlp,relevance,6885,gbaf,gbaf,concat_mlp,1,0,True,0.9797697668864939,0.9880137771863347,concat_mlp,0,-0.008244010299840787,,,NA,,,,,NA,,,101.0,122.9,concat_mlp,0.0,-21.900000000000006,0.02118394900686741,0.016181284488923357,gbaf,1,0.005002664517944053,3.374828170390839,3.3700061892718707,gbaf,1,0.004821981118968477
amazon_books,gbaf,concat_mlp,relevance,1322,gbaf,gbaf,concat_mlp,1,0,True,0.9879678798392076,0.9950776422193605,concat_mlp,0,-0.007109762380152818,,,NA,,,,,NA,,,185.5,112.1,gbaf,1.0,73.4,0.014941715715495376,0.01028073665361857,gbaf,1,0.004660979061876807,2.8234878734084026,2.5121228810918645,gbaf,1,0.311364992316538
amazon_books,gbaf,concat_mlp,relevance,1866,gbaf,gbaf,concat_mlp,1,0,True,0.9012123086175214,0.9795728197998922,concat_mlp,0,-0.07836051118237075,,,NA,,,,,NA,,,66.4,63.6,gbaf,1.0,2.8000000000000043,0.047044088826308325,0.014651933660621867,gbaf,1,0.032392155165686456,2.9233955100563636,3.1546536569892423,concat_mlp,0,-0.23125814693287872
amazon_books,gbaf,concat_mlp,relevance,10368,gbaf,gbaf,concat_mlp,1,0,True,0.9742458224773597,0.9945138253759932,concat_mlp,0,-0.020268002898633508,,,NA,,,,,NA,,,71.3,37.0,gbaf,1.0,34.3,0.022044853022594547,0.014313197065554516,gbaf,1,0.007731655957040031,3.1135113916592836,3.5599216862281224,concat_mlp,0,-0.44641029456883885
amazon_books,gbaf,concat_mlp,relevance,8680,gbaf,gbaf,concat_mlp,1,0,True,0.9032178400995011,0.9804135810341078,concat_mlp,0,-0.07719574093460668,,,NA,,,,,NA,,,233.3,146.2,gbaf,1.0,87.10000000000002,0.09847517268444296,0.021994721850926293,gbaf,1,0.07648045083351666,4.486045158152754,4.9542945913820065,concat_mlp,0,-0.4682494332292526
amazon_books,gbaf,concat_mlp,relevance,3864,concat_mlp,gbaf,concat_mlp,0,1,True,0.9447608608611788,0.9587626239307694,concat_mlp,1,0.014001763069590556,,,NA,,,,,NA,,,52.5,77.6,concat_mlp,1.0,25.099999999999994,0.028960402576144316,0.009200775883227737,gbaf,0,-0.01975962669291658,3.4107609869249487,3.948940753376474,concat_mlp,1,0.5381797664515253
amazon_books,gbaf,concat_mlp,relevance,9111,gbaf,gbaf,concat_mlp,1,0,True,0.968263113332968,0.9849938301020834,concat_mlp,0,-0.016730716769115417,,,NA,,,,,NA,,,242.2,276.5,concat_mlp,0.0,-34.30000000000001,0.02197970585602448,0.014973511947752793,gbaf,1,0.007006193908271686,3.537562484513683,2.965103205951183,gbaf,1,0.5724592785625
amazon_books,gbaf,concat_mlp,relevance,4263,gbaf,gbaf,concat_mlp,1,0,True,0.9176924325435261,0.9737731417933679,concat_mlp,0,-0.056080709249841876,,,NA,,,,,NA,,,931.2,502.6,gbaf,1.0,428.6,0.04306714587818915,0.018885504841414488,gbaf,1,0.02418164103677466,4.239680976078844,5.026556299661344,concat_mlp,0,-0.7868753235824997
amazon_books,gbaf,concat_mlp,relevance,1015,gbaf,gbaf,concat_mlp,1,0,True,0.9273354076620467,0.9921169295917768,concat_mlp,0,-0.06478152192973008,,,NA,,,,,NA,,,94.7,77.2,gbaf,1.0,17.5,0.052785946466242545,0.012632072565666485,gbaf,1,0.04015387390057606,3.0815527732544843,2.6209202701381704,gbaf,1,0.4606325031163139
amazon_books,gbaf,concat_mlp,relevance,2794,concat_mlp,gbaf,concat_mlp,0,1,True,0.963493158511345,0.9719781015853289,concat_mlp,1,0.008484943073983953,,,NA,,,,,NA,,,290.0,351.2,concat_mlp,1.0,61.19999999999999,0.015687121359823107,0.018001035763338117,concat_mlp,1,0.00231391440351501,3.1187960256579936,2.8371086031422577,gbaf,0,-0.281687422515736
amazon_books,gbaf,concat_mlp,relevance,12068,concat_mlp,gbaf,concat_mlp,0,1,True,0.9487154557317458,0.9856823325679311,concat_mlp,1,0.03696687683618538,,,NA,,,,,NA,,,250.5,100.0,gbaf,0.0,-150.5,0.024181230474485536,0.01231075106427772,gbaf,0,-0.011870479410207815,3.1103089681665184,2.9795201850341404,gbaf,0,-0.13078878313237796
amazon_books,gbaf,fixed,balanced,11134,gbaf,gbaf,fixed,1,0,True,0.9328785411336216,0.9717745861589527,fixed,0,-0.03889604502533117,,,NA,,,,,NA,,,75.1,83.3,fixed,0.0,-8.200000000000003,0.04514951080318639,0.025696819172969468,gbaf,1,0.01945269163021692,3.0339079316998756,3.7383378358437596,fixed,0,-0.704429904143884
amazon_books,gbaf,fixed,balanced,4473,fixed,gbaf,fixed,0,1,True,0.9796582231876622,0.9792159154189454,gbaf,0,-0.00044230776871678756,,,NA,,,,,NA,,,90.1,255.6,fixed,1.0,165.5,0.015945095189841493,0.012754481172388614,gbaf,0,-0.003190614017452879,3.138165064387191,2.915343997953559,gbaf,0,-0.2228210664336321
amazon_books,gbaf,fixed,balanced,4457,fixed,gbaf,fixed,0,1,True,0.8760682374844316,0.6622210044388673,gbaf,0,-0.2138472330455643,,,NA,,,,,NA,,,59.1,77.7,fixed,1.0,18.6,0.1076586400768909,0.19613975480957946,fixed,1,0.08848111473268856,4.722053141457183,4.159083344521509,gbaf,0,-0.5629697969356737
amazon_books,gbaf,fixed,balanced,12090,gbaf,gbaf,fixed,1,0,True,0.8800324846105901,0.9194476764384281,fixed,0,-0.039415191827837925,,,NA,,,,,NA,,,66.5,81.4,fixed,0.0,-14.900000000000006,0.15781557746939945,0.12444764503193437,gbaf,1,0.03336793243746508,3.5332508039671318,2.565150510929643,gbaf,1,0.9681002930374887
amazon_books,gbaf,fixed,balanced,9664,fixed,gbaf,fixed,0,1,True,0.9280146580699954,0.9871304940713787,fixed,1,0.05911583600138326,,,NA,,,,,NA,,,54.9,39.5,gbaf,0.0,-15.399999999999999,0.03878468797821793,0.009520808166742011,gbaf,0,-0.029263879811475917,4.114997791150855,2.827021329957683,gbaf,0,-1.2879764611931717
amazon_books,gbaf,fixed,balanced,6885,gbaf,gbaf,fixed,1,0,True,0.9797697668864939,0.9730673423714712,gbaf,1,0.006702424515022676,,,NA,,,,,NA,,,101.0,119.6,fixed,0.0,-18.599999999999994,0.02118394900686741,0.023830077758133995,fixed,0,-0.0026461287512665847,3.374828170390839,2.884152053479076,gbaf,1,0.49067611691176305
amazon_books,gbaf,fixed,balanced,900,fixed,gbaf,fixed,0,1,True,0.9800659177169307,0.9315044719994775,gbaf,0,-0.048561445717453244,,,NA,,,,,NA,,,86.1,119.3,fixed,1.0,33.2,0.03833056312557425,0.07569148301027552,fixed,1,0.03736091988470127,3.362616792314938,3.225269641745077,gbaf,0,-0.13734715056986113
amazon_books,gbaf,fixed,balanced,1866,gbaf,gbaf,fixed,1,0,True,0.9012123086175214,0.9433006622831731,fixed,0,-0.04208835366565167,,,NA,,,,,NA,,,66.4,85.2,fixed,0.0,-18.799999999999997,0.047044088826308325,0.023300480204678075,gbaf,1,0.02374360862163025,2.9233955100563636,3.2192989096781233,fixed,0,-0.2959033996217597
amazon_books,gbaf,fixed,balanced,906,fixed,gbaf,fixed,0,1,True,0.9559365192143743,0.8471643650219047,gbaf,0,-0.10877215419246955,,,NA,,,,,NA,,,180.5,152.4,gbaf,0.0,-28.099999999999994,0.02916707272074542,0.028430449579338882,gbaf,0,-0.000736623141406538,3.0332730406344974,2.7400027685978103,gbaf,0,-0.2932702720366871
amazon_books,gbaf,fixed,balanced,2794,gbaf,gbaf,fixed,1,0,True,0.963493158511345,0.9645643819829914,fixed,0,-0.0010712234716464542,,,NA,,,,,NA,,,290.0,75.2,gbaf,1.0,214.8,0.015687121359823107,0.032560163507473566,fixed,0,-0.01687304214765046,3.1187960256579936,2.7467488967415354,gbaf,1,0.3720471289164582
amazon_books,gbaf,fixed,balanced,2723,gbaf,gbaf,fixed,1,0,True,0.9734535689159328,0.9938609742055556,fixed,0,-0.020407405289622815,,,NA,,,,,NA,,,51.7,39.5,gbaf,1.0,12.200000000000003,0.04876149422192163,0.019234684780759338,gbaf,1,0.029526809441162292,4.058664261581308,3.454948540502266,gbaf,1,0.603715721079042
amazon_books,gbaf,fixed,diversity,10671,fixed,gbaf,fixed,0,1,True,0.970874454731535,0.9883326914180967,fixed,1,0.017458236686561657,,,NA,,,,,NA,,,83.1,92.9,fixed,1.0,9.800000000000011,0.03041034223572125,0.006506615811599834,gbaf,0,-0.02390372642412142,3.913304069180789,3.018461467040043,gbaf,0,-0.8948426021407463
amazon_books,gbaf,fixed,diversity,1937,gbaf,gbaf,fixed,1,0,True,0.9882019741078724,0.9564484724392782,gbaf,1,0.03175350166859414,,,NA,,,,,NA,,,102.6,91.3,gbaf,1.0,11.299999999999997,0.008912530406345851,0.015609480230463992,fixed,0,-0.006696949824118141,3.8859188229673167,2.800890845626598,gbaf,1,1.0850279773407188
amazon_books,gbaf,fixed,diversity,4457,fixed,gbaf,fixed,0,1,True,0.8760682374844316,0.6622210044388673,gbaf,0,-0.2138472330455643,,,NA,,,,,NA,,,59.1,77.7,fixed,1.0,18.6,0.1076586400768909,0.19613975480957946,fixed,1,0.08848111473268856,4.722053141457183,4.159083344521509,gbaf,0,-0.5629697969356737
amazon_books,gbaf,fixed,diversity,11015,gbaf,gbaf,fixed,1,0,True,0.9795954377370175,0.9743663118607391,gbaf,1,0.00522912587627844,,,NA,,,,,NA,,,193.5,228.1,fixed,0.0,-34.599999999999994,0.013756004699078261,0.016267774218852806,fixed,0,-0.002511769519774545,3.9145437457177836,3.512294072148541,gbaf,1,0.40224967356924246
amazon_books,gbaf,fixed,diversity,296,fixed,gbaf,fixed,0,1,True,0.985330939470904,0.9754723257102755,gbaf,0,-0.009858613760628465,,,NA,,,,,NA,,,49.6,59.5,fixed,1.0,9.899999999999999,0.02294135001470743,0.017671784486672715,gbaf,0,-0.0052695655280347135,3.455032032041811,3.060481845472498,gbaf,0,-0.39455018656931307
amazon_books,gbaf,fixed,diversity,1754,gbaf,gbaf,fixed,1,0,True,0.9718490704617675,0.9217952167916923,gbaf,1,0.0500538536700752,,,NA,,,,,NA,,,86.6,43.6,gbaf,1.0,42.99999999999999,0.0278296604833731,0.013103784913609456,gbaf,1,0.014725875569763645,2.8038496413451472,3.3428214444611273,fixed,0,-0.53897180311598
amazon_books,gbaf,fixed,diversity,4611,gbaf,gbaf,fixed,1,0,True,0.974471017506809,0.9679098513530932,gbaf,1,0.006561166153715825,,,NA,,,,,NA,,,513.5,112.9,gbaf,1.0,400.6,0.020672629815677974,0.05028268351085485,fixed,0,-0.02961005369517688,4.281036605015977,2.9571129172552277,gbaf,1,1.3239236877607494
amazon_books,gbaf,fixed,diversity,12090,gbaf,gbaf,fixed,1,0,True,0.8800324846105901,0.9194476764384281,fixed,0,-0.039415191827837925,,,NA,,,,,NA,,,66.5,81.4,fixed,0.0,-14.900000000000006,0.15781557746939945,0.12444764503193437,gbaf,1,0.03336793243746508,3.5332508039671318,2.565150510929643,gbaf,1,0.9681002930374887
amazon_books,gbaf,fixed,diversity,9664,fixed,gbaf,fixed,0,1,True,0.9280146580699954,0.9871304940713787,fixed,1,0.05911583600138326,,,NA,,,,,NA,,,54.9,39.5,gbaf,0.0,-15.399999999999999,0.03878468797821793,0.009520808166742011,gbaf,0,-0.029263879811475917,4.114997791150855,2.827021329957683,gbaf,0,-1.2879764611931717
amazon_books,gbaf,fixed,diversity,2553,fixed,gbaf,fixed,0,1,True,0.9697716404782513,0.9784285111191614,fixed,1,0.008656870640910141,,,NA,,,,,NA,,,265.1,217.8,gbaf,0.0,-47.30000000000001,0.02723117544273451,0.02284661363977094,gbaf,0,-0.004384561802963569,2.945601642153302,3.005722870569051,fixed,1,0.06012122841574907
amazon_books,gbaf,fixed,diversity,2723,gbaf,gbaf,fixed,1,0,True,0.9734535689159328,0.9938609742055556,fixed,0,-0.020407405289622815,,,NA,,,,,NA,,,51.7,39.5,gbaf,1.0,12.200000000000003,0.04876149422192163,0.019234684780759338,gbaf,1,0.029526809441162292,4.058664261581308,3.454948540502266,gbaf,1,0.603715721079042
amazon_books,gbaf,fixed,novelty,3606,fixed,gbaf,fixed,0,1,True,0.9524665338615855,0.979175136052511,fixed,1,0.026708602190925523,,,NA,,,,,NA,,,97.3,77.1,gbaf,0.0,-20.200000000000003,0.03239843102006898,0.0263047763914998,gbaf,0,-0.00609365462856918,4.369127633367538,3.9046788061985636,gbaf,0,-0.4644488271689742
amazon_books,gbaf,fixed,novelty,11974,gbaf,gbaf,fixed,1,0,True,0.9816933189200936,0.9664186578656856,gbaf,1,0.015274661054408,,,NA,,,,,NA,,,81.8,56.1,gbaf,1.0,25.699999999999996,0.007545614611171898,0.024705096306236997,fixed,0,-0.0171594816950651,2.783861033944974,2.6064383348983324,gbaf,1,0.17742269904664143
amazon_books,gbaf,fixed,novelty,5237,fixed,gbaf,fixed,0,1,True,0.9845826495141352,0.9707653397971544,gbaf,0,-0.013817309716980808,,,NA,,,,,NA,,,35.8,119.0,fixed,1.0,83.2,0.009949093797752669,0.024259744450778113,fixed,1,0.014310650653025444,4.108810408763262,3.7778717042254684,gbaf,0,-0.33093870453779406
amazon_books,gbaf,fixed,novelty,8215,gbaf,gbaf,fixed,1,0,True,0.9867767136740908,0.9556462706084079,gbaf,1,0.03113044306568291,,,NA,,,,,NA,,,111.6,192.3,fixed,0.0,-80.70000000000002,0.01777897986982429,0.02062824730583964,fixed,0,-0.0028492674360153514,3.9915382976230886,2.7257179374081235,gbaf,1,1.2658203602149651
amazon_books,gbaf,fixed,novelty,5989,fixed,gbaf,fixed,0,1,True,0.9654442771463121,0.9698756123403112,fixed,1,0.004431335193999075,,,NA,,,,,NA,,,436.6,431.5,gbaf,0.0,-5.100000000000023,0.02902414770945906,0.026334991354843428,gbaf,0,-0.0026891563546156336,4.34748043685647,3.392218149153827,gbaf,0,-0.9552622877026433
amazon_books,gbaf,fixed,novelty,4611,gbaf,gbaf,fixed,1,0,True,0.974471017506809,0.9679098513530932,gbaf,1,0.006561166153715825,,,NA,,,,,NA,,,513.5,112.9,gbaf,1.0,400.6,0.020672629815677974,0.05028268351085485,fixed,0,-0.02961005369517688,4.281036605015977,2.9571129172552277,gbaf,1,1.3239236877607494
amazon_books,gbaf,fixed,novelty,12090,fixed,gbaf,fixed,0,1,True,0.8800324846105901,0.9194476764384281,fixed,1,0.039415191827837925,,,NA,,,,,NA,,,66.5,81.4,fixed,1.0,14.900000000000006,0.15781557746939945,0.12444764503193437,gbaf,0,-0.03336793243746508,3.5332508039671318,2.565150510929643,gbaf,0,-0.9681002930374887
amazon_books,gbaf,fixed,novelty,9664,fixed,gbaf,fixed,0,1,True,0.9280146580699954,0.9871304940713787,fixed,1,0.05911583600138326,,,NA,,,,,NA,,,54.9,39.5,gbaf,0.0,-15.399999999999999,0.03878468797821793,0.009520808166742011,gbaf,0,-0.029263879811475917,4.114997791150855,2.827021329957683,gbaf,0,-1.2879764611931717
amazon_books,gbaf,fixed,novelty,5158,fixed,gbaf,fixed,0,1,True,0.9654203746969481,0.9586914428976607,gbaf,0,-0.006728931799287352,,,NA,,,,,NA,,,61.6,129.9,fixed,1.0,68.30000000000001,0.009920354358260774,0.01186539319596873,fixed,1,0.0019450388377079547,3.6228942707065483,2.7607821538478303,gbaf,0,-0.862112116858718
amazon_books,gbaf,fixed,novelty,900,gbaf,gbaf,fixed,1,0,True,0.9800659177169307,0.9315044719994775,gbaf,1,0.048561445717453244,,,NA,,,,,NA,,,86.1,119.3,fixed,0.0,-33.2,0.03833056312557425,0.07569148301027552,fixed,0,-0.03736091988470127,3.362616792314938,3.225269641745077,gbaf,1,0.13734715056986113
amazon_books,gbaf,fixed,novelty,1322,gbaf,gbaf,fixed,1,0,True,0.9879678798392076,0.9563108521964021,gbaf,1,0.031657027642805535,,4.0,NA,,,,2.0,NA,,,185.5,438.7,fixed,0.0,-253.2,0.014941715715495376,0.012817404065534605,gbaf,1,0.0021243116499607712,2.8234878734084026,2.662663634119352,gbaf,1,0.16082423928905065
amazon_books,gbaf,fixed,novelty,1866,gbaf,gbaf,fixed,1,0,True,0.9012123086175214,0.9433006622831731,fixed,0,-0.04208835366565167,,,NA,,,,,NA,,,66.4,85.2,fixed,0.0,-18.799999999999997,0.047044088826308325,0.023300480204678075,gbaf,1,0.02374360862163025,2.9233955100563636,3.2192989096781233,fixed,0,-0.2959033996217597
amazon_books,gbaf,fixed,novelty,552,gbaf,gbaf,fixed,1,0,True,0.9675511065461113,0.9834339497257034,fixed,0,-0.0158828431795921,,,NA,,,,,NA,,,161.8,140.6,gbaf,1.0,21.200000000000017,0.0166879505777054,0.0127605263934472,gbaf,1,0.003927424184258201,4.958196758513294,4.488051853249007,gbaf,1,0.470144905264287
amazon_books,gbaf,fixed,novelty,6638,fixed,gbaf,fixed,0,1,True,0.9872445030556851,0.9687320468315944,gbaf,0,-0.0185124562240907,,,NA,,,,,NA,,,179.6,147.9,gbaf,0.0,-31.69999999999999,0.015427039826844579,0.019328155589723027,fixed,1,0.003901115762878448,2.951481307921301,2.4996579141556685,gbaf,0,-0.45182339376563263
amazon_books,gbaf,fixed,novelty,1804,fixed,gbaf,fixed,0,1,True,0.9617826000622505,0.9794349140705382,fixed,1,0.017652314008287706,,4.0,NA,,,,2.0,NA,,,187.5,428.6,fixed,1.0,241.10000000000002,0.027131060726357143,0.019816035766316614,gbaf,0,-0.0073150249600405295,3.4313916113112386,2.9385672097028595,gbaf,0,-0.49282440160837915
amazon_books,gbaf,fixed,novelty,8679,gbaf,gbaf,fixed,1,0,True,0.971108757034261,0.9520412804476845,gbaf,1,0.01906747658657648,,,NA,,,,,NA,,,124.0,70.5,gbaf,1.0,53.5,0.020320758046860905,0.02635703323905454,fixed,0,-0.006036275192193633,3.192876217000409,2.7984719864508336,gbaf,1,0.3944042305495752
amazon_books,gbaf,fixed,novelty,4263,gbaf,gbaf,fixed,1,0,True,0.9176924325435261,0.9298902160461586,fixed,0,-0.012197783502632564,,,NA,,,,,NA,,,931.2,577.6,gbaf,1.0,353.6,0.04306714587818915,0.04175788462316747,gbaf,1,0.0013092612550216765,4.239680976078844,3.266011643714246,gbaf,1,0.9736693323645982
amazon_books,gbaf,fixed,novelty,5335,gbaf,gbaf,fixed,1,0,True,0.98741777925589,0.9614255103774421,gbaf,1,0.025992268878447966,,,NA,,,,,NA,,,141.5,231.4,fixed,0.0,-89.9,0.016073394994112766,0.01706534113627427,fixed,0,-0.0009919461421615053,3.5132592931508944,3.298228503016033,gbaf,1,0.21503079013486115
amazon_books,gbaf,fixed,novelty,2553,fixed,gbaf,fixed,0,1,True,0.9697716404782513,0.9784285111191614,fixed,1,0.008656870640910141,,,NA,,,,,NA,,,265.1,217.8,gbaf,0.0,-47.30000000000001,0.02723117544273451,0.02284661363977094,gbaf,0,-0.004384561802963569,2.945601642153302,3.005722870569051,fixed,1,0.06012122841574907
amazon_books,gbaf,fixed,novelty,5564,gbaf,gbaf,fixed,1,0,True,0.9302158810887259,0.9486027542728566,fixed,0,-0.01838687318413068,,,NA,,,,,NA,,,195.2,163.2,gbaf,1.0,32.0,0.06142551745470918,0.044962830652469886,gbaf,1,0.016462686802239293,3.301488616863323,3.0990225649889305,gbaf,1,0.2024660518743926
amazon_books,gbaf,fixed,novelty,12068,gbaf,gbaf,fixed,1,0,True,0.9487154557317458,0.9192062964092516,gbaf,1,0.029509159322494205,,,NA,,,,,NA,,,250.5,76.5,gbaf,1.0,174.0,0.024181230474485536,0.019899755871404797,gbaf,1,0.0042814746030807385,3.1103089681665184,2.6875388567277083,gbaf,1,0.42277011143881005
amazon_books,gbaf,fixed,relevance,10671,gbaf,gbaf,fixed,1,0,True,0.970874454731535,0.9883326914180967,fixed,0,-0.017458236686561657,,,NA,,,,,NA,,,83.1,92.9,fixed,0.0,-9.800000000000011,0.03041034223572125,0.006506615811599834,gbaf,1,0.02390372642412142,3.913304069180789,3.018461467040043,gbaf,1,0.8948426021407463
amazon_books,gbaf,fixed,relevance,4473,gbaf,gbaf,fixed,1,0,True,0.9796582231876622,0.9792159154189454,gbaf,1,0.00044230776871678756,,,NA,,,,,NA,,,90.1,255.6,fixed,0.0,-165.5,0.015945095189841493,0.012754481172388614,gbaf,1,0.003190614017452879,3.138165064387191,2.915343997953559,gbaf,1,0.2228210664336321
amazon_books,gbaf,fixed,relevance,1937,gbaf,gbaf,fixed,1,0,True,0.9882019741078724,0.9564484724392782,gbaf,1,0.03175350166859414,,,NA,,,,,NA,,,102.6,91.3,gbaf,1.0,11.299999999999997,0.008912530406345851,0.015609480230463992,fixed,0,-0.006696949824118141,3.8859188229673167,2.800890845626598,gbaf,1,1.0850279773407188
amazon_books,gbaf,fixed,relevance,5989,gbaf,gbaf,fixed,1,0,True,0.9654442771463121,0.9698756123403112,fixed,0,-0.004431335193999075,,,NA,,,,,NA,,,436.6,431.5,gbaf,1.0,5.100000000000023,0.02902414770945906,0.026334991354843428,gbaf,1,0.0026891563546156336,4.34748043685647,3.392218149153827,gbaf,1,0.9552622877026433
amazon_books,gbaf,fixed,relevance,4611,fixed,gbaf,fixed,0,1,True,0.974471017506809,0.9679098513530932,gbaf,0,-0.006561166153715825,,,NA,,,,,NA,,,513.5,112.9,gbaf,0.0,-400.6,0.020672629815677974,0.05028268351085485,fixed,1,0.02961005369517688,4.281036605015977,2.9571129172552277,gbaf,0,-1.3239236877607494
amazon_books,gbaf,fixed,relevance,5158,fixed,gbaf,fixed,0,1,True,0.9654203746969481,0.9586914428976607,gbaf,0,-0.006728931799287352,,,NA,,,,,NA,,,61.6,129.9,fixed,1.0,68.30000000000001,0.009920354358260774,0.01186539319596873,fixed,1,0.0019450388377079547,3.6228942707065483,2.7607821538478303,gbaf,0,-0.862112116858718
amazon_books,gbaf,fixed,relevance,900,gbaf,gbaf,fixed,1,0,True,0.9800659177169307,0.9315044719994775,gbaf,1,0.048561445717453244,,,NA,,,,,NA,,,86.1,119.3,fixed,0.0,-33.2,0.03833056312557425,0.07569148301027552,fixed,0,-0.03736091988470127,3.362616792314938,3.225269641745077,gbaf,1,0.13734715056986113
amazon_books,gbaf,fixed,relevance,906,fixed,gbaf,fixed,0,1,True,0.9559365192143743,0.8471643650219047,gbaf,0,-0.10877215419246955,,,NA,,,,,NA,,,180.5,152.4,gbaf,0.0,-28.099999999999994,0.02916707272074542,0.028430449579338882,gbaf,0,-0.000736623141406538,3.0332730406344974,2.7400027685978103,gbaf,0,-0.2932702720366871
amazon_books,gbaf,fixed,relevance,8679,gbaf,gbaf,fixed,1,0,True,0.971108757034261,0.9520412804476845,gbaf,1,0.01906747658657648,,,NA,,,,,NA,,,124.0,70.5,gbaf,1.0,53.5,0.020320758046860905,0.02635703323905454,fixed,0,-0.006036275192193633,3.192876217000409,2.7984719864508336,gbaf,1,0.3944042305495752
amazon_books,gbaf,fixed,relevance,2794,gbaf,gbaf,fixed,1,0,True,0.963493158511345,0.9645643819829914,fixed,0,-0.0010712234716464542,,,NA,,,,,NA,,,290.0,75.2,gbaf,1.0,214.8,0.015687121359823107,0.032560163507473566,fixed,0,-0.01687304214765046,3.1187960256579936,2.7467488967415354,gbaf,1,0.3720471289164582
amazon_books,gbaf,fixed,relevance,12068,fixed,gbaf,fixed,0,1,True,0.9487154557317458,0.9192062964092516,gbaf,0,-0.029509159322494205,,,NA,,,,,NA,,,250.5,76.5,gbaf,0.0,-174.0,0.024181230474485536,0.019899755871404797,gbaf,0,-0.0042814746030807385,3.1103089681665184,2.6875388567277083,gbaf,0,-0.42277011143881005
amazon_books,gradnorm_only,concat_mlp,balanced,4473,gradnorm_only,gradnorm_only,concat_mlp,1,0,True,0.9855077500158123,0.9895231843785174,concat_mlp,0,-0.004015434362705128,,,NA,,,,,NA,,,79.6,94.7,concat_mlp,0.0,-15.100000000000009,0.013388375170054647,0.013749614900168006,concat_mlp,0,-0.0003612397301133597,3.29020276667064,3.273581553778122,gradnorm_only,1,0.016621212892518056
amazon_books,gradnorm_only,concat_mlp,balanced,1937,gradnorm_only,gradnorm_only,concat_mlp,1,0,True,0.9904960707935799,0.9980140681439773,concat_mlp,0,-0.007517997350397376,,,NA,,,,,NA,,,65.6,50.7,gradnorm_only,1.0,14.899999999999991,0.007729595982002247,0.007387176665255808,gradnorm_only,1,0.00034241931674643816,3.667079666802735,3.271641574919296,gradnorm_only,1,0.39543809188343904
amazon_books,gradnorm_only,concat_mlp,balanced,11974,gradnorm_only,gradnorm_only,concat_mlp,1,0,True,0.990997934951934,0.9763485121944298,gradnorm_only,1,0.014649422757504249,,,NA,,,,,NA,,,74.9,3.7,gradnorm_only,1.0,71.2,0.008270059029224121,0.023445712516070895,concat_mlp,0,-0.015175653486846774,2.6482205364054243,2.5687872753467316,gradnorm_only,1,0.07943326105869275
amazon_books,gradnorm_only,concat_mlp,balanced,4457,concat_mlp,gradnorm_only,concat_mlp,0,1,True,0.9723599922953514,0.9501055304222669,gradnorm_only,0,-0.022254461873084552,,,NA,,,,,NA,,,83.9,89.7,concat_mlp,1.0,5.799999999999997,0.013603606148767235,0.014133896029909943,concat_mlp,1,0.0005302898811427072,5.459391130506063,5.05277671682614,gradnorm_only,0,-0.40661441367992257
amazon_books,gradnorm_only,concat_mlp,balanced,1754,concat_mlp,gradnorm_only,concat_mlp,0,1,True,0.9708487407397786,0.9601852968385698,gradnorm_only,0,-0.010663443901208769,,,NA,,,,,NA,,,54.7,79.6,concat_mlp,1.0,24.89999999999999,0.017471720939951307,0.02055637941028034,concat_mlp,1,0.003084658470329033,2.8069554962075367,2.777370301896186,gradnorm_only,0,-0.029585194311350538
amazon_books,gradnorm_only,concat_mlp,balanced,4611,gradnorm_only,gradnorm_only,concat_mlp,1,0,True,0.9739780760570163,0.9833866952224041,concat_mlp,0,-0.009408619165387822,,,NA,,,,,NA,,,403.2,357.2,gradnorm_only,1.0,46.0,0.020774051515332136,0.015068591339076471,gradnorm_only,1,0.005705460176255665,4.873490263210028,4.228960533896851,gradnorm_only,1,0.6445297293131773
amazon_books,gradnorm_only,concat_mlp,balanced,5044,concat_mlp,gradnorm_only,concat_mlp,0,1,True,0.7764456314878206,0.9646058373512053,concat_mlp,1,0.18816020586338467,,,NA,,,,,NA,,,74.1,89.9,concat_mlp,1.0,15.800000000000011,0.09784553399281035,0.045887902175340625,gradnorm_only,0,-0.05195763181746972,3.547109270610119,3.6850521293273957,concat_mlp,1,0.13794285871727663
amazon_books,gradnorm_only,concat_mlp,balanced,1322,concat_mlp,gradnorm_only,concat_mlp,0,1,True,0.9783028808455367,0.9950776422193605,concat_mlp,1,0.01677476137382372,,,NA,,,,,NA,,,293.0,112.1,gradnorm_only,0.0,-180.9,0.01943241353919154,0.01028073665361857,gradnorm_only,0,-0.009151676885572972,2.6535624602149417,2.5121228810918645,gradnorm_only,0,-0.14143957912307714
amazon_books,gradnorm_only,concat_mlp,balanced,1866,gradnorm_only,gradnorm_only,concat_mlp,1,0,True,0.982822506508641,0.9795728197998922,gradnorm_only,1,0.0032496867087488113,,,NA,,,,,NA,,,78.0,63.6,gradnorm_only,1.0,14.399999999999999,0.03402958207027035,0.014651933660621867,gradnorm_only,1,0.01937764840964848,3.4917972597925067,3.1546536569892423,gradnorm_only,1,0.3371436028032644
amazon_books,gradnorm_only,concat_mlp,balanced,10368,gradnorm_only,gradnorm_only,concat_mlp,1,0,True,0.985582748990632,0.9945138253759932,concat_mlp,0,-0.00893107638536117,,,NA,,,,,NA,,,65.2,37.0,gradnorm_only,1.0,28.200000000000003,0.020395125677327864,0.014313197065554516,gradnorm_only,1,0.006081928611773348,3.048408150982366,3.5599216862281224,concat_mlp,0,-0.5115135352457565
amazon_books,gradnorm_only,concat_mlp,balanced,10324,concat_mlp,gradnorm_only,concat_mlp,0,1,True,0.9885801679173211,0.8681625703763789,gradnorm_only,0,-0.12041759754094217,,,NA,,,,,NA,,,121.0,203.6,concat_mlp,1.0,82.6,0.010971237638678326,0.014484521438085898,concat_mlp,1,0.003513283799407572,4.7239550594290645,4.271528206079626,gradnorm_only,0,-0.4524268533494382
amazon_books,gradnorm_only,concat_mlp,balanced,1015,gradnorm_only,gradnorm_only,concat_mlp,1,0,True,0.9367881449252511,0.9921169295917768,concat_mlp,0,-0.05532878466652569,,,NA,,,,,NA,,,99.2,77.2,gradnorm_only,1.0,22.0,0.039019380911560125,0.012632072565666485,gradnorm_only,1,0.02638730834589364,3.22522740590668,2.6209202701381704,gradnorm_only,1,0.6043071357685097
amazon_books,gradnorm_only,concat_mlp,balanced,5564,gradnorm_only,gradnorm_only,concat_mlp,1,0,True,0.8804355120288063,0.9800165331167618,concat_mlp,0,-0.09958102108795552,,,NA,,,,,NA,,,165.1,82.6,gradnorm_only,1.0,82.5,0.06798378282571675,0.013293447514425747,gradnorm_only,1,0.054690335311291007,3.2441204109912656,2.8089088996683254,gradnorm_only,1,0.4352115113229402
amazon_books,gradnorm_only,concat_mlp,diversity,11134,gradnorm_only,gradnorm_only,concat_mlp,1,0,True,0.9850167086483277,0.9779721673834195,gradnorm_only,1,0.007044541264908166,,,NA,,,,,NA,,,45.0,20.7,gradnorm_only,1.0,24.3,0.0572266532667461,0.02930770821314861,gradnorm_only,1,0.027918945053597488,3.148934742398862,3.230970560988664,concat_mlp,0,-0.08203581858980202
amazon_books,gradnorm_only,concat_mlp,diversity,7688,gradnorm_only,gradnorm_only,concat_mlp,1,0,True,0.971276359752077,0.9618584360815464,gradnorm_only,1,0.009417923670530626,,,NA,,,,,NA,,,291.8,115.7,gradnorm_only,1.0,176.10000000000002,0.03135057187297412,0.028704839984990765,gradnorm_only,1,0.002645731887983352,3.4337719933543234,4.0956369001374675,concat_mlp,0,-0.6618649067831441
amazon_books,gradnorm_only,concat_mlp,diversity,1937,gradnorm_only,gradnorm_only,concat_mlp,1,0,True,0.9904960707935799,0.9980140681439773,concat_mlp,0,-0.007517997350397376,,,NA,,,,,NA,,,65.6,50.7,gradnorm_only,1.0,14.899999999999991,0.007729595982002247,0.007387176665255808,gradnorm_only,1,0.00034241931674643816,3.667079666802735,3.271641574919296,gradnorm_only,1,0.39543809188343904
amazon_books,gradnorm_only,concat_mlp,diversity,11974,gradnorm_only,gradnorm_only,concat_mlp,1,0,True,0.990997934951934,0.9763485121944298,gradnorm_only,1,0.014649422757504249,,,NA,,,,,NA,,,74.9,3.7,gradnorm_only,1.0,71.2,0.008270059029224121,0.023445712516070895,concat_mlp,0,-0.015175653486846774,2.6482205364054243,2.5687872753467316,gradnorm_only,1,0.07943326105869275
amazon_books,gradnorm_only,concat_mlp,diversity,5237,concat_mlp,gradnorm_only,concat_mlp,0,1,True,0.9743860833001768,0.9946654487103727,concat_mlp,1,0.020279365410195815,,,NA,,,,,NA,,,86.7,62.4,gradnorm_only,0.0,-24.300000000000004,0.019456586237345207,0.016050480511218358,gradnorm_only,0,-0.003406105726126849,3.5931891193787413,3.2285352288842817,gradnorm_only,0,-0.3646538904944596
amazon_books,gradnorm_only,concat_mlp,diversity,5044,concat_mlp,gradnorm_only,concat_mlp,0,1,True,0.7764456314878206,0.9646058373512053,concat_mlp,1,0.18816020586338467,,,NA,,,,,NA,,,74.1,89.9,concat_mlp,1.0,15.800000000000011,0.09784553399281035,0.045887902175340625,gradnorm_only,0,-0.05195763181746972,3.547109270610119,3.6850521293273957,concat_mlp,1,0.13794285871727663
amazon_books,gradnorm_only,concat_mlp,diversity,5158,gradnorm_only,gradnorm_only,concat_mlp,1,0,True,0.9896467026361904,0.935737786980799,gradnorm_only,1,0.053908915655391354,,,NA,,,,,NA,,,63.5,31.2,gradnorm_only,1.0,32.3,0.01639890682757729,0.06630980556500264,concat_mlp,0,-0.04991089873742535,3.1297891632472785,3.4163404070554635,concat_mlp,0,-0.286551243808185
amazon_books,gradnorm_only,concat_mlp,diversity,1322,concat_mlp,gradnorm_only,concat_mlp,0,1,True,0.9783028808455367,0.9950776422193605,concat_mlp,1,0.01677476137382372,,,NA,,,,,NA,,,293.0,112.1,gradnorm_only,0.0,-180.9,0.01943241353919154,0.01028073665361857,gradnorm_only,0,-0.009151676885572972,2.6535624602149417,2.5121228810918645,gradnorm_only,0,-0.14143957912307714
amazon_books,gradnorm_only,concat_mlp,diversity,3864,gradnorm_only,gradnorm_only,concat_mlp,1,0,True,0.9252888809796678,0.9587626239307694,concat_mlp,0,-0.033473742951101615,,,NA,,,,,NA,,,81.7,77.6,gradnorm_only,1.0,4.1000000000000085,0.01979740027338147,0.009200775883227737,gradnorm_only,1,0.010596624390153733,3.475561130259301,3.948940753376474,concat_mlp,0,-0.47337962311717297
amazon_books,gradnorm_only,concat_mlp,diversity,1804,gradnorm_only,gradnorm_only,concat_mlp,1,0,True,0.9773097861974867,0.975469096652272,gradnorm_only,1,0.0018406895452146577,,,NA,,,,,NA,,,217.9,141.5,gradnorm_only,1.0,76.4,0.025241270080338933,0.025150141938944735,gradnorm_only,1,9.112814139419778e-05,3.6781515450349227,3.888597042259768,concat_mlp,0,-0.2104454972248453
amazon_books,gradnorm_only,concat_mlp,diversity,5564,concat_mlp,gradnorm_only,concat_mlp,0,1,True,0.8804355120288063,0.9800165331167618,concat_mlp,1,0.09958102108795552,,,NA,,,,,NA,,,165.1,82.6,gradnorm_only,0.0,-82.5,0.06798378282571675,0.013293447514425747,gradnorm_only,0,-0.054690335311291007,3.2441204109912656,2.8089088996683254,gradnorm_only,0,-0.4352115113229402
amazon_books,gradnorm_only,concat_mlp,diversity,2723,gradnorm_only,gradnorm_only,concat_mlp,1,0,True,0.9822139024452683,0.9716329260998516,gradnorm_only,1,0.01058097634541666,,,NA,,,,,NA,,,36.6,47.6,concat_mlp,0.0,-11.0,0.04103177674495309,0.02529069801765352,gradnorm_only,1,0.01574107872729957,4.144724555753225,3.4421246339472105,gradnorm_only,1,0.7025999218060144
amazon_books,gradnorm_only,concat_mlp,novelty,11134,gradnorm_only,gradnorm_only,concat_mlp,1,0,True,0.9850167086483277,0.9779721673834195,gradnorm_only,1,0.007044541264908166,,,NA,,,,,NA,,,45.0,20.7,gradnorm_only,1.0,24.3,0.0572266532667461,0.02930770821314861,gradnorm_only,1,0.027918945053597488,3.148934742398862,3.230970560988664,concat_mlp,0,-0.08203581858980202
amazon_books,gradnorm_only,concat_mlp,novelty,4473,gradnorm_only,gradnorm_only,concat_mlp,1,0,True,0.9855077500158123,0.9895231843785174,concat_mlp,0,-0.004015434362705128,,,NA,,,,,NA,,,79.6,94.7,concat_mlp,0.0,-15.100000000000009,0.013388375170054647,0.013749614900168006,concat_mlp,0,-0.0003612397301133597,3.29020276667064,3.273581553778122,gradnorm_only,1,0.016621212892518056
amazon_books,gradnorm_only,concat_mlp,novelty,7688,gradnorm_only,gradnorm_only,concat_mlp,1,0,True,0.971276359752077,0.9618584360815464,gradnorm_only,1,0.009417923670530626,,,NA,,,,,NA,,,291.8,115.7,gradnorm_only,1.0,176.10000000000002,0.03135057187297412,0.028704839984990765,gradnorm_only,1,0.002645731887983352,3.4337719933543234,4.0956369001374675,concat_mlp,0,-0.6618649067831441
amazon_books,gradnorm_only,concat_mlp,novelty,1937,gradnorm_only,gradnorm_only,concat_mlp,1,0,True,0.9904960707935799,0.9980140681439773,concat_mlp,0,-0.007517997350397376,,,NA,,,,,NA,,,65.6,50.7,gradnorm_only,1.0,14.899999999999991,0.007729595982002247,0.007387176665255808,gradnorm_only,1,0.00034241931674643816,3.667079666802735,3.271641574919296,gradnorm_only,1,0.39543809188343904
amazon_books,gradnorm_only,concat_mlp,novelty,11974,gradnorm_only,gradnorm_only,concat_mlp,1,0,True,0.990997934951934,0.9763485121944298,gradnorm_only,1,0.014649422757504249,,,NA,,,,,NA,,,74.9,3.7,gradnorm_only,1.0,71.2,0.008270059029224121,0.023445712516070895,concat_mlp,0,-0.015175653486846774,2.6482205364054243,2.5687872753467316,gradnorm_only,1,0.07943326105869275
amazon_books,gradnorm_only,concat_mlp,novelty,8215,concat_mlp,gradnorm_only,concat_mlp,0,1,True,0.9778645948849025,0.9820402711519018,concat_mlp,1,0.004175676266999329,,,NA,,,,,NA,,,144.6,85.6,gradnorm_only,0.0,-59.0,0.022422065106794606,0.013863465167105286,gradnorm_only,0,-0.00855859993968932,3.663910388750472,3.1605014644006832,gradnorm_only,0,-0.5034089243497886
amazon_books,gradnorm_only,concat_mlp,novelty,1754,concat_mlp,gradnorm_only,concat_mlp,0,1,True,0.9708487407397786,0.9601852968385698,gradnorm_only,0,-0.010663443901208769,,,NA,,,,,NA,,,54.7,79.6,concat_mlp,1.0,24.89999999999999,0.017471720939951307,0.02055637941028034,concat_mlp,1,0.003084658470329033,2.8069554962075367,2.777370301896186,gradnorm_only,0,-0.029585194311350538
amazon_books,gradnorm_only,concat_mlp,novelty,12090,concat_mlp,gradnorm_only,concat_mlp,0,1,True,0.8159075583354871,0.9779064945176947,concat_mlp,1,0.16199893618220762,,,NA,,,,,NA,,,76.1,122.4,concat_mlp,1.0,46.30000000000001,0.18407630517175447,0.05195288846832642,gradnorm_only,0,-0.13212341670342803,3.2907254405120367,4.06716993474423,concat_mlp,1,0.7764444942321935
amazon_books,gradnorm_only,concat_mlp,novelty,5044,concat_mlp,gradnorm_only,concat_mlp,0,1,True,0.7764456314878206,0.9646058373512053,concat_mlp,1,0.18816020586338467,,,NA,,,,,NA,,,74.1,89.9,concat_mlp,1.0,15.800000000000011,0.09784553399281035,0.045887902175340625,gradnorm_only,0,-0.05195763181746972,3.547109270610119,3.6850521293273957,concat_mlp,1,0.13794285871727663
amazon_books,gradnorm_only,concat_mlp,novelty,11577,gradnorm_only,gradnorm_only,concat_mlp,1,0,True,0.992787330442721,0.9615660800656244,gradnorm_only,1,0.031221250377096665,,,NA,,,,,NA,,,127.3,204.6,concat_mlp,0.0,-77.3,0.012932238510173954,0.01383699026375571,concat_mlp,0,-0.0009047517535817565,3.8629732815284816,4.374592140931488,concat_mlp,0,-0.511618859403006
amazon_books,gradnorm_only,concat_mlp,novelty,1866,gradnorm_only,gradnorm_only,concat_mlp,1,0,True,0.982822506508641,0.9795728197998922,gradnorm_only,1,0.0032496867087488113,,,NA,,,,,NA,,,78.0,63.6,gradnorm_only,1.0,14.399999999999999,0.03402958207027035,0.014651933660621867,gradnorm_only,1,0.01937764840964848,3.4917972597925067,3.1546536569892423,gradnorm_only,1,0.3371436028032644
amazon_books,gradnorm_only,concat_mlp,novelty,10368,gradnorm_only,gradnorm_only,concat_mlp,1,0,True,0.985582748990632,0.9945138253759932,concat_mlp,0,-0.00893107638536117,,,NA,,,,,NA,,,65.2,37.0,gradnorm_only,1.0,28.200000000000003,0.020395125677327864,0.014313197065554516,gradnorm_only,1,0.006081928611773348,3.048408150982366,3.5599216862281224,concat_mlp,0,-0.5115135352457565
amazon_books,gradnorm_only,concat_mlp,novelty,3864,gradnorm_only,gradnorm_only,concat_mlp,1,0,True,0.9252888809796678,0.9587626239307694,concat_mlp,0,-0.033473742951101615,,,NA,,,,,NA,,,81.7,77.6,gradnorm_only,1.0,4.1000000000000085,0.01979740027338147,0.009200775883227737,gradnorm_only,1,0.010596624390153733,3.475561130259301,3.948940753376474,concat_mlp,0,-0.47337962311717297
amazon_books,gradnorm_only,concat_mlp,novelty,552,concat_mlp,gradnorm_only,concat_mlp,0,1,True,0.9883080288362518,0.967666352637314,gradnorm_only,0,-0.020641676198937753,,,NA,,,,,NA,,,81.5,93.9,concat_mlp,1.0,12.400000000000006,0.008951783161494135,0.015071886087891156,concat_mlp,1,0.00612010292639702,4.9701386441522,4.9793273418178545,concat_mlp,1,0.00918869766565411
amazon_books,gradnorm_only,concat_mlp,novelty,5268,concat_mlp,gradnorm_only,concat_mlp,0,1,True,0.9686109481292683,0.9697600289735282,concat_mlp,1,0.0011490808442599088,,,NA,,,,,NA,,,158.9,215.7,concat_mlp,1.0,56.79999999999998,0.03056188785277519,0.013268534214245675,gradnorm_only,0,-0.017293353638529515,3.2580026738372547,2.984403802219412,gradnorm_only,0,-0.2735988716178426
amazon_books,gradnorm_only,concat_mlp,novelty,10324,gradnorm_only,gradnorm_only,concat_mlp,1,0,True,0.9885801679173211,0.8681625703763789,gradnorm_only,1,0.12041759754094217,,,NA,,,,,NA,,,121.0,203.6,concat_mlp,0.0,-82.6,0.010971237638678326,0.014484521438085898,concat_mlp,0,-0.003513283799407572,4.7239550594290645,4.271528206079626,gradnorm_only,1,0.4524268533494382
amazon_books,gradnorm_only,concat_mlp,novelty,1804,gradnorm_only,gradnorm_only,concat_mlp,1,0,True,0.9773097861974867,0.975469096652272,gradnorm_only,1,0.0018406895452146577,,,NA,,,,,NA,,,217.9,141.5,gradnorm_only,1.0,76.4,0.025241270080338933,0.025150141938944735,gradnorm_only,1,9.112814139419778e-05,3.6781515450349227,3.888597042259768,concat_mlp,0,-0.2104454972248453
amazon_books,gradnorm_only,concat_mlp,novelty,8679,concat_mlp,gradnorm_only,concat_mlp,0,1,True,0.9867904067154465,0.978651590275822,gradnorm_only,0,-0.008138816439624441,,,NA,,,,,NA,,,78.8,116.0,concat_mlp,1.0,37.2,0.019512269494641916,0.013925270067607543,gradnorm_only,0,-0.005586999427034374,3.0543246448489754,3.095580455796725,concat_mlp,1,0.04125581094774944
amazon_books,gradnorm_only,concat_mlp,novelty,1015,concat_mlp,gradnorm_only,concat_mlp,0,1,True,0.9367881449252511,0.9921169295917768,concat_mlp,1,0.05532878466652569,,,NA,,,,,NA,,,99.2,77.2,gradnorm_only,0.0,-22.0,0.039019380911560125,0.012632072565666485,gradnorm_only,0,-0.02638730834589364,3.22522740590668,2.6209202701381704,gradnorm_only,0,-0.6043071357685097
amazon_books,gradnorm_only,concat_mlp,novelty,2794,concat_mlp,gradnorm_only,concat_mlp,0,1,True,0.9717295395982639,0.9719781015853289,concat_mlp,1,0.0002485619870650213,,,NA,,,,,NA,,,152.9,351.2,concat_mlp,1.0,198.29999999999998,0.015549597201165945,0.018001035763338117,concat_mlp,1,0.002451438562172172,3.2147193031584926,2.8371086031422577,gradnorm_only,0,-0.377610700016235
amazon_books,gradnorm_only,concat_mlp,novelty,2553,concat_mlp,gradnorm_only,concat_mlp,0,1,True,0.9607886441599003,0.9778631096011252,concat_mlp,1,0.01707446544122493,,,NA,,,,,NA,,,195.6,146.0,gradnorm_only,0.0,-49.599999999999994,0.025901675718938894,0.020365807826876067,gradnorm_only,0,-0.005535867892062826,2.9145273430877623,3.8755014043620113,concat_mlp,1,0.960974061274249
amazon_books,gradnorm_only,concat_mlp,novelty,5564,concat_mlp,gradnorm_only,concat_mlp,0,1,True,0.8804355120288063,0.9800165331167618,concat_mlp,1,0.09958102108795552,,,NA,,,,,NA,,,165.1,82.6,gradnorm_only,0.0,-82.5,0.06798378282571675,0.013293447514425747,gradnorm_only,0,-0.054690335311291007,3.2441204109912656,2.8089088996683254,gradnorm_only,0,-0.4352115113229402
amazon_books,gradnorm_only,concat_mlp,novelty,12068,gradnorm_only,gradnorm_only,concat_mlp,1,0,True,0.9829500103342111,0.9856823325679311,concat_mlp,0,-0.002732322233719997,,,NA,,,,,NA,,,114.4,100.0,gradnorm_only,1.0,14.400000000000006,0.018975394824558414,0.01231075106427772,gradnorm_only,1,0.006664643760280694,3.2225757035611267,2.9795201850341404,gradnorm_only,1,0.24305551852698626
amazon_books,gradnorm_only,concat_mlp,relevance,9277,gradnorm_only,gradnorm_only,concat_mlp,1,0,True,0.9530221493858391,0.9827914824974617,concat_mlp,0,-0.029769333111622664,,,NA,,,,,NA,,,433.6,257.7,gradnorm_only,1.0,175.90000000000003,0.048443658657473014,0.018758256643215513,gradnorm_only,1,0.0296854020142575,4.010957144488177,3.313422741445995,gradnorm_only,1,0.6975344030421824
amazon_books,gradnorm_only,concat_mlp,relevance,11974,gradnorm_only,gradnorm_only,concat_mlp,1,0,True,0.990997934951934,0.9763485121944298,gradnorm_only,1,0.014649422757504249,,,NA,,,,,NA,,,74.9,3.7,gradnorm_only,1.0,71.2,0.008270059029224121,0.023445712516070895,concat_mlp,0,-0.015175653486846774,2.6482205364054243,2.5687872753467316,gradnorm_only,1,0.07943326105869275
amazon_books,gradnorm_only,concat_mlp,relevance,11015,concat_mlp,gradnorm_only,concat_mlp,0,1,True,0.9813391942375943,0.9880672908491973,concat_mlp,1,0.006728096611603007,,,NA,,,,,NA,,,239.5,224.7,gradnorm_only,0.0,-14.800000000000011,0.019392403908314666,0.015392124398198405,gradnorm_only,0,-0.004000279510116261,4.0117343125377225,4.165562547909088,concat_mlp,1,0.1538282353713658
amazon_books,gradnorm_only,concat_mlp,relevance,296,gradnorm_only,gradnorm_only,concat_mlp,1,0,True,0.933063933916362,0.9628820866677644,concat_mlp,0,-0.029818152751402427,,,NA,,,,,NA,,,64.7,106.5,concat_mlp,0.0,-41.8,0.029720297354579806,0.017387177191183836,gradnorm_only,1,0.01233312016339597,3.6846582947672673,3.2364074565569667,gradnorm_only,1,0.44825083821030054
amazon_books,gradnorm_only,concat_mlp,relevance,1754,concat_mlp,gradnorm_only,concat_mlp,0,1,True,0.9708487407397786,0.9601852968385698,gradnorm_only,0,-0.010663443901208769,,,NA,,,,,NA,,,54.7,79.6,concat_mlp,1.0,24.89999999999999,0.017471720939951307,0.02055637941028034,concat_mlp,1,0.003084658470329033,2.8069554962075367,2.777370301896186,gradnorm_only,0,-0.029585194311350538
amazon_books,gradnorm_only,concat_mlp,relevance,5989,gradnorm_only,gradnorm_only,concat_mlp,1,0,True,0.9753997476508732,0.9853779214459384,concat_mlp,0,-0.00997817379506516,,,NA,,,,,NA,,,199.7,225.7,concat_mlp,0.0,-26.0,0.024870681603323046,0.01863836420867662,gradnorm_only,1,0.006232317394646428,3.752318184825156,4.2808824368500344,concat_mlp,0,-0.5285642520248786
amazon_books,gradnorm_only,concat_mlp,relevance,4611,gradnorm_only,gradnorm_only,concat_mlp,1,0,True,0.9739780760570163,0.9833866952224041,concat_mlp,0,-0.009408619165387822,,,NA,,,,,NA,,,403.2,357.2,gradnorm_only,1.0,46.0,0.020774051515332136,0.015068591339076471,gradnorm_only,1,0.005705460176255665,4.873490263210028,4.228960533896851,gradnorm_only,1,0.6445297293131773
amazon_books,gradnorm_only,concat_mlp,relevance,12090,gradnorm_only,gradnorm_only,concat_mlp,1,0,True,0.8159075583354871,0.9779064945176947,concat_mlp,0,-0.16199893618220762,,,NA,,,,,NA,,,76.1,122.4,concat_mlp,0.0,-46.30000000000001,0.18407630517175447,0.05195288846832642,gradnorm_only,1,0.13212341670342803,3.2907254405120367,4.06716993474423,concat_mlp,0,-0.7764444942321935
amazon_books,gradnorm_only,concat_mlp,relevance,10368,gradnorm_only,gradnorm_only,concat_mlp,1,0,True,0.985582748990632,0.9945138253759932,concat_mlp,0,-0.00893107638536117,,,NA,,,,,NA,,,65.2,37.0,gradnorm_only,1.0,28.200000000000003,0.020395125677327864,0.014313197065554516,gradnorm_only,1,0.006081928611773348,3.048408150982366,3.5599216862281224,concat_mlp,0,-0.5115135352457565
amazon_books,gradnorm_only,concat_mlp,relevance,5268,gradnorm_only,gradnorm_only,concat_mlp,1,0,True,0.9686109481292683,0.9697600289735282,concat_mlp,0,-0.0011490808442599088,,,NA,,,,,NA,,,158.9,215.7,concat_mlp,0.0,-56.79999999999998,0.03056188785277519,0.013268534214245675,gradnorm_only,1,0.017293353638529515,3.2580026738372547,2.984403802219412,gradnorm_only,1,0.2735988716178426
amazon_books,gradnorm_only,concat_mlp,relevance,10324,concat_mlp,gradnorm_only,concat_mlp,0,1,True,0.9885801679173211,0.8681625703763789,gradnorm_only,0,-0.12041759754094217,,,NA,,,,,NA,,,121.0,203.6,concat_mlp,1.0,82.6,0.010971237638678326,0.014484521438085898,concat_mlp,1,0.003513283799407572,4.7239550594290645,4.271528206079626,gradnorm_only,0,-0.4524268533494382
amazon_books,gradnorm_only,concat_mlp,relevance,6638,gradnorm_only,gradnorm_only,concat_mlp,1,0,True,0.9852937578133587,0.9890855207187426,concat_mlp,0,-0.0037917629053838553,,,NA,,,,,NA,,,232.5,378.9,concat_mlp,0.0,-146.39999999999998,0.02003933966190462,0.014620607218103149,gradnorm_only,1,0.005418732443801472,2.9356836388519985,2.856465576742348,gradnorm_only,1,0.07921806210965032
amazon_books,gradnorm_only,concat_mlp,relevance,1804,concat_mlp,gradnorm_only,concat_mlp,0,1,True,0.9773097861974867,0.975469096652272,gradnorm_only,0,-0.0018406895452146577,,,NA,,,,,NA,,,217.9,141.5,gradnorm_only,0.0,-76.4,0.025241270080338933,0.025150141938944735,gradnorm_only,0,-9.112814139419778e-05,3.6781515450349227,3.888597042259768,concat_mlp,1,0.2104454972248453
amazon_books,gradnorm_only,concat_mlp,relevance,2553,gradnorm_only,gradnorm_only,concat_mlp,1,0,True,0.9607886441599003,0.9778631096011252,concat_mlp,0,-0.01707446544122493,,,NA,,,,,NA,,,195.6,146.0,gradnorm_only,1.0,49.599999999999994,0.025901675718938894,0.020365807826876067,gradnorm_only,1,0.005535867892062826,2.9145273430877623,3.8755014043620113,concat_mlp,0,-0.960974061274249
amazon_books,gradnorm_only,concat_mlp,relevance,5564,gradnorm_only,gradnorm_only,concat_mlp,1,0,True,0.8804355120288063,0.9800165331167618,concat_mlp,0,-0.09958102108795552,,,NA,,,,,NA,,,165.1,82.6,gradnorm_only,1.0,82.5,0.06798378282571675,0.013293447514425747,gradnorm_only,1,0.054690335311291007,3.2441204109912656,2.8089088996683254,gradnorm_only,1,0.4352115113229402
amazon_books,lightgcn_only,fixed,balanced,4457,fixed,lightgcn_only,fixed,0,1,True,0.9654444051096005,0.6622210044388673,lightgcn_only,0,-0.30322340067073317,,,NA,,,,,NA,,,112.3,77.7,lightgcn_only,0.0,-34.599999999999994,0.020483391283733828,0.19613975480957946,fixed,1,0.17565636352584563,5.517976899716565,4.159083344521509,lightgcn_only,0,-1.3588935551950563
amazon_books,lightgcn_only,fixed,balanced,1754,lightgcn_only,lightgcn_only,fixed,1,0,True,0.9242067426565606,0.9217952167916923,lightgcn_only,1,0.002411525864868258,,,NA,,,,,NA,,,94.5,43.6,lightgcn_only,1.0,50.9,0.02051151661058854,0.013103784913609456,lightgcn_only,1,0.007407731696979083,3.590788916511316,3.3428214444611273,lightgcn_only,1,0.24796747205018876
amazon_books,lightgcn_only,fixed,balanced,4611,fixed,lightgcn_only,fixed,0,1,True,0.9217676566307862,0.9679098513530932,fixed,1,0.04614219472230696,,,NA,,,,,NA,,,151.1,112.9,lightgcn_only,0.0,-38.19999999999999,0.011643077872867452,0.05028268351085485,fixed,1,0.0386396056379874,5.142850314465228,2.9571129172552277,lightgcn_only,0,-2.1857373972100005
amazon_books,lightgcn_only,fixed,balanced,9664,fixed,lightgcn_only,fixed,0,1,True,0.9820859959532312,0.9871304940713787,fixed,1,0.005044498118147445,,,NA,,,,,NA,,,110.3,39.5,lightgcn_only,0.0,-70.8,0.009654153449566608,0.009520808166742011,lightgcn_only,0,-0.00013334528282459707,4.657036514683591,2.827021329957683,lightgcn_only,0,-1.8300151847259074
amazon_books,lightgcn_only,fixed,balanced,5158,fixed,lightgcn_only,fixed,0,1,True,0.9658187242634577,0.9586914428976607,lightgcn_only,0,-0.007127281365796989,,,NA,,,,,NA,,,64.2,129.9,fixed,1.0,65.7,0.03534504351020141,0.01186539319596873,lightgcn_only,0,-0.02347965031423268,4.576028898371432,2.7607821538478303,lightgcn_only,0,-1.815246744523602
amazon_books,lightgcn_only,fixed,balanced,1322,lightgcn_only,lightgcn_only,fixed,1,0,True,0.9673357456041589,0.9563108521964021,lightgcn_only,1,0.011024893407756808,,4.0,NA,,,,2.0,NA,,,138.4,438.7,fixed,0.0,-300.29999999999995,0.015006967604552732,0.012817404065534605,lightgcn_only,1,0.0021895635390181273,3.6124172125763243,2.662663634119352,lightgcn_only,1,0.9497535784569724
amazon_books,lightgcn_only,fixed,balanced,6259,lightgcn_only,lightgcn_only,fixed,1,0,True,0.9829056843100842,0.9743759334206192,lightgcn_only,1,0.008529750889464949,,,NA,,,,,NA,,,124.2,109.2,lightgcn_only,1.0,15.0,0.01619040137625279,0.03628076662163388,fixed,0,-0.020090365245381093,4.83673543024865,2.7600111400052336,lightgcn_only,1,2.0767242902434164
amazon_books,lightgcn_only,fixed,balanced,10368,fixed,lightgcn_only,fixed,0,1,True,0.9820696993199001,0.9827953882814714,fixed,1,0.0007256889615713247,,,NA,,,,,NA,,,130.8,77.2,lightgcn_only,0.0,-53.60000000000001,0.015180096112980521,0.015619424762556329,fixed,1,0.0004393286495758073,4.453619475813364,2.788987098024294,lightgcn_only,0,-1.6646323777890695
amazon_books,lightgcn_only,fixed,balanced,8680,fixed,lightgcn_only,fixed,0,1,True,0.9817506375325846,0.8363177640395016,lightgcn_only,0,-0.14543287349308298,,,NA,,,,,NA,,,104.0,367.9,fixed,1.0,263.9,0.029911021480777965,0.13714011820533747,fixed,1,0.1072290967245595,5.187692679761,3.5703623012970818,lightgcn_only,0,-1.617330378463918
amazon_books,lightgcn_only,fixed,balanced,8679,lightgcn_only,lightgcn_only,fixed,1,0,True,0.9813364149541612,0.9520412804476845,lightgcn_only,1,0.029295134506476694,,,NA,,,,,NA,,,109.1,70.5,lightgcn_only,1.0,38.599999999999994,0.011309976451032322,0.02635703323905454,fixed,0,-0.015047056788022217,3.8718784032973255,2.7984719864508336,lightgcn_only,1,1.0734064168464919
amazon_books,lightgcn_only,fixed,balanced,8449,fixed,lightgcn_only,fixed,0,1,True,0.9587569266897304,0.9626901383721066,fixed,1,0.003933211682376148,,,NA,,,,,NA,,,308.2,236.5,lightgcn_only,0.0,-71.69999999999999,0.01965934307047527,0.025250517023755005,fixed,1,0.005591173953279734,4.749121235827475,3.0228592854892335,lightgcn_only,0,-1.726261950338241
amazon_books,lightgcn_only,fixed,balanced,2723,lightgcn_only,lightgcn_only,fixed,1,0,True,0.9671827472639015,0.9938609742055556,fixed,0,-0.026678226941654115,,,NA,,,,,NA,,,90.3,39.5,lightgcn_only,1.0,50.8,0.022136949274593067,0.019234684780759338,lightgcn_only,1,0.002902264493833729,5.442104015781933,3.454948540502266,lightgcn_only,1,1.9871554752796667
amazon_books,lightgcn_only,fixed,diversity,10671,fixed,lightgcn_only,fixed,0,1,True,0.993483374660796,0.9883326914180967,lightgcn_only,0,-0.005150683242699294,,,NA,,,,,NA,,,89.7,92.9,fixed,1.0,3.200000000000003,0.005216910605938835,0.006506615811599834,fixed,1,0.001289705205660999,5.068138662258372,3.018461467040043,lightgcn_only,0,-2.049677195218329
amazon_books,lightgcn_only,fixed,diversity,4473,fixed,lightgcn_only,fixed,0,1,True,0.9945214330832629,0.9792159154189454,lightgcn_only,0,-0.015305517664317536,,,NA,,,,,NA,,,99.3,255.6,fixed,1.0,156.3,0.007544002183019214,0.012754481172388614,fixed,1,0.0052104789893694,4.764103994516391,2.915343997953559,lightgcn_only,0,-1.8487599965628325
amazon_books,lightgcn_only,fixed,diversity,4457,lightgcn_only,lightgcn_only,fixed,1,0,True,0.9654444051096005,0.6622210044388673,lightgcn_only,1,0.30322340067073317,,,NA,,,,,NA,,,112.3,77.7,lightgcn_only,1.0,34.599999999999994,0.020483391283733828,0.19613975480957946,fixed,0,-0.17565636352584563,5.517976899716565,4.159083344521509,lightgcn_only,1,1.3588935551950563
amazon_books,lightgcn_only,fixed,diversity,296,fixed,lightgcn_only,fixed,0,1,True,0.973068473348092,0.9754723257102755,fixed,1,0.002403852362183545,,,NA,,,,,NA,,,64.3,59.5,lightgcn_only,0.0,-4.799999999999997,0.02139026989783642,0.017671784486672715,lightgcn_only,0,-0.0037184854111637043,4.506714180315438,3.060481845472498,lightgcn_only,0,-1.4462323348429398
amazon_books,lightgcn_only,fixed,diversity,8215,lightgcn_only,lightgcn_only,fixed,1,0,True,0.9560700141120316,0.9556462706084079,lightgcn_only,1,0.00042374350362373026,,,NA,,,,,NA,,,297.0,192.3,lightgcn_only,1.0,104.69999999999999,0.013858438406542719,0.02062824730583964,fixed,0,-0.006769808899296922,5.096745086795284,2.7257179374081235,lightgcn_only,1,2.3710271493871606
amazon_books,lightgcn_only,fixed,diversity,12090,lightgcn_only,lightgcn_only,fixed,1,0,True,0.9605880259361249,0.9194476764384281,lightgcn_only,1,0.04114034949769685,,,NA,,,,,NA,,,260.4,81.4,lightgcn_only,1.0,178.99999999999997,0.029271235754708545,0.12444764503193437,fixed,0,-0.09517640927722582,5.061583504067258,2.565150510929643,lightgcn_only,1,2.496432993137615
amazon_books,lightgcn_only,fixed,diversity,5044,lightgcn_only,lightgcn_only,fixed,1,0,True,0.9529633689692824,0.7646318440629722,lightgcn_only,1,0.1883315249063101,,,NA,,,,,NA,,,64.9,58.2,lightgcn_only,1.0,6.700000000000003,0.04228766339843911,0.12474434196179096,fixed,0,-0.08245667856335184,5.111975458582482,3.6082176618026507,lightgcn_only,1,1.5037577967798317
amazon_books,lightgcn_only,fixed,diversity,9664,fixed,lightgcn_only,fixed,0,1,True,0.9820859959532312,0.9871304940713787,fixed,1,0.005044498118147445,,,NA,,,,,NA,,,110.3,39.5,lightgcn_only,0.0,-70.8,0.009654153449566608,0.009520808166742011,lightgcn_only,0,-0.00013334528282459707,4.657036514683591,2.827021329957683,lightgcn_only,0,-1.8300151847259074
amazon_books,lightgcn_only,fixed,diversity,5158,fixed,lightgcn_only,fixed,0,1,True,0.9658187242634577,0.9586914428976607,lightgcn_only,0,-0.007127281365796989,,,NA,,,,,NA,,,64.2,129.9,fixed,1.0,65.7,0.03534504351020141,0.01186539319596873,lightgcn_only,0,-0.02347965031423268,4.576028898371432,2.7607821538478303,lightgcn_only,0,-1.815246744523602
amazon_books,lightgcn_only,fixed,diversity,1322,lightgcn_only,lightgcn_only,fixed,1,0,True,0.9673357456041589,0.9563108521964021,lightgcn_only,1,0.011024893407756808,,4.0,NA,,,,2.0,NA,,,138.4,438.7,fixed,0.0,-300.29999999999995,0.015006967604552732,0.012817404065534605,lightgcn_only,1,0.0021895635390181273,3.6124172125763243,2.662663634119352,lightgcn_only,1,0.9497535784569724
amazon_books,lightgcn_only,fixed,diversity,6259,lightgcn_only,lightgcn_only,fixed,1,0,True,0.9829056843100842,0.9743759334206192,lightgcn_only,1,0.008529750889464949,,,NA,,,,,NA,,,124.2,109.2,lightgcn_only,1.0,15.0,0.01619040137625279,0.03628076662163388,fixed,0,-0.020090365245381093,4.83673543024865,2.7600111400052336,lightgcn_only,1,2.0767242902434164
amazon_books,lightgcn_only,fixed,diversity,10368,fixed,lightgcn_only,fixed,0,1,True,0.9820696993199001,0.9827953882814714,fixed,1,0.0007256889615713247,,,NA,,,,,NA,,,130.8,77.2,lightgcn_only,0.0,-53.60000000000001,0.015180096112980521,0.015619424762556329,fixed,1,0.0004393286495758073,4.453619475813364,2.788987098024294,lightgcn_only,0,-1.6646323777890695
amazon_books,lightgcn_only,fixed,diversity,552,fixed,lightgcn_only,fixed,0,1,True,0.9188373818933813,0.9834339497257034,fixed,1,0.06459656783232215,,,NA,,,,,NA,,,85.7,140.6,fixed,1.0,54.89999999999999,0.01069961918197868,0.0127605263934472,fixed,1,0.0020609072114685205,5.337236153044919,4.488051853249007,lightgcn_only,0,-0.8491842997959118
amazon_books,lightgcn_only,fixed,diversity,6638,fixed,lightgcn_only,fixed,0,1,True,0.9794318002559179,0.9687320468315944,lightgcn_only,0,-0.0106997534243235,,,NA,,,,,NA,,,219.7,147.9,lightgcn_only,0.0,-71.79999999999998,0.01611966984579208,0.019328155589723027,fixed,1,0.0032084857439309486,3.5484680174731507,2.4996579141556685,lightgcn_only,0,-1.0488101033174821
amazon_books,lightgcn_only,fixed,diversity,8679,lightgcn_only,lightgcn_only,fixed,1,0,True,0.9813364149541612,0.9520412804476845,lightgcn_only,1,0.029295134506476694,,,NA,,,,,NA,,,109.1,70.5,lightgcn_only,1.0,38.599999999999994,0.011309976451032322,0.02635703323905454,fixed,0,-0.015047056788022217,3.8718784032973255,2.7984719864508336,lightgcn_only,1,1.0734064168464919
amazon_books,lightgcn_only,fixed,diversity,4263,lightgcn_only,lightgcn_only,fixed,1,0,True,0.9764173956694375,0.9298902160461586,lightgcn_only,1,0.0465271796232789,,,NA,,,,,NA,,,232.7,577.6,fixed,0.0,-344.90000000000003,0.015751743561055697,0.04175788462316747,fixed,0,-0.026006141062111774,5.326456614302719,3.266011643714246,lightgcn_only,1,2.060444970588473
amazon_books,lightgcn_only,fixed,diversity,8449,fixed,lightgcn_only,fixed,0,1,True,0.9587569266897304,0.9626901383721066,fixed,1,0.003933211682376148,,,NA,,,,,NA,,,308.2,236.5,lightgcn_only,0.0,-71.69999999999999,0.01965934307047527,0.025250517023755005,fixed,1,0.005591173953279734,4.749121235827475,3.0228592854892335,lightgcn_only,0,-1.726261950338241
amazon_books,lightgcn_only,fixed,diversity,5335,lightgcn_only,lightgcn_only,fixed,1,0,True,0.9767942123096417,0.9614255103774421,lightgcn_only,1,0.015368701932199635,,,NA,,,,,NA,,,218.1,231.4,fixed,0.0,-13.300000000000011,0.012616932682813753,0.01706534113627427,fixed,0,-0.004448408453460518,5.3719992500931175,3.298228503016033,lightgcn_only,1,2.0737707470770843
amazon_books,lightgcn_only,fixed,diversity,4068,fixed,lightgcn_only,fixed,0,1,True,0.9787828050860834,0.9759627138641696,lightgcn_only,0,-0.002820091221913845,,,NA,,,,,NA,,,383.4,175.2,lightgcn_only,0.0,-208.2,0.02337441785423964,0.023246541379355317,lightgcn_only,0,-0.00012787647488432183,5.236823285051452,3.1836371543298485,lightgcn_only,0,-2.0531861307216035
amazon_books,lightgcn_only,fixed,diversity,2553,fixed,lightgcn_only,fixed,0,1,True,0.9878318142024102,0.9784285111191614,lightgcn_only,0,-0.00940330308324877,,,NA,,,,,NA,,,117.0,217.8,fixed,1.0,100.80000000000001,0.018441034613379852,0.02284661363977094,fixed,1,0.004405579026391087,5.155167187083561,3.005722870569051,lightgcn_only,0,-2.1494443165145096
amazon_books,lightgcn_only,fixed,novelty,10671,fixed,lightgcn_only,fixed,0,1,True,0.993483374660796,0.9883326914180967,lightgcn_only,0,-0.005150683242699294,,,NA,,,,,NA,,,89.7,92.9,fixed,1.0,3.200000000000003,0.005216910605938835,0.006506615811599834,fixed,1,0.001289705205660999,5.068138662258372,3.018461467040043,lightgcn_only,0,-2.049677195218329
amazon_books,lightgcn_only,fixed,novelty,4473,fixed,lightgcn_only,fixed,0,1,True,0.9945214330832629,0.9792159154189454,lightgcn_only,0,-0.015305517664317536,,,NA,,,,,NA,,,99.3,255.6,fixed,1.0,156.3,0.007544002183019214,0.012754481172388614,fixed,1,0.0052104789893694,4.764103994516391,2.915343997953559,lightgcn_only,0,-1.8487599965628325
amazon_books,lightgcn_only,fixed,novelty,4457,lightgcn_only,lightgcn_only,fixed,1,0,True,0.9654444051096005,0.6622210044388673,lightgcn_only,1,0.30322340067073317,,,NA,,,,,NA,,,112.3,77.7,lightgcn_only,1.0,34.599999999999994,0.020483391283733828,0.19613975480957946,fixed,0,-0.17565636352584563,5.517976899716565,4.159083344521509,lightgcn_only,1,1.3588935551950563
amazon_books,lightgcn_only,fixed,novelty,296,fixed,lightgcn_only,fixed,0,1,True,0.973068473348092,0.9754723257102755,fixed,1,0.002403852362183545,,,NA,,,,,NA,,,64.3,59.5,lightgcn_only,0.0,-4.799999999999997,0.02139026989783642,0.017671784486672715,lightgcn_only,0,-0.0037184854111637043,4.506714180315438,3.060481845472498,lightgcn_only,0,-1.4462323348429398
amazon_books,lightgcn_only,fixed,novelty,10134,fixed,lightgcn_only,fixed,0,1,True,0.9774330096486487,0.9793151381626005,fixed,1,0.001882128513951864,,4.0,NA,,,,2.0,NA,,,305.5,414.6,fixed,1.0,109.10000000000002,0.02626665913755077,0.019158135630789018,lightgcn_only,0,-0.007108523506761753,4.944680214310149,3.343918347598185,lightgcn_only,0,-1.6007618667119643
amazon_books,lightgcn_only,fixed,novelty,5237,fixed,lightgcn_only,fixed,0,1,True,0.9833475861118447,0.9707653397971544,lightgcn_only,0,-0.012582246314690293,,,NA,,,,,NA,,,63.6,119.0,fixed,1.0,55.4,0.02371873046504866,0.024259744450778113,fixed,1,0.0005410139857294528,4.979544251910483,3.7778717042254684,lightgcn_only,0,-1.201672547685015
amazon_books,lightgcn_only,fixed,novelty,8215,lightgcn_only,lightgcn_only,fixed,1,0,True,0.9560700141120316,0.9556462706084079,lightgcn_only,1,0.00042374350362373026,,,NA,,,,,NA,,,297.0,192.3,lightgcn_only,1.0,104.69999999999999,0.013858438406542719,0.02062824730583964,fixed,0,-0.006769808899296922,5.096745086795284,2.7257179374081235,lightgcn_only,1,2.3710271493871606
amazon_books,lightgcn_only,fixed,novelty,5989,fixed,lightgcn_only,fixed,0,1,True,0.9825258917466144,0.9698756123403112,lightgcn_only,0,-0.012650279406303255,,,NA,,,,,NA,,,175.6,431.5,fixed,1.0,255.9,0.01337203133354256,0.026334991354843428,fixed,1,0.012962960021300868,5.011521508746343,3.392218149153827,lightgcn_only,0,-1.6193033595925161
amazon_books,lightgcn_only,fixed,novelty,5044,lightgcn_only,lightgcn_only,fixed,1,0,True,0.9529633689692824,0.7646318440629722,lightgcn_only,1,0.1883315249063101,,,NA,,,,,NA,,,64.9,58.2,lightgcn_only,1.0,6.700000000000003,0.04228766339843911,0.12474434196179096,fixed,0,-0.08245667856335184,5.111975458582482,3.6082176618026507,lightgcn_only,1,1.5037577967798317
amazon_books,lightgcn_only,fixed,novelty,9664,fixed,lightgcn_only,fixed,0,1,True,0.9820859959532312,0.9871304940713787,fixed,1,0.005044498118147445,,,NA,,,,,NA,,,110.3,39.5,lightgcn_only,0.0,-70.8,0.009654153449566608,0.009520808166742011,lightgcn_only,0,-0.00013334528282459707,4.657036514683591,2.827021329957683,lightgcn_only,0,-1.8300151847259074
amazon_books,lightgcn_only,fixed,novelty,5158,fixed,lightgcn_only,fixed,0,1,True,0.9658187242634577,0.9586914428976607,lightgcn_only,0,-0.007127281365796989,,,NA,,,,,NA,,,64.2,129.9,fixed,1.0,65.7,0.03534504351020141,0.01186539319596873,lightgcn_only,0,-0.02347965031423268,4.576028898371432,2.7607821538478303,lightgcn_only,0,-1.815246744523602
amazon_books,lightgcn_only,fixed,novelty,6885,fixed,lightgcn_only,fixed,0,1,True,0.9927079319798352,0.9730673423714712,lightgcn_only,0,-0.019640589608364012,,,NA,,,,,NA,,,70.7,119.6,fixed,1.0,48.89999999999999,0.014601650586609791,0.023830077758133995,fixed,1,0.009228427171524204,4.045294926355603,2.884152053479076,lightgcn_only,0,-1.161142872876527
amazon_books,lightgcn_only,fixed,novelty,1322,lightgcn_only,lightgcn_only,fixed,1,0,True,0.9673357456041589,0.9563108521964021,lightgcn_only,1,0.011024893407756808,,4.0,NA,,,,2.0,NA,,,138.4,438.7,fixed,0.0,-300.29999999999995,0.015006967604552732,0.012817404065534605,lightgcn_only,1,0.0021895635390181273,3.6124172125763243,2.662663634119352,lightgcn_only,1,0.9497535784569724
amazon_books,lightgcn_only,fixed,novelty,1866,lightgcn_only,lightgcn_only,fixed,1,0,True,0.9443057764035045,0.9433006622831731,lightgcn_only,1,0.0010051141203314407,,,NA,,,,,NA,,,96.8,85.2,lightgcn_only,1.0,11.599999999999994,0.02835582279545905,0.023300480204678075,lightgcn_only,1,0.005055342590780974,4.24551687691133,3.2192989096781233,lightgcn_only,1,1.0262179672332064
amazon_books,lightgcn_only,fixed,novelty,10368,fixed,lightgcn_only,fixed,0,1,True,0.9820696993199001,0.9827953882814714,fixed,1,0.0007256889615713247,,,NA,,,,,NA,,,130.8,77.2,lightgcn_only,0.0,-53.60000000000001,0.015180096112980521,0.015619424762556329,fixed,1,0.0004393286495758073,4.453619475813364,2.788987098024294,lightgcn_only,0,-1.6646323777890695
amazon_books,lightgcn_only,fixed,novelty,906,lightgcn_only,lightgcn_only,fixed,1,0,True,0.985929335298001,0.8471643650219047,lightgcn_only,1,0.13876497027609624,,,NA,,,,,NA,,,119.5,152.4,fixed,0.0,-32.900000000000006,0.025925819953305954,0.028430449579338882,fixed,0,-0.002504629626032928,4.378150982369399,2.7400027685978103,lightgcn_only,1,1.6381482137715886
amazon_books,lightgcn_only,fixed,novelty,3864,lightgcn_only,lightgcn_only,fixed,1,0,True,0.9757711875113456,0.9159202701831403,lightgcn_only,1,0.059850917328205355,,,NA,,,,,NA,,,104.5,35.2,lightgcn_only,1.0,69.3,0.018011121008126525,0.025380979371631928,fixed,0,-0.007369858363505403,5.316105824891387,3.334704590733968,lightgcn_only,1,1.9814012341574188
amazon_books,lightgcn_only,fixed,novelty,552,fixed,lightgcn_only,fixed,0,1,True,0.9188373818933813,0.9834339497257034,fixed,1,0.06459656783232215,,,NA,,,,,NA,,,85.7,140.6,fixed,1.0,54.89999999999999,0.01069961918197868,0.0127605263934472,fixed,1,0.0020609072114685205,5.337236153044919,4.488051853249007,lightgcn_only,0,-0.8491842997959118
amazon_books,lightgcn_only,fixed,novelty,10324,lightgcn_only,lightgcn_only,fixed,1,0,True,0.9824463147781671,0.9230238040623955,lightgcn_only,1,0.05942251071577165,,,NA,,,,,NA,,,157.3,158.1,fixed,0.0,-0.799999999999983,0.010837867900972478,0.02206010004995303,fixed,0,-0.011222232148980552,5.136255303706528,3.130176792123467,lightgcn_only,1,2.006078511583061
amazon_books,lightgcn_only,fixed,novelty,6638,fixed,lightgcn_only,fixed,0,1,True,0.9794318002559179,0.9687320468315944,lightgcn_only,0,-0.0106997534243235,,,NA,,,,,NA,,,219.7,147.9,lightgcn_only,0.0,-71.79999999999998,0.01611966984579208,0.019328155589723027,fixed,1,0.0032084857439309486,3.5484680174731507,2.4996579141556685,lightgcn_only,0,-1.0488101033174821
amazon_books,lightgcn_only,fixed,novelty,8679,lightgcn_only,lightgcn_only,fixed,1,0,True,0.9813364149541612,0.9520412804476845,lightgcn_only,1,0.029295134506476694,,,NA,,,,,NA,,,109.1,70.5,lightgcn_only,1.0,38.599999999999994,0.011309976451032322,0.02635703323905454,fixed,0,-0.015047056788022217,3.8718784032973255,2.7984719864508336,lightgcn_only,1,1.0734064168464919
amazon_books,lightgcn_only,fixed,novelty,9111,fixed,lightgcn_only,fixed,0,1,True,0.9908576676749998,0.932844519613006,lightgcn_only,0,-0.05801314806199387,,,NA,,,,,NA,,,266.2,510.8,fixed,1.0,244.60000000000002,0.010471623275651678,0.02062279392290677,fixed,1,0.01015117064725509,4.863519342167083,2.7461973786727243,lightgcn_only,0,-2.117321963494359
amazon_books,lightgcn_only,fixed,novelty,1015,lightgcn_only,lightgcn_only,fixed,1,0,True,0.9612698114174217,0.95261908335595,lightgcn_only,1,0.008650728061471713,,,NA,,,,,NA,,,72.0,108.2,fixed,0.0,-36.2,0.028868178711277927,0.04845221384033567,fixed,0,-0.019584035129057743,3.917208293661939,2.965623349938703,lightgcn_only,1,0.951584943723236
amazon_books,lightgcn_only,fixed,novelty,8449,fixed,lightgcn_only,fixed,0,1,True,0.9587569266897304,0.9626901383721066,fixed,1,0.003933211682376148,,,NA,,,,,NA,,,308.2,236.5,lightgcn_only,0.0,-71.69999999999999,0.01965934307047527,0.025250517023755005,fixed,1,0.005591173953279734,4.749121235827475,3.0228592854892335,lightgcn_only,0,-1.726261950338241
amazon_books,lightgcn_only,fixed,novelty,2553,fixed,lightgcn_only,fixed,0,1,True,0.9878318142024102,0.9784285111191614,lightgcn_only,0,-0.00940330308324877,,,NA,,,,,NA,,,117.0,217.8,fixed,1.0,100.80000000000001,0.018441034613379852,0.02284661363977094,fixed,1,0.004405579026391087,5.155167187083561,3.005722870569051,lightgcn_only,0,-2.1494443165145096
amazon_books,lightgcn_only,fixed,novelty,5564,lightgcn_only,lightgcn_only,fixed,1,0,True,0.9499238090009237,0.9486027542728566,lightgcn_only,1,0.0013210547280670948,,,NA,,,,,NA,,,194.2,163.2,lightgcn_only,1.0,31.0,0.028746712599759885,0.044962830652469886,fixed,0,-0.01621611805271,3.7515842502721832,3.0990225649889305,lightgcn_only,1,0.6525616852832528
amazon_books,lightgcn_only,fixed,novelty,2723,lightgcn_only,lightgcn_only,fixed,1,0,True,0.9671827472639015,0.9938609742055556,fixed,0,-0.026678226941654115,,,NA,,,,,NA,,,90.3,39.5,lightgcn_only,1.0,50.8,0.022136949274593067,0.019234684780759338,lightgcn_only,1,0.002902264493833729,5.442104015781933,3.454948540502266,lightgcn_only,1,1.9871554752796667
amazon_books,lightgcn_only,fixed,relevance,7688,lightgcn_only,lightgcn_only,fixed,1,0,True,0.9473675574531096,0.9799141104583373,fixed,0,-0.032546553005227685,,,NA,,,,,NA,,,90.0,241.0,fixed,0.0,-151.0,0.020728632595654908,0.01404561597094741,lightgcn_only,1,0.0066830166247074975,4.682801038088772,2.8895199601463553,lightgcn_only,1,1.7932810779424164
amazon_books,lightgcn_only,fixed,relevance,11974,fixed,lightgcn_only,fixed,0,1,True,0.9622369835297802,0.9664186578656856,fixed,1,0.004181674335905439,,,NA,,,,,NA,,,59.3,56.1,lightgcn_only,0.0,-3.1999999999999957,0.01603505118993617,0.024705096306236997,fixed,1,0.008670045116300828,3.1002275432345585,2.6064383348983324,lightgcn_only,0,-0.4937892083362261
amazon_books,lightgcn_only,fixed,relevance,4457,fixed,lightgcn_only,fixed,0,1,True,0.9654444051096005,0.6622210044388673,lightgcn_only,0,-0.30322340067073317,,,NA,,,,,NA,,,112.3,77.7,lightgcn_only,0.0,-34.599999999999994,0.020483391283733828,0.19613975480957946,fixed,1,0.17565636352584563,5.517976899716565,4.159083344521509,lightgcn_only,0,-1.3588935551950563
amazon_books,lightgcn_only,fixed,relevance,5044,fixed,lightgcn_only,fixed,0,1,True,0.9529633689692824,0.7646318440629722,lightgcn_only,0,-0.1883315249063101,,,NA,,,,,NA,,,64.9,58.2,lightgcn_only,0.0,-6.700000000000003,0.04228766339843911,0.12474434196179096,fixed,1,0.08245667856335184,5.111975458582482,3.6082176618026507,lightgcn_only,0,-1.5037577967798317
amazon_books,lightgcn_only,fixed,relevance,9664,fixed,lightgcn_only,fixed,0,1,True,0.9820859959532312,0.9871304940713787,fixed,1,0.005044498118147445,,,NA,,,,,NA,,,110.3,39.5,lightgcn_only,0.0,-70.8,0.009654153449566608,0.009520808166742011,lightgcn_only,0,-0.00013334528282459707,4.657036514683591,2.827021329957683,lightgcn_only,0,-1.8300151847259074
amazon_books,lightgcn_only,fixed,relevance,1322,lightgcn_only,lightgcn_only,fixed,1,0,True,0.9673357456041589,0.9563108521964021,lightgcn_only,1,0.011024893407756808,,4.0,NA,,,,2.0,NA,,,138.4,438.7,fixed,0.0,-300.29999999999995,0.015006967604552732,0.012817404065534605,lightgcn_only,1,0.0021895635390181273,3.6124172125763243,2.662663634119352,lightgcn_only,1,0.9497535784569724
amazon_books,lightgcn_only,fixed,relevance,8680,fixed,lightgcn_only,fixed,0,1,True,0.9817506375325846,0.8363177640395016,lightgcn_only,0,-0.14543287349308298,,,NA,,,,,NA,,,104.0,367.9,fixed,1.0,263.9,0.029911021480777965,0.13714011820533747,fixed,1,0.1072290967245595,5.187692679761,3.5703623012970818,lightgcn_only,0,-1.617330378463918
amazon_books,lightgcn_only,fixed,relevance,3864,lightgcn_only,lightgcn_only,fixed,1,0,True,0.9757711875113456,0.9159202701831403,lightgcn_only,1,0.059850917328205355,,,NA,,,,,NA,,,104.5,35.2,lightgcn_only,1.0,69.3,0.018011121008126525,0.025380979371631928,fixed,0,-0.007369858363505403,5.316105824891387,3.334704590733968,lightgcn_only,1,1.9814012341574188
amazon_books,lightgcn_only,fixed,relevance,8679,lightgcn_only,lightgcn_only,fixed,1,0,True,0.9813364149541612,0.9520412804476845,lightgcn_only,1,0.029295134506476694,,,NA,,,,,NA,,,109.1,70.5,lightgcn_only,1.0,38.599999999999994,0.011309976451032322,0.02635703323905454,fixed,0,-0.015047056788022217,3.8718784032973255,2.7984719864508336,lightgcn_only,1,1.0734064168464919
amazon_books,lightgcn_only,fixed,relevance,8449,fixed,lightgcn_only,fixed,0,1,True,0.9587569266897304,0.9626901383721066,fixed,1,0.003933211682376148,,,NA,,,,,NA,,,308.2,236.5,lightgcn_only,0.0,-71.69999999999999,0.01965934307047527,0.025250517023755005,fixed,1,0.005591173953279734,4.749121235827475,3.0228592854892335,lightgcn_only,0,-1.726261950338241
amazon_books,lightgcn_only,fixed,relevance,5335,fixed,lightgcn_only,fixed,0,1,True,0.9767942123096417,0.9614255103774421,lightgcn_only,0,-0.015368701932199635,,,NA,,,,,NA,,,218.1,231.4,fixed,1.0,13.300000000000011,0.012616932682813753,0.01706534113627427,fixed,1,0.004448408453460518,5.3719992500931175,3.298228503016033,lightgcn_only,0,-2.0737707470770843
amazon_books,lightgcn_only,fixed,relevance,5564,fixed,lightgcn_only,fixed,0,1,True,0.9499238090009237,0.9486027542728566,lightgcn_only,0,-0.0013210547280670948,,,NA,,,,,NA,,,194.2,163.2,lightgcn_only,0.0,-31.0,0.028746712599759885,0.044962830652469886,fixed,1,0.01621611805271,3.7515842502721832,3.0990225649889305,lightgcn_only,0,-0.6525616852832528
amazon_cds,gbaf,concat_mlp,balanced,14321,concat_mlp,gbaf,concat_mlp,0,1,True,0.9817579981445619,0.9934456782908105,concat_mlp,1,0.011687680146248658,,,NA,,,,,NA,,,42.3,27.4,gbaf,0.0,-14.899999999999999,0.009147876301971976,0.00900328455023537,gbaf,0,-0.00014459175173660646,4.038358632656924,4.1625397630420204,concat_mlp,1,0.1241811303850966
amazon_cds,gbaf,concat_mlp,balanced,5338,gbaf,gbaf,concat_mlp,1,0,True,0.9848288717816295,0.9804525482675683,gbaf,1,0.004376323514061142,,,NA,,,,,NA,,,146.2,111.6,gbaf,1.0,34.599999999999994,0.01160944724145401,0.011554116121154529,gbaf,1,5.5331120299480924e-05,3.9479089719733955,3.9909980187618466,concat_mlp,0,-0.043089046788451046
amazon_cds,gbaf,concat_mlp,balanced,12364,concat_mlp,gbaf,concat_mlp,0,1,True,0.8307180488749777,0.9264495852202459,concat_mlp,1,0.09573153634526821,,,NA,,,,,NA,,,107.0,109.7,concat_mlp,1.0,2.700000000000003,0.05526879784923342,0.038963372654993986,gbaf,0,-0.016305425194239435,5.266453215337013,5.335242058300956,concat_mlp,1,0.06878884296394272
amazon_cds,gbaf,concat_mlp,balanced,6869,gbaf,gbaf,concat_mlp,1,0,True,0.9865048564878894,0.9870147012993444,concat_mlp,0,-0.0005098448114549958,,,NA,,,,,NA,,,89.1,104.3,concat_mlp,0.0,-15.200000000000003,0.015578942489131392,0.012380699853613666,gbaf,1,0.0031982426355177257,4.05053645242541,3.3432598168482537,gbaf,1,0.7072766355771565
amazon_cds,gbaf,concat_mlp,balanced,11615,gbaf,gbaf,concat_mlp,1,0,True,0.9963525215749204,0.9966086588127023,concat_mlp,0,-0.0002561372377819504,,,NA,,,,,NA,,,119.2,52.9,gbaf,1.0,66.30000000000001,0.005403879008716811,0.004460804957693811,gbaf,1,0.0009430740510229995,3.7609045554766305,3.505762604953701,gbaf,1,0.2551419505229293
amazon_cds,gbaf,concat_mlp,balanced,8093,concat_mlp,gbaf,concat_mlp,0,1,True,0.9756316203987072,0.9731897846756429,gbaf,0,-0.002441835723064334,,,NA,,,,,NA,,,156.2,147.0,gbaf,0.0,-9.199999999999989,0.02065239861307736,0.017798432757028863,gbaf,0,-0.002853965856048496,3.912932072513766,3.488534345253992,gbaf,0,-0.4243977272597741
amazon_cds,gbaf,concat_mlp,balanced,9564,concat_mlp,gbaf,concat_mlp,0,1,True,0.9913994669985989,0.9852776645261201,gbaf,0,-0.006121802472478843,,,NA,,,,,NA,,,85.5,105.6,concat_mlp,1.0,20.099999999999994,0.006421958707186727,0.008899076115652455,concat_mlp,1,0.0024771174084657283,3.4681446072332562,3.461138288071775,gbaf,0,-0.007006319161481311
amazon_cds,gbaf,concat_mlp,balanced,5010,gbaf,gbaf,concat_mlp,1,0,True,0.9497741498319622,0.9868866564214565,concat_mlp,0,-0.037112506589494276,,,NA,,,,,NA,,,66.3,110.2,concat_mlp,0.0,-43.900000000000006,0.025062624655666714,0.01269204323604798,gbaf,1,0.012370581419618734,4.611274987577012,3.635094591931325,gbaf,1,0.9761803956456871
amazon_cds,gbaf,concat_mlp,balanced,9145,gbaf,gbaf,concat_mlp,1,0,True,0.9633861492001863,0.9801829079633612,concat_mlp,0,-0.01679675876317488,,,NA,,,,,NA,,,127.1,128.1,concat_mlp,0.0,-1.0,0.019867018314286587,0.01162228915835355,gbaf,1,0.008244729155933037,4.110840902218856,3.498876753130948,gbaf,1,0.6119641490879077
amazon_cds,gbaf,concat_mlp,balanced,4439,gbaf,gbaf,concat_mlp,1,0,True,0.9683042269579203,0.9925260488355949,concat_mlp,0,-0.024221821877674632,,,NA,,,,,NA,,,144.4,86.6,gbaf,1.0,57.80000000000001,0.022287710067214292,0.009245728110543208,gbaf,1,0.013041981956671084,4.606685537279779,3.236777373474225,gbaf,1,1.3699081638055537
amazon_cds,gbaf,concat_mlp,balanced,11879,gbaf,gbaf,concat_mlp,1,0,True,0.9662009757821167,0.970130236527052,concat_mlp,0,-0.00392926074493527,,,NA,,,,,NA,,,66.0,114.1,concat_mlp,0.0,-48.099999999999994,0.014099828802105635,0.02009468934281072,concat_mlp,0,-0.005994860540705084,4.676989246071772,3.1732265906324697,gbaf,1,1.503762655439302
amazon_cds,gbaf,concat_mlp,diversity,13752,concat_mlp,gbaf,concat_mlp,0,1,True,0.9847624959118296,0.9722507574663346,gbaf,0,-0.012511738445495024,,,NA,,,,,NA,,,80.3,114.7,concat_mlp,1.0,34.400000000000006,0.013023886264447044,0.006719043325141724,gbaf,0,-0.00630484293930532,4.588586276945231,4.133014061737667,gbaf,0,-0.45557221520756386
amazon_cds,gbaf,concat_mlp,diversity,965,gbaf,gbaf,concat_mlp,1,0,True,0.8819070019614411,0.9492357032357668,concat_mlp,0,-0.06732870127432566,,,NA,,,,,NA,,,135.6,116.8,gbaf,1.0,18.799999999999997,0.08178753353498003,0.05646693879962354,gbaf,1,0.025320594735356486,5.005705636932121,5.42980289451831,concat_mlp,0,-0.42409725758618855
amazon_cds,gbaf,concat_mlp,diversity,4330,gbaf,gbaf,concat_mlp,1,0,True,0.9765889245121837,0.980426441387599,concat_mlp,0,-0.0038375168754153366,,,NA,,,,,NA,,,165.6,108.0,gbaf,1.0,57.599999999999994,0.022619510624974436,0.020595885932588782,gbaf,1,0.002023624692385654,3.9413122910268426,3.7555407250446593,gbaf,1,0.18577156598218325
amazon_cds,gbaf,concat_mlp,diversity,2836,gbaf,gbaf,concat_mlp,1,0,True,0.9525447034078375,0.9505803783687294,gbaf,1,0.001964325039108039,,,NA,,,,,NA,,,107.3,81.1,gbaf,1.0,26.200000000000003,0.038285907045915744,0.03567559100376618,gbaf,1,0.002610316042149563,5.062165110904061,5.119556457800834,concat_mlp,0,-0.05739134689677261
amazon_cds,gbaf,concat_mlp,diversity,6869,concat_mlp,gbaf,concat_mlp,0,1,True,0.9865048564878894,0.9870147012993444,concat_mlp,1,0.0005098448114549958,,,NA,,,,,NA,,,89.1,104.3,concat_mlp,1.0,15.200000000000003,0.015578942489131392,0.012380699853613666,gbaf,0,-0.0031982426355177257,4.05053645242541,3.3432598168482537,gbaf,0,-0.7072766355771565
amazon_cds,gbaf,concat_mlp,diversity,3484,concat_mlp,gbaf,concat_mlp,0,1,True,0.9647420822642321,0.9819375584938678,concat_mlp,1,0.017195476229635687,,,NA,,,,,NA,,,145.5,103.3,gbaf,0.0,-42.2,0.02117484932552687,0.016924730551648105,gbaf,0,-0.004250118773878764,4.522153332150382,4.584300289096014,concat_mlp,1,0.06214695694563144
amazon_cds,gbaf,concat_mlp,diversity,4882,concat_mlp,gbaf,concat_mlp,0,1,True,0.9991302411953494,0.9964446408738071,gbaf,0,-0.002685600321542303,,,NA,,,,,NA,,,7.2,27.2,concat_mlp,1.0,20.0,0.005050848829133922,0.00515679975417917,concat_mlp,1,0.00010595092504524749,3.1436797693394416,2.984505124120955,gbaf,0,-0.1591746452184868
amazon_cds,gbaf,concat_mlp,diversity,5010,concat_mlp,gbaf,concat_mlp,0,1,True,0.9497741498319622,0.9868866564214565,concat_mlp,1,0.037112506589494276,,,NA,,,,,NA,,,66.3,110.2,concat_mlp,1.0,43.900000000000006,0.025062624655666714,0.01269204323604798,gbaf,0,-0.012370581419618734,4.611274987577012,3.635094591931325,gbaf,0,-0.9761803956456871
amazon_cds,gbaf,concat_mlp,diversity,11879,gbaf,gbaf,concat_mlp,1,0,True,0.9662009757821167,0.970130236527052,concat_mlp,0,-0.00392926074493527,,,NA,,,,,NA,,,66.0,114.1,concat_mlp,0.0,-48.099999999999994,0.014099828802105635,0.02009468934281072,concat_mlp,0,-0.005994860540705084,4.676989246071772,3.1732265906324697,gbaf,1,1.503762655439302
amazon_cds,gbaf,concat_mlp,novelty,13752,concat_mlp,gbaf,concat_mlp,0,1,True,0.9847624959118296,0.9722507574663346,gbaf,0,-0.012511738445495024,,,NA,,,,,NA,,,80.3,114.7,concat_mlp,1.0,34.400000000000006,0.013023886264447044,0.006719043325141724,gbaf,0,-0.00630484293930532,4.588586276945231,4.133014061737667,gbaf,0,-0.45557221520756386
amazon_cds,gbaf,concat_mlp,novelty,965,gbaf,gbaf,concat_mlp,1,0,True,0.8819070019614411,0.9492357032357668,concat_mlp,0,-0.06732870127432566,,,NA,,,,,NA,,,135.6,116.8,gbaf,1.0,18.799999999999997,0.08178753353498003,0.05646693879962354,gbaf,1,0.025320594735356486,5.005705636932121,5.42980289451831,concat_mlp,0,-0.42409725758618855
amazon_cds,gbaf,concat_mlp,novelty,906,gbaf,gbaf,concat_mlp,1,0,True,0.9409550969618464,0.9245912836412795,gbaf,1,0.01636381332056691,,,NA,,,,,NA,,,136.8,122.4,gbaf,1.0,14.400000000000006,0.046378237979260856,0.043115309733647036,gbaf,1,0.0032629282456138192,3.076641131049114,3.0509457125333683,gbaf,1,0.02569541851574586
amazon_cds,gbaf,concat_mlp,novelty,2105,concat_mlp,gbaf,concat_mlp,0,1,True,0.9906846727569542,0.9812039196346951,gbaf,0,-0.009480753122259045,,,NA,,,,,NA,,,57.7,65.5,concat_mlp,1.0,7.799999999999997,0.013332657964728467,0.012390252339193903,gbaf,0,-0.0009424056255345637,3.9989379329077304,3.6345604001403657,gbaf,0,-0.3643775327673646
amazon_cds,gbaf,concat_mlp,novelty,14125,concat_mlp,gbaf,concat_mlp,0,1,True,0.9652338572113632,0.9812590867271371,concat_mlp,1,0.016025229515773898,,,NA,,,,,NA,,,131.5,58.3,gbaf,0.0,-73.2,0.023430503778267667,0.018108693166905755,gbaf,0,-0.005321810611361912,3.720000732258608,3.3786133580983133,gbaf,0,-0.34138737416029485
amazon_cds,gbaf,concat_mlp,novelty,5338,gbaf,gbaf,concat_mlp,1,0,True,0.9848288717816295,0.9804525482675683,gbaf,1,0.004376323514061142,,,NA,,,,,NA,,,146.2,111.6,gbaf,1.0,34.599999999999994,0.01160944724145401,0.011554116121154529,gbaf,1,5.5331120299480924e-05,3.9479089719733955,3.9909980187618466,concat_mlp,0,-0.043089046788451046
amazon_cds,gbaf,concat_mlp,novelty,10856,gbaf,gbaf,concat_mlp,1,0,True,0.9846917882225134,0.9730096914508772,gbaf,1,0.011682096771636119,,,NA,,,,,NA,,,111.1,111.3,concat_mlp,0.0,-0.20000000000000284,0.020809104748987374,0.021516984606750285,concat_mlp,0,-0.0007078798577629108,4.145428146790624,5.380379866941718,concat_mlp,0,-1.234951720151094
amazon_cds,gbaf,concat_mlp,novelty,4330,gbaf,gbaf,concat_mlp,1,0,True,0.9765889245121837,0.980426441387599,concat_mlp,0,-0.0038375168754153366,,,NA,,,,,NA,,,165.6,108.0,gbaf,1.0,57.599999999999994,0.022619510624974436,0.020595885932588782,gbaf,1,0.002023624692385654,3.9413122910268426,3.7555407250446593,gbaf,1,0.18577156598218325
amazon_cds,gbaf,concat_mlp,novelty,2836,gbaf,gbaf,concat_mlp,1,0,True,0.9525447034078375,0.9505803783687294,gbaf,1,0.001964325039108039,,,NA,,,,,NA,,,107.3,81.1,gbaf,1.0,26.200000000000003,0.038285907045915744,0.03567559100376618,gbaf,1,0.002610316042149563,5.062165110904061,5.119556457800834,concat_mlp,0,-0.05739134689677261
amazon_cds,gbaf,concat_mlp,novelty,3628,concat_mlp,gbaf,concat_mlp,0,1,True,0.9525876104308306,0.9703982553926239,concat_mlp,1,0.017810644961793298,,,NA,,,,,NA,,,117.7,248.5,concat_mlp,1.0,130.8,0.06431980240553861,0.03793137733741876,gbaf,0,-0.02638842506811985,4.412878761909882,4.489539200645357,concat_mlp,1,0.07666043873547501
amazon_cds,gbaf,concat_mlp,novelty,7089,gbaf,gbaf,concat_mlp,1,0,True,0.9533417657948211,0.9760833128392481,concat_mlp,0,-0.02274154704442699,,,NA,,,,,NA,,,100.5,119.1,concat_mlp,0.0,-18.599999999999994,0.022815411545957117,0.01760403126513407,gbaf,1,0.005211380280823047,3.7635658503838463,3.6122007112181684,gbaf,1,0.15136513916567784
amazon_cds,gbaf,concat_mlp,novelty,830,concat_mlp,gbaf,concat_mlp,0,1,True,0.9765217102081547,0.957971563798688,gbaf,0,-0.018550146409466728,,,NA,,,,,NA,,,105.5,109.1,concat_mlp,1.0,3.5999999999999943,0.01691195152080804,0.021819426575643106,concat_mlp,1,0.004907475054835065,4.032090048018003,3.2140027629350967,gbaf,0,-0.8180872850829064
amazon_cds,gbaf,concat_mlp,novelty,6869,concat_mlp,gbaf,concat_mlp,0,1,True,0.9865048564878894,0.9870147012993444,concat_mlp,1,0.0005098448114549958,,,NA,,,,,NA,,,89.1,104.3,concat_mlp,1.0,15.200000000000003,0.015578942489131392,0.012380699853613666,gbaf,0,-0.0031982426355177257,4.05053645242541,3.3432598168482537,gbaf,0,-0.7072766355771565
amazon_cds,gbaf,concat_mlp,novelty,3484,concat_mlp,gbaf,concat_mlp,0,1,True,0.9647420822642321,0.9819375584938678,concat_mlp,1,0.017195476229635687,,,NA,,,,,NA,,,145.5,103.3,gbaf,0.0,-42.2,0.02117484932552687,0.016924730551648105,gbaf,0,-0.004250118773878764,4.522153332150382,4.584300289096014,concat_mlp,1,0.06214695694563144
amazon_cds,gbaf,concat_mlp,novelty,10156,gbaf,gbaf,concat_mlp,1,0,True,0.9811435716416957,0.9638642511971095,gbaf,1,0.017279320444586244,,,NA,,,,,NA,,,102.7,103.0,concat_mlp,0.0,-0.29999999999999716,0.014885133552800961,0.015471286216842637,concat_mlp,0,-0.0005861526640416753,5.080046205275752,5.159151865972246,concat_mlp,0,-0.07910566069649416
amazon_cds,gbaf,concat_mlp,novelty,4882,concat_mlp,gbaf,concat_mlp,0,1,True,0.9991302411953494,0.9964446408738071,gbaf,0,-0.002685600321542303,,,NA,,,,,NA,,,7.2,27.2,concat_mlp,1.0,20.0,0.005050848829133922,0.00515679975417917,concat_mlp,1,0.00010595092504524749,3.1436797693394416,2.984505124120955,gbaf,0,-0.1591746452184868
amazon_cds,gbaf,concat_mlp,novelty,9564,gbaf,gbaf,concat_mlp,1,0,True,0.9913994669985989,0.9852776645261201,gbaf,1,0.006121802472478843,,,NA,,,,,NA,,,85.5,105.6,concat_mlp,0.0,-20.099999999999994,0.006421958707186727,0.008899076115652455,concat_mlp,0,-0.0024771174084657283,3.4681446072332562,3.461138288071775,gbaf,1,0.007006319161481311
amazon_cds,gbaf,concat_mlp,novelty,2080,concat_mlp,gbaf,concat_mlp,0,1,True,0.9741283887911921,0.9738507661647829,gbaf,0,-0.0002776226264091797,,,NA,,,,,NA,,,149.5,144.9,gbaf,0.0,-4.599999999999994,0.023276339182951484,0.026210854811641836,concat_mlp,1,0.002934515628690352,4.048632143965424,3.959862868167243,gbaf,0,-0.08876927579818084
amazon_cds,gbaf,concat_mlp,novelty,5010,concat_mlp,gbaf,concat_mlp,0,1,True,0.9497741498319622,0.9868866564214565,concat_mlp,1,0.037112506589494276,,,NA,,,,,NA,,,66.3,110.2,concat_mlp,1.0,43.900000000000006,0.025062624655666714,0.01269204323604798,gbaf,0,-0.012370581419618734,4.611274987577012,3.635094591931325,gbaf,0,-0.9761803956456871
amazon_cds,gbaf,concat_mlp,novelty,9145,concat_mlp,gbaf,concat_mlp,0,1,True,0.9633861492001863,0.9801829079633612,concat_mlp,1,0.01679675876317488,,,NA,,,,,NA,,,127.1,128.1,concat_mlp,1.0,1.0,0.019867018314286587,0.01162228915835355,gbaf,0,-0.008244729155933037,4.110840902218856,3.498876753130948,gbaf,0,-0.6119641490879077
amazon_cds,gbaf,concat_mlp,novelty,15424,gbaf,gbaf,concat_mlp,1,0,True,0.9669328031173737,0.9582438849525441,gbaf,1,0.00868891816482964,,,NA,,,,,NA,,,153.5,156.0,concat_mlp,0.0,-2.5,0.025108755978362884,0.021594657028078102,gbaf,1,0.0035140989502847816,4.955920350464244,4.614591420749838,gbaf,1,0.34132892971440576
amazon_cds,gbaf,concat_mlp,novelty,11879,concat_mlp,gbaf,concat_mlp,0,1,True,0.9662009757821167,0.970130236527052,concat_mlp,1,0.00392926074493527,,,NA,,,,,NA,,,66.0,114.1,concat_mlp,1.0,48.099999999999994,0.014099828802105635,0.02009468934281072,concat_mlp,1,0.005994860540705084,4.676989246071772,3.1732265906324697,gbaf,0,-1.503762655439302
amazon_cds,gbaf,concat_mlp,relevance,906,gbaf,gbaf,concat_mlp,1,0,True,0.9409550969618464,0.9245912836412795,gbaf,1,0.01636381332056691,,,NA,,,,,NA,,,136.8,122.4,gbaf,1.0,14.400000000000006,0.046378237979260856,0.043115309733647036,gbaf,1,0.0032629282456138192,3.076641131049114,3.0509457125333683,gbaf,1,0.02569541851574586
amazon_cds,gbaf,concat_mlp,relevance,5338,gbaf,gbaf,concat_mlp,1,0,True,0.9848288717816295,0.9804525482675683,gbaf,1,0.004376323514061142,,,NA,,,,,NA,,,146.2,111.6,gbaf,1.0,34.599999999999994,0.01160944724145401,0.011554116121154529,gbaf,1,5.5331120299480924e-05,3.9479089719733955,3.9909980187618466,concat_mlp,0,-0.043089046788451046
amazon_cds,gbaf,concat_mlp,relevance,2836,gbaf,gbaf,concat_mlp,1,0,True,0.9525447034078375,0.9505803783687294,gbaf,1,0.001964325039108039,,,NA,,,,,NA,,,107.3,81.1,gbaf,1.0,26.200000000000003,0.038285907045915744,0.03567559100376618,gbaf,1,0.002610316042149563,5.062165110904061,5.119556457800834,concat_mlp,0,-0.05739134689677261
amazon_cds,gbaf,concat_mlp,relevance,13540,gbaf,gbaf,concat_mlp,1,0,True,0.9787727131661126,0.9699688613903993,gbaf,1,0.0088038517757133,,,NA,,,,,NA,,,210.5,152.1,gbaf,1.0,58.400000000000006,0.017489377690594207,0.02295004532267946,concat_mlp,0,-0.005460667632085251,4.217701062804109,3.192667826898806,gbaf,1,1.0250332359053034
amazon_cds,gbaf,concat_mlp,relevance,7089,concat_mlp,gbaf,concat_mlp,0,1,True,0.9533417657948211,0.9760833128392481,concat_mlp,1,0.02274154704442699,,,NA,,,,,NA,,,100.5,119.1,concat_mlp,1.0,18.599999999999994,0.022815411545957117,0.01760403126513407,gbaf,0,-0.005211380280823047,3.7635658503838463,3.6122007112181684,gbaf,0,-0.15136513916567784
amazon_cds,gbaf,concat_mlp,relevance,4645,concat_mlp,gbaf,concat_mlp,0,1,True,0.989782198548342,0.9815359027337074,gbaf,0,-0.008246295814634652,,,NA,,,,,NA,,,111.8,99.7,gbaf,0.0,-12.099999999999994,0.01762737177525122,0.016340337085711025,gbaf,0,-0.0012870346895401952,3.961106831523297,3.522633978442889,gbaf,0,-0.43847285308040806
amazon_cds,gbaf,concat_mlp,relevance,3640,concat_mlp,gbaf,concat_mlp,0,1,True,0.9632153270638801,0.9587537374075129,gbaf,0,-0.004461589656367226,,,NA,,,,,NA,,,191.8,226.2,concat_mlp,1.0,34.39999999999998,0.02596200635323049,0.0275709478366099,concat_mlp,1,0.001608941483379412,4.296672579528633,4.8725378659991385,concat_mlp,1,0.5758652864705054
amazon_cds,gbaf,concat_mlp,relevance,830,concat_mlp,gbaf,concat_mlp,0,1,True,0.9765217102081547,0.957971563798688,gbaf,0,-0.018550146409466728,,,NA,,,,,NA,,,105.5,109.1,concat_mlp,1.0,3.5999999999999943,0.01691195152080804,0.021819426575643106,concat_mlp,1,0.004907475054835065,4.032090048018003,3.2140027629350967,gbaf,0,-0.8180872850829064
amazon_cds,gbaf,concat_mlp,relevance,3169,concat_mlp,gbaf,concat_mlp,0,1,True,0.9561661687423716,0.9905891694885866,concat_mlp,1,0.03442300074621496,,,NA,,,,,NA,,,219.7,153.8,gbaf,0.0,-65.89999999999998,0.023216380797771087,0.015475277916123287,gbaf,0,-0.0077411028816478,4.556351884384328,4.897800744395667,concat_mlp,1,0.34144886001133923
amazon_cds,gbaf,concat_mlp,relevance,11615,gbaf,gbaf,concat_mlp,1,0,True,0.9963525215749204,0.9966086588127023,concat_mlp,0,-0.0002561372377819504,,,NA,,,,,NA,,,119.2,52.9,gbaf,1.0,66.30000000000001,0.005403879008716811,0.004460804957693811,gbaf,1,0.0009430740510229995,3.7609045554766305,3.505762604953701,gbaf,1,0.2551419505229293
amazon_cds,gbaf,concat_mlp,relevance,8093,concat_mlp,gbaf,concat_mlp,0,1,True,0.9756316203987072,0.9731897846756429,gbaf,0,-0.002441835723064334,,,NA,,,,,NA,,,156.2,147.0,gbaf,0.0,-9.199999999999989,0.02065239861307736,0.017798432757028863,gbaf,0,-0.002853965856048496,3.912932072513766,3.488534345253992,gbaf,0,-0.4243977272597741
amazon_cds,gbaf,concat_mlp,relevance,5010,gbaf,gbaf,concat_mlp,1,0,True,0.9497741498319622,0.9868866564214565,concat_mlp,0,-0.037112506589494276,,,NA,,,,,NA,,,66.3,110.2,concat_mlp,0.0,-43.900000000000006,0.025062624655666714,0.01269204323604798,gbaf,1,0.012370581419618734,4.611274987577012,3.635094591931325,gbaf,1,0.9761803956456871
amazon_cds,gbaf,concat_mlp,relevance,4439,gbaf,gbaf,concat_mlp,1,0,True,0.9683042269579203,0.9925260488355949,concat_mlp,0,-0.024221821877674632,,,NA,,,,,NA,,,144.4,86.6,gbaf,1.0,57.80000000000001,0.022287710067214292,0.009245728110543208,gbaf,1,0.013041981956671084,4.606685537279779,3.236777373474225,gbaf,1,1.3699081638055537
amazon_cds,gbaf,concat_mlp,relevance,489,concat_mlp,gbaf,concat_mlp,0,1,True,0.9858536556177334,0.9821330338676222,gbaf,0,-0.0037206217501112304,,,NA,,,,,NA,,,145.7,182.3,concat_mlp,1.0,36.60000000000002,0.013881447895768487,0.018596643840096926,concat_mlp,1,0.0047151959443284385,4.344606287630196,4.572858255415477,concat_mlp,1,0.22825196778528145
amazon_cds,gbaf,concat_mlp,relevance,10328,concat_mlp,gbaf,concat_mlp,0,1,True,0.957172376433795,0.9479337569113488,gbaf,0,-0.009238619522446201,,,NA,,,,,NA,,,86.1,77.7,gbaf,0.0,-8.399999999999991,0.03231222248471558,0.036648873100166825,concat_mlp,1,0.004336650615451243,4.790181136673045,5.014547507397616,concat_mlp,1,0.22436637072457088
amazon_cds,gbaf,fixed,balanced,14321,fixed,gbaf,fixed,0,1,True,0.9817579981445619,0.9713827180045491,gbaf,0,-0.010375280140012766,,,NA,,,,,NA,,,42.3,68.7,fixed,1.0,26.400000000000006,0.009147876301971976,0.013293541841232841,fixed,1,0.004145665539260865,4.038358632656924,4.005979675108517,gbaf,0,-0.03237895754840725
amazon_cds,gbaf,fixed,balanced,13315,gbaf,gbaf,fixed,1,0,True,0.984531619101402,0.9904519766913403,fixed,0,-0.005920357589938363,,,NA,,,,,NA,,,118.8,70.5,gbaf,1.0,48.3,0.01248635994687301,0.00900332242868998,gbaf,1,0.003483037518183029,5.387823168498111,5.334747348295356,gbaf,1,0.053075820202754365
amazon_cds,gbaf,fixed,balanced,13752,fixed,gbaf,fixed,0,1,True,0.9847624959118296,0.9790520332968047,gbaf,0,-0.005710462615024947,,,NA,,,,,NA,,,80.3,123.5,fixed,1.0,43.2,0.013023886264447044,0.012118369507639613,gbaf,0,-0.0009055167568074313,4.588586276945231,3.119765954467463,gbaf,0,-1.4688203224777676
amazon_cds,gbaf,fixed,balanced,906,gbaf,gbaf,fixed,1,0,True,0.9409550969618464,0.9341627131496462,gbaf,1,0.0067923838122002644,,,NA,,,,,NA,,,136.8,136.6,gbaf,1.0,0.20000000000001705,0.046378237979260856,0.03969971924823863,gbaf,1,0.006678518731022223,3.076641131049114,3.10880273437515,fixed,0,-0.03216160332603568
amazon_cds,gbaf,fixed,balanced,2217,gbaf,gbaf,fixed,1,0,True,0.985338363588042,0.9823781123315062,gbaf,1,0.002960251256535873,,,NA,,,,,NA,,,158.5,134.4,gbaf,1.0,24.099999999999994,0.01607968535057834,0.016214557473561125,fixed,0,-0.00013487212298278484,4.311558645118526,3.3732626844205527,gbaf,1,0.9382959606979737
amazon_cds,gbaf,fixed,balanced,2562,gbaf,gbaf,fixed,1,0,True,0.9653286071456398,0.9783433726758588,fixed,0,-0.013014765530218964,,,NA,,,,,NA,,,84.8,5.6,gbaf,1.0,79.2,0.028745046190275052,0.005318307512900618,gbaf,1,0.023426738677374433,4.7365217598932,3.4998661543389114,gbaf,1,1.2366556055542883
amazon_cds,gbaf,fixed,balanced,7089,gbaf,gbaf,fixed,1,0,True,0.9533417657948211,0.9877526527240981,fixed,0,-0.03441088692927696,,,NA,,,,,NA,,,100.5,107.0,fixed,0.0,-6.5,0.022815411545957117,0.014649873564124337,gbaf,1,0.00816553798183278,3.7635658503838463,4.136802308449945,fixed,0,-0.37323645806609873
amazon_cds,gbaf,fixed,balanced,8023,gbaf,gbaf,fixed,1,0,True,0.9742060819563485,0.9726717582756726,gbaf,1,0.0015343236806758531,,,NA,,,,,NA,,,84.9,131.3,fixed,0.0,-46.400000000000006,0.03488624969368936,0.0314498820503267,gbaf,1,0.0034363676433626575,3.2761558472710335,3.032919589921154,gbaf,1,0.24323625734987964
amazon_cds,gbaf,fixed,balanced,3169,gbaf,gbaf,fixed,1,0,True,0.9561661687423716,0.9623188497217102,fixed,0,-0.006152680979338632,,,NA,,,,,NA,,,219.7,169.9,gbaf,1.0,49.79999999999998,0.023216380797771087,0.03020982453952221,fixed,0,-0.006993443741751124,4.556351884384328,3.715214823336408,gbaf,1,0.8411370610479199
amazon_cds,gbaf,fixed,balanced,15216,fixed,gbaf,fixed,0,1,True,0.9817853984107003,0.9764810077923203,gbaf,0,-0.0053043906183800615,,,NA,,,,,NA,,,68.8,201.4,fixed,1.0,132.60000000000002,0.011365028119659464,0.011127406278797405,gbaf,0,-0.00023762184086205916,4.504271795680114,3.62279799058973,gbaf,0,-0.8814738050903839
amazon_cds,gbaf,fixed,balanced,11615,gbaf,gbaf,fixed,1,0,True,0.9963525215749204,0.9899358214852393,gbaf,1,0.006416700089681093,,,NA,,,,,NA,,,119.2,57.3,gbaf,1.0,61.900000000000006,0.005403879008716811,0.002807892156141761,gbaf,1,0.0025959868525750494,3.7609045554766305,2.8763445768961935,gbaf,1,0.884559978580437
amazon_cds,gbaf,fixed,balanced,12412,gbaf,gbaf,fixed,1,0,True,0.9772249943053022,0.9872623755398278,fixed,0,-0.010037381234525578,,,NA,,,,,NA,,,136.1,74.3,gbaf,1.0,61.8,0.020469244490539742,0.014355114151747736,gbaf,1,0.0061141303387920055,3.094674041404457,2.7242593883062343,gbaf,1,0.37041465309822286
amazon_cds,gbaf,fixed,balanced,9564,fixed,gbaf,fixed,0,1,True,0.9913994669985989,0.941827314761698,gbaf,0,-0.049572152236900924,,,NA,,,,,NA,,,85.5,115.4,fixed,1.0,29.900000000000006,0.006421958707186727,0.02529436117505691,fixed,1,0.018872402467870183,3.4681446072332562,3.6500641077523035,fixed,1,0.18191950051904726
amazon_cds,gbaf,fixed,balanced,5010,gbaf,gbaf,fixed,1,0,True,0.9497741498319622,0.9700744301831351,fixed,0,-0.020300280351172928,,,NA,,,,,NA,,,66.3,163.6,fixed,0.0,-97.3,0.025062624655666714,0.018514275515534678,gbaf,1,0.006548349140132036,4.611274987577012,3.5995095200591662,gbaf,1,1.0117654675178458
amazon_cds,gbaf,fixed,balanced,4439,gbaf,gbaf,fixed,1,0,True,0.9683042269579203,0.9612893679556753,gbaf,1,0.007014859002244966,,,NA,,,,,NA,,,144.4,173.5,fixed,0.0,-29.099999999999994,0.022287710067214292,0.022707242249499993,fixed,0,-0.00041953218228570066,4.606685537279779,3.4422988551346783,gbaf,1,1.1643866821451003
amazon_cds,gbaf,fixed,diversity,14321,fixed,gbaf,fixed,0,1,True,0.9817579981445619,0.9713827180045491,gbaf,0,-0.010375280140012766,,,NA,,,,,NA,,,42.3,68.7,fixed,1.0,26.400000000000006,0.009147876301971976,0.013293541841232841,fixed,1,0.004145665539260865,4.038358632656924,4.005979675108517,gbaf,0,-0.03237895754840725
amazon_cds,gbaf,fixed,diversity,13315,gbaf,gbaf,fixed,1,0,True,0.984531619101402,0.9904519766913403,fixed,0,-0.005920357589938363,,,NA,,,,,NA,,,118.8,70.5,gbaf,1.0,48.3,0.01248635994687301,0.00900332242868998,gbaf,1,0.003483037518183029,5.387823168498111,5.334747348295356,gbaf,1,0.053075820202754365
amazon_cds,gbaf,fixed,diversity,13752,fixed,gbaf,fixed,0,1,True,0.9847624959118296,0.9790520332968047,gbaf,0,-0.005710462615024947,,,NA,,,,,NA,,,80.3,123.5,fixed,1.0,43.2,0.013023886264447044,0.012118369507639613,gbaf,0,-0.0009055167568074313,4.588586276945231,3.119765954467463,gbaf,0,-1.4688203224777676
amazon_cds,gbaf,fixed,diversity,906,fixed,gbaf,fixed,0,1,True,0.9409550969618464,0.9341627131496462,gbaf,0,-0.0067923838122002644,,,NA,,,,,NA,,,136.8,136.6,gbaf,0.0,-0.20000000000001705,0.046378237979260856,0.03969971924823863,gbaf,0,-0.006678518731022223,3.076641131049114,3.10880273437515,fixed,1,0.03216160332603568
amazon_cds,gbaf,fixed,diversity,5338,fixed,gbaf,fixed,0,1,True,0.9848288717816295,0.9865686930341979,fixed,1,0.0017398212525684409,,,NA,,,,,NA,,,146.2,63.4,gbaf,0.0,-82.79999999999998,0.01160944724145401,0.00846848568322115,gbaf,0,-0.0031409615582328604,3.9479089719733955,3.0574143186245784,gbaf,0,-0.8904946533488172
amazon_cds,gbaf,fixed,diversity,10856,gbaf,gbaf,fixed,1,0,True,0.9846917882225134,0.9836461392991238,gbaf,1,0.0010456489233895416,,,NA,,,,,NA,,,111.1,93.8,gbaf,1.0,17.299999999999997,0.020809104748987374,0.025196816117702633,fixed,0,-0.004387711368715259,4.145428146790624,3.6310954872039227,gbaf,1,0.5143326595867013
amazon_cds,gbaf,fixed,diversity,2217,gbaf,gbaf,fixed,1,0,True,0.985338363588042,0.9823781123315062,gbaf,1,0.002960251256535873,,,NA,,,,,NA,,,158.5,134.4,gbaf,1.0,24.099999999999994,0.01607968535057834,0.016214557473561125,fixed,0,-0.00013487212298278484,4.311558645118526,3.3732626844205527,gbaf,1,0.9382959606979737
amazon_cds,gbaf,fixed,diversity,2562,gbaf,gbaf,fixed,1,0,True,0.9653286071456398,0.9783433726758588,fixed,0,-0.013014765530218964,,,NA,,,,,NA,,,84.8,5.6,gbaf,1.0,79.2,0.028745046190275052,0.005318307512900618,gbaf,1,0.023426738677374433,4.7365217598932,3.4998661543389114,gbaf,1,1.2366556055542883
amazon_cds,gbaf,fixed,diversity,4645,gbaf,gbaf,fixed,1,0,True,0.989782198548342,0.9561038780829791,gbaf,1,0.0336783204653629,,,NA,,,,,NA,,,111.8,87.4,gbaf,1.0,24.39999999999999,0.01762737177525122,0.023120497503047743,fixed,0,-0.0054931257277965224,3.961106831523297,2.7965134362318915,gbaf,1,1.1645933952914054
amazon_cds,gbaf,fixed,diversity,6005,fixed,gbaf,fixed,0,1,True,0.9484762706201886,0.958605784812723,fixed,1,0.010129514192534383,,,NA,,,,,NA,,,112.9,96.7,gbaf,0.0,-16.200000000000003,0.021083287714479666,0.02102892958470843,gbaf,0,-5.43581297712363e-05,5.039152180787969,4.217071072654646,gbaf,0,-0.8220811081333235
amazon_cds,gbaf,fixed,diversity,3169,gbaf,gbaf,fixed,1,0,True,0.9561661687423716,0.9623188497217102,fixed,0,-0.006152680979338632,,,NA,,,,,NA,,,219.7,169.9,gbaf,1.0,49.79999999999998,0.023216380797771087,0.03020982453952221,fixed,0,-0.006993443741751124,4.556351884384328,3.715214823336408,gbaf,1,0.8411370610479199
amazon_cds,gbaf,fixed,diversity,1726,gbaf,gbaf,fixed,1,0,True,0.9367818431075784,0.9681792764786817,fixed,0,-0.031397433371103345,,,NA,,,,,NA,,,207.1,198.1,gbaf,1.0,9.0,0.04778691064303004,0.024300730460675116,gbaf,1,0.023486180182354925,4.381217667438561,3.0066859031946658,gbaf,1,1.374531764243895
amazon_cds,gbaf,fixed,diversity,6869,gbaf,gbaf,fixed,1,0,True,0.9865048564878894,0.9626286758569658,gbaf,1,0.02387618063092367,,,NA,,,,,NA,,,89.1,92.5,fixed,0.0,-3.4000000000000057,0.015578942489131392,0.014776868246760666,gbaf,1,0.0008020742423707258,4.05053645242541,4.439419846934305,fixed,0,-0.38888339450889475
amazon_cds,gbaf,fixed,diversity,3484,gbaf,gbaf,fixed,1,0,True,0.9647420822642321,0.9468277705748998,gbaf,1,0.01791431168933233,,,NA,,,,,NA,,,145.5,194.9,fixed,0.0,-49.400000000000006,0.02117484932552687,0.02271603672121569,fixed,0,-0.0015411873956888214,4.522153332150382,3.682530639699569,gbaf,1,0.839622692450813
amazon_cds,gbaf,fixed,diversity,15216,fixed,gbaf,fixed,0,1,True,0.9817853984107003,0.9764810077923203,gbaf,0,-0.0053043906183800615,,,NA,,,,,NA,,,68.8,201.4,fixed,1.0,132.60000000000002,0.011365028119659464,0.011127406278797405,gbaf,0,-0.00023762184086205916,4.504271795680114,3.62279799058973,gbaf,0,-0.8814738050903839
amazon_cds,gbaf,fixed,diversity,11615,gbaf,gbaf,fixed,1,0,True,0.9963525215749204,0.9899358214852393,gbaf,1,0.006416700089681093,,,NA,,,,,NA,,,119.2,57.3,gbaf,1.0,61.900000000000006,0.005403879008716811,0.002807892156141761,gbaf,1,0.0025959868525750494,3.7609045554766305,2.8763445768961935,gbaf,1,0.884559978580437
amazon_cds,gbaf,fixed,diversity,4882,fixed,gbaf,fixed,0,1,True,0.9991302411953494,0.9660254597824524,gbaf,0,-0.03310478141289708,,,NA,,,,,NA,,,7.2,41.4,fixed,1.0,34.199999999999996,0.005050848829133922,0.0035344518818963846,gbaf,0,-0.0015163969472375377,3.1436797693394416,2.9173236559986866,gbaf,0,-0.226356113340755
amazon_cds,gbaf,fixed,diversity,5010,fixed,gbaf,fixed,0,1,True,0.9497741498319622,0.9700744301831351,fixed,1,0.020300280351172928,,,NA,,,,,NA,,,66.3,163.6,fixed,1.0,97.3,0.025062624655666714,0.018514275515534678,gbaf,0,-0.006548349140132036,4.611274987577012,3.5995095200591662,gbaf,0,-1.0117654675178458
amazon_cds,gbaf,fixed,diversity,489,gbaf,gbaf,fixed,1,0,True,0.9858536556177334,0.9867774126653798,fixed,0,-0.0009237570476463564,,,NA,,,,,NA,,,145.7,130.3,gbaf,1.0,15.399999999999977,0.013881447895768487,0.013761733371645718,gbaf,1,0.00011971452412276942,4.344606287630196,4.258136592297882,gbaf,1,0.08646969533231363
amazon_cds,gbaf,fixed,novelty,13315,fixed,gbaf,fixed,0,1,True,0.984531619101402,0.9904519766913403,fixed,1,0.005920357589938363,,,NA,,,,,NA,,,118.8,70.5,gbaf,0.0,-48.3,0.01248635994687301,0.00900332242868998,gbaf,0,-0.003483037518183029,5.387823168498111,5.334747348295356,gbaf,0,-0.053075820202754365
amazon_cds,gbaf,fixed,novelty,13209,gbaf,gbaf,fixed,1,0,True,0.9566443986333237,0.9699827414091773,fixed,0,-0.013338342775853551,,,NA,,,,,NA,,,97.3,79.2,gbaf,1.0,18.099999999999994,0.044998558111818306,0.026283986990406686,gbaf,1,0.01871457112141162,4.032931136010959,2.792811471588722,gbaf,1,1.2401196644222376
amazon_cds,gbaf,fixed,novelty,5338,gbaf,gbaf,fixed,1,0,True,0.9848288717816295,0.9865686930341979,fixed,0,-0.0017398212525684409,,,NA,,,,,NA,,,146.2,63.4,gbaf,1.0,82.79999999999998,0.01160944724145401,0.00846848568322115,gbaf,1,0.0031409615582328604,3.9479089719733955,3.0574143186245784,gbaf,1,0.8904946533488172
amazon_cds,gbaf,fixed,novelty,2562,gbaf,gbaf,fixed,1,0,True,0.9653286071456398,0.9783433726758588,fixed,0,-0.013014765530218964,,,NA,,,,,NA,,,84.8,5.6,gbaf,1.0,79.2,0.028745046190275052,0.005318307512900618,gbaf,1,0.023426738677374433,4.7365217598932,3.4998661543389114,gbaf,1,1.2366556055542883
amazon_cds,gbaf,fixed,novelty,7089,gbaf,gbaf,fixed,1,0,True,0.9533417657948211,0.9877526527240981,fixed,0,-0.03441088692927696,,,NA,,,,,NA,,,100.5,107.0,fixed,0.0,-6.5,0.022815411545957117,0.014649873564124337,gbaf,1,0.00816553798183278,3.7635658503838463,4.136802308449945,fixed,0,-0.37323645806609873
amazon_cds,gbaf,fixed,novelty,5923,gbaf,gbaf,fixed,1,0,True,0.9713000360692849,0.9603848394762364,gbaf,1,0.010915196593048515,,,NA,,,,,NA,,,215.5,156.0,gbaf,1.0,59.5,0.03499589168901081,0.032015203372450174,gbaf,1,0.002980688316560634,4.130479185372272,3.913636042275493,gbaf,1,0.2168431430967792
amazon_cds,gbaf,fixed,novelty,6005,fixed,gbaf,fixed,0,1,True,0.9484762706201886,0.958605784812723,fixed,1,0.010129514192534383,,,NA,,,,,NA,,,112.9,96.7,gbaf,0.0,-16.200000000000003,0.021083287714479666,0.02102892958470843,gbaf,0,-5.43581297712363e-05,5.039152180787969,4.217071072654646,gbaf,0,-0.8220811081333235
amazon_cds,gbaf,fixed,novelty,8860,gbaf,gbaf,fixed,1,0,True,0.9906880658610515,0.9731507729779667,gbaf,1,0.01753729288308481,,,NA,,,,,NA,,,139.3,159.2,fixed,0.0,-19.899999999999977,0.01468196001108516,0.0221046601677957,fixed,0,-0.0074227001567105395,3.5538461461405704,3.6690365796505175,fixed,0,-0.11519043350994718
amazon_cds,gbaf,fixed,novelty,3169,gbaf,gbaf,fixed,1,0,True,0.9561661687423716,0.9623188497217102,fixed,0,-0.006152680979338632,,,NA,,,,,NA,,,219.7,169.9,gbaf,1.0,49.79999999999998,0.023216380797771087,0.03020982453952221,fixed,0,-0.006993443741751124,4.556351884384328,3.715214823336408,gbaf,1,0.8411370610479199
amazon_cds,gbaf,fixed,novelty,1726,gbaf,gbaf,fixed,1,0,True,0.9367818431075784,0.9681792764786817,fixed,0,-0.031397433371103345,,,NA,,,,,NA,,,207.1,198.1,gbaf,1.0,9.0,0.04778691064303004,0.024300730460675116,gbaf,1,0.023486180182354925,4.381217667438561,3.0066859031946658,gbaf,1,1.374531764243895
amazon_cds,gbaf,fixed,novelty,5610,fixed,gbaf,fixed,0,1,True,0.9619121363357535,0.9875805397347758,fixed,1,0.02566840339902232,,,NA,,,,,NA,,,139.9,138.5,gbaf,0.0,-1.4000000000000057,0.015740406518122065,0.014433626961368518,gbaf,0,-0.001306779556753547,3.97264303089245,3.3542236096337144,gbaf,0,-0.6184194212587357
amazon_cds,gbaf,fixed,novelty,15216,fixed,gbaf,fixed,0,1,True,0.9817853984107003,0.9764810077923203,gbaf,0,-0.0053043906183800615,,,NA,,,,,NA,,,68.8,201.4,fixed,1.0,132.60000000000002,0.011365028119659464,0.011127406278797405,gbaf,0,-0.00023762184086205916,4.504271795680114,3.62279799058973,gbaf,0,-0.8814738050903839
amazon_cds,gbaf,fixed,novelty,11615,gbaf,gbaf,fixed,1,0,True,0.9963525215749204,0.9899358214852393,gbaf,1,0.006416700089681093,,,NA,,,,,NA,,,119.2,57.3,gbaf,1.0,61.900000000000006,0.005403879008716811,0.002807892156141761,gbaf,1,0.0025959868525750494,3.7609045554766305,2.8763445768961935,gbaf,1,0.884559978580437
amazon_cds,gbaf,fixed,novelty,4882,fixed,gbaf,fixed,0,1,True,0.9991302411953494,0.9660254597824524,gbaf,0,-0.03310478141289708,,,NA,,,,,NA,,,7.2,41.4,fixed,1.0,34.199999999999996,0.005050848829133922,0.0035344518818963846,gbaf,0,-0.0015163969472375377,3.1436797693394416,2.9173236559986866,gbaf,0,-0.226356113340755
amazon_cds,gbaf,fixed,novelty,2080,fixed,gbaf,fixed,0,1,True,0.9741283887911921,0.9749138401428469,fixed,1,0.0007854513516547534,,,NA,,,,,NA,,,149.5,170.7,fixed,1.0,21.19999999999999,0.023276339182951484,0.01778270233932406,gbaf,0,-0.0054936368436274245,4.048632143965424,3.9657994874023466,gbaf,0,-0.08283265656307748
amazon_cds,gbaf,fixed,novelty,5010,fixed,gbaf,fixed,0,1,True,0.9497741498319622,0.9700744301831351,fixed,1,0.020300280351172928,,,NA,,,,,NA,,,66.3,163.6,fixed,1.0,97.3,0.025062624655666714,0.018514275515534678,gbaf,0,-0.006548349140132036,4.611274987577012,3.5995095200591662,gbaf,0,-1.0117654675178458
amazon_cds,gbaf,fixed,novelty,9145,gbaf,gbaf,fixed,1,0,True,0.9633861492001863,0.9623953502566104,gbaf,1,0.000990798943575899,,,NA,,,,,NA,,,127.1,101.3,gbaf,1.0,25.799999999999997,0.019867018314286587,0.017832590571186437,gbaf,1,0.0020344277431001492,4.110840902218856,3.7624660250698754,gbaf,1,0.3483748771489803
amazon_cds,gbaf,fixed,novelty,4439,gbaf,gbaf,fixed,1,0,True,0.9683042269579203,0.9612893679556753,gbaf,1,0.007014859002244966,,,NA,,,,,NA,,,144.4,173.5,fixed,0.0,-29.099999999999994,0.022287710067214292,0.022707242249499993,fixed,0,-0.00041953218228570066,4.606685537279779,3.4422988551346783,gbaf,1,1.1643866821451003
amazon_cds,gbaf,fixed,novelty,11879,fixed,gbaf,fixed,0,1,True,0.9662009757821167,0.9731607265235778,fixed,1,0.006959750741461046,,,NA,,,,,NA,,,66.0,144.8,fixed,1.0,78.80000000000001,0.014099828802105635,0.017763662839813534,fixed,1,0.003663834037707899,4.676989246071772,4.210831054616475,gbaf,0,-0.466158191455297
amazon_cds,gbaf,fixed,novelty,10328,gbaf,gbaf,fixed,1,0,True,0.957172376433795,0.8805192880877173,gbaf,1,0.07665308834607776,,,NA,,,,,NA,,,86.1,129.1,fixed,0.0,-43.0,0.03231222248471558,0.05382866198702221,fixed,0,-0.021516439502306625,4.790181136673045,5.025533030116344,fixed,0,-0.23535189344329943
amazon_cds,gbaf,fixed,relevance,13315,gbaf,gbaf,fixed,1,0,True,0.984531619101402,0.9904519766913403,fixed,0,-0.005920357589938363,,,NA,,,,,NA,,,118.8,70.5,gbaf,1.0,48.3,0.01248635994687301,0.00900332242868998,gbaf,1,0.003483037518183029,5.387823168498111,5.334747348295356,gbaf,1,0.053075820202754365
amazon_cds,gbaf,fixed,relevance,13752,fixed,gbaf,fixed,0,1,True,0.9847624959118296,0.9790520332968047,gbaf,0,-0.005710462615024947,,,NA,,,,,NA,,,80.3,123.5,fixed,1.0,43.2,0.013023886264447044,0.012118369507639613,gbaf,0,-0.0009055167568074313,4.588586276945231,3.119765954467463,gbaf,0,-1.4688203224777676
amazon_cds,gbaf,fixed,relevance,5338,fixed,gbaf,fixed,0,1,True,0.9848288717816295,0.9865686930341979,fixed,1,0.0017398212525684409,,,NA,,,,,NA,,,146.2,63.4,gbaf,0.0,-82.79999999999998,0.01160944724145401,0.00846848568322115,gbaf,0,-0.0031409615582328604,3.9479089719733955,3.0574143186245784,gbaf,0,-0.8904946533488172
amazon_cds,gbaf,fixed,relevance,4330,gbaf,gbaf,fixed,1,0,True,0.9765889245121837,0.9834064933072966,fixed,0,-0.0068175687951128605,,,NA,,,,,NA,,,165.6,128.7,gbaf,1.0,36.900000000000006,0.022619510624974436,0.018275828474780296,gbaf,1,0.00434368215019414,3.9413122910268426,3.8905112995661355,gbaf,1,0.050800991460707046
amazon_cds,gbaf,fixed,relevance,2562,gbaf,gbaf,fixed,1,0,True,0.9653286071456398,0.9783433726758588,fixed,0,-0.013014765530218964,,,NA,,,,,NA,,,84.8,5.6,gbaf,1.0,79.2,0.028745046190275052,0.005318307512900618,gbaf,1,0.023426738677374433,4.7365217598932,3.4998661543389114,gbaf,1,1.2366556055542883
amazon_cds,gbaf,fixed,relevance,8023,gbaf,gbaf,fixed,1,0,True,0.9742060819563485,0.9726717582756726,gbaf,1,0.0015343236806758531,,,NA,,,,,NA,,,84.9,131.3,fixed,0.0,-46.400000000000006,0.03488624969368936,0.0314498820503267,gbaf,1,0.0034363676433626575,3.2761558472710335,3.032919589921154,gbaf,1,0.24323625734987964
amazon_cds,gbaf,fixed,relevance,12364,gbaf,gbaf,fixed,1,0,True,0.8307180488749777,0.8444055676999661,fixed,0,-0.01368751882498842,,,NA,,,,,NA,,,107.0,139.1,fixed,0.0,-32.099999999999994,0.05526879784923342,0.05894944572807683,fixed,0,-0.00368064787884341,5.266453215337013,4.425329110311748,gbaf,1,0.8411241050252656
amazon_cds,gbaf,fixed,relevance,6005,fixed,gbaf,fixed,0,1,True,0.9484762706201886,0.958605784812723,fixed,1,0.010129514192534383,,,NA,,,,,NA,,,112.9,96.7,gbaf,0.0,-16.200000000000003,0.021083287714479666,0.02102892958470843,gbaf,0,-5.43581297712363e-05,5.039152180787969,4.217071072654646,gbaf,0,-0.8220811081333235
amazon_cds,gbaf,fixed,relevance,8860,gbaf,gbaf,fixed,1,0,True,0.9906880658610515,0.9731507729779667,gbaf,1,0.01753729288308481,,,NA,,,,,NA,,,139.3,159.2,fixed,0.0,-19.899999999999977,0.01468196001108516,0.0221046601677957,fixed,0,-0.0074227001567105395,3.5538461461405704,3.6690365796505175,fixed,0,-0.11519043350994718
amazon_cds,gbaf,fixed,relevance,3169,gbaf,gbaf,fixed,1,0,True,0.9561661687423716,0.9623188497217102,fixed,0,-0.006152680979338632,,,NA,,,,,NA,,,219.7,169.9,gbaf,1.0,49.79999999999998,0.023216380797771087,0.03020982453952221,fixed,0,-0.006993443741751124,4.556351884384328,3.715214823336408,gbaf,1,0.8411370610479199
amazon_cds,gbaf,fixed,relevance,6869,gbaf,gbaf,fixed,1,0,True,0.9865048564878894,0.9626286758569658,gbaf,1,0.02387618063092367,,,NA,,,,,NA,,,89.1,92.5,fixed,0.0,-3.4000000000000057,0.015578942489131392,0.014776868246760666,gbaf,1,0.0008020742423707258,4.05053645242541,4.439419846934305,fixed,0,-0.38888339450889475
amazon_cds,gbaf,fixed,relevance,12412,gbaf,gbaf,fixed,1,0,True,0.9772249943053022,0.9872623755398278,fixed,0,-0.010037381234525578,,,NA,,,,,NA,,,136.1,74.3,gbaf,1.0,61.8,0.020469244490539742,0.014355114151747736,gbaf,1,0.0061141303387920055,3.094674041404457,2.7242593883062343,gbaf,1,0.37041465309822286
amazon_cds,gbaf,fixed,relevance,11879,fixed,gbaf,fixed,0,1,True,0.9662009757821167,0.9731607265235778,fixed,1,0.006959750741461046,,,NA,,,,,NA,,,66.0,144.8,fixed,1.0,78.80000000000001,0.014099828802105635,0.017763662839813534,fixed,1,0.003663834037707899,4.676989246071772,4.210831054616475,gbaf,0,-0.466158191455297
amazon_cds,gradnorm_only,concat_mlp,balanced,14321,gradnorm_only,gradnorm_only,concat_mlp,1,0,True,0.9969897177357075,0.9934456782908105,gradnorm_only,1,0.003544039444897007,,,NA,,,,,NA,,,26.2,27.4,concat_mlp,0.0,-1.1999999999999993,0.0078054815790646725,0.00900328455023537,concat_mlp,0,-0.0011978029711706972,3.4145198037574374,4.1625397630420204,concat_mlp,0,-0.7480199592845831
amazon_cds,gradnorm_only,concat_mlp,balanced,2105,concat_mlp,gradnorm_only,concat_mlp,0,1,True,0.9669062703394089,0.9812039196346951,concat_mlp,1,0.014297649295286208,,,NA,,,,,NA,,,122.5,65.5,gradnorm_only,0.0,-57.0,0.029316535278431324,0.012390252339193903,gradnorm_only,0,-0.01692628293923742,4.634958894174909,3.6345604001403657,gradnorm_only,0,-1.0003984940345436
amazon_cds,gradnorm_only,concat_mlp,balanced,10856,gradnorm_only,gradnorm_only,concat_mlp,1,0,True,0.9787258542964739,0.9730096914508772,gradnorm_only,1,0.005716162845596617,,,NA,,,,,NA,,,133.1,111.3,gradnorm_only,1.0,21.799999999999997,0.014790525141861332,0.021516984606750285,concat_mlp,0,-0.006726459464888953,4.070689127430587,5.380379866941718,concat_mlp,0,-1.3096907395111312
amazon_cds,gradnorm_only,concat_mlp,balanced,4330,concat_mlp,gradnorm_only,concat_mlp,0,1,True,0.9766417303529814,0.980426441387599,concat_mlp,1,0.0037847110346176382,,,NA,,,,,NA,,,73.3,108.0,concat_mlp,1.0,34.7,0.019413666318256445,0.020595885932588782,concat_mlp,1,0.0011822196143323367,4.235728198809826,3.7555407250446593,gradnorm_only,0,-0.480187473765167
amazon_cds,gradnorm_only,concat_mlp,balanced,2562,gradnorm_only,gradnorm_only,concat_mlp,1,0,True,0.9951695717836082,0.9752844118202131,gradnorm_only,1,0.019885159963395127,,,NA,,,,,NA,,,51.2,49.3,gradnorm_only,1.0,1.9000000000000057,0.011965031390905854,0.010580007439346943,gradnorm_only,1,0.0013850239515589106,4.244356180902086,4.437157713571942,concat_mlp,0,-0.192801532669856
amazon_cds,gradnorm_only,concat_mlp,balanced,12364,concat_mlp,gradnorm_only,concat_mlp,0,1,True,0.9527746807113716,0.9264495852202459,gradnorm_only,0,-0.026325095491125716,,,NA,,,,,NA,,,94.0,109.7,concat_mlp,1.0,15.700000000000003,0.03134254770751732,0.038963372654993986,concat_mlp,1,0.007620824947476665,5.476296103334315,5.335242058300956,gradnorm_only,0,-0.14105404503335883
amazon_cds,gradnorm_only,concat_mlp,balanced,5923,concat_mlp,gradnorm_only,concat_mlp,0,1,True,0.9596984464914278,0.9721432069474953,concat_mlp,1,0.012444760456067572,,,NA,,,,,NA,,,150.4,466.2,concat_mlp,1.0,315.79999999999995,0.037164808748627154,0.039619832260035334,concat_mlp,1,0.0024550235114081803,4.114502022869394,4.7512306366724,concat_mlp,1,0.6367286138030055
amazon_cds,gradnorm_only,concat_mlp,balanced,6005,gradnorm_only,gradnorm_only,concat_mlp,1,0,True,0.9102751618171299,0.9502742789185785,concat_mlp,0,-0.039999117101448656,,,NA,,,,,NA,,,79.0,83.5,concat_mlp,0.0,-4.5,0.02913590424506464,0.026867452693572998,gradnorm_only,1,0.0022684515514916417,5.00082930760226,3.9194121172111496,gradnorm_only,1,1.08141719039111
amazon_cds,gradnorm_only,concat_mlp,balanced,15216,gradnorm_only,gradnorm_only,concat_mlp,1,0,True,0.9765588645455529,0.9908188529312552,concat_mlp,0,-0.014259988385702305,,,NA,,,,,NA,,,85.8,60.0,gradnorm_only,1.0,25.799999999999997,0.012672417266214535,0.007151543331905057,gradnorm_only,1,0.005520873934309478,4.254609834404232,3.024064199743969,gradnorm_only,1,1.2305456346602632
amazon_cds,gradnorm_only,concat_mlp,balanced,11615,concat_mlp,gradnorm_only,concat_mlp,0,1,True,0.9830385737105607,0.9966086588127023,concat_mlp,1,0.013570085102141638,,,NA,,,,,NA,,,14.0,52.9,concat_mlp,1.0,38.9,0.0007448924264046378,0.004460804957693811,concat_mlp,1,0.0037159125312891733,3.586526541082219,3.505762604953701,gradnorm_only,0,-0.08076393612851795
amazon_cds,gradnorm_only,concat_mlp,balanced,5010,gradnorm_only,gradnorm_only,concat_mlp,1,0,True,0.9605812375223645,0.9868866564214565,concat_mlp,0,-0.026305418899091992,,,NA,,,,,NA,,,108.5,110.2,concat_mlp,0.0,-1.7000000000000028,0.02094008786017207,0.01269204323604798,gradnorm_only,1,0.008248044624124089,3.7234447791378806,3.635094591931325,gradnorm_only,1,0.08835018720655574
amazon_cds,gradnorm_only,concat_mlp,diversity,965,gradnorm_only,gradnorm_only,concat_mlp,1,0,True,0.9534093846954502,0.9492357032357668,gradnorm_only,1,0.004173681459683443,,,NA,,,,,NA,,,118.0,116.8,gradnorm_only,1.0,1.2000000000000028,0.05434212982194974,0.05646693879962354,concat_mlp,0,-0.002124808977673802,5.188989649474072,5.42980289451831,concat_mlp,0,-0.2408132450442375
amazon_cds,gradnorm_only,concat_mlp,diversity,2105,concat_mlp,gradnorm_only,concat_mlp,0,1,True,0.9669062703394089,0.9812039196346951,concat_mlp,1,0.014297649295286208,,,NA,,,,,NA,,,122.5,65.5,gradnorm_only,0.0,-57.0,0.029316535278431324,0.012390252339193903,gradnorm_only,0,-0.01692628293923742,4.634958894174909,3.6345604001403657,gradnorm_only,0,-1.0003984940345436
amazon_cds,gradnorm_only,concat_mlp,diversity,2836,gradnorm_only,gradnorm_only,concat_mlp,1,0,True,0.978786209884489,0.9505803783687294,gradnorm_only,1,0.028205831515759505,,,NA,,,,,NA,,,99.5,81.1,gradnorm_only,1.0,18.400000000000006,0.025028566170985856,0.03567559100376618,concat_mlp,0,-0.010647024832780325,5.429800708123984,5.119556457800834,gradnorm_only,1,0.31024425032314973
amazon_cds,gradnorm_only,concat_mlp,diversity,3628,concat_mlp,gradnorm_only,concat_mlp,0,1,True,0.9549992724562221,0.9703982553926239,concat_mlp,1,0.01539898293640185,,,NA,,,,,NA,,,171.2,248.5,concat_mlp,1.0,77.30000000000001,0.07424422766384314,0.03793137733741876,gradnorm_only,0,-0.03631285032642438,4.264731575178887,4.489539200645357,concat_mlp,1,0.22480762546646993
amazon_cds,gradnorm_only,concat_mlp,diversity,7931,concat_mlp,gradnorm_only,concat_mlp,0,1,True,0.9829242316644526,0.9669327952938905,gradnorm_only,0,-0.015991436370562107,,,NA,,,,,NA,,,86.8,81.2,gradnorm_only,0.0,-5.599999999999994,0.02260149679321584,0.01943635979745547,gradnorm_only,0,-0.003165136995760369,3.653406577620076,3.294760996819707,gradnorm_only,0,-0.35864558080036923
amazon_cds,gradnorm_only,concat_mlp,diversity,7089,gradnorm_only,gradnorm_only,concat_mlp,1,0,True,0.9911483769260487,0.9760833128392481,gradnorm_only,1,0.015065064086800639,,,NA,,,,,NA,,,84.5,119.1,concat_mlp,0.0,-34.599999999999994,0.011418317708400079,0.01760403126513407,concat_mlp,0,-0.006185713556733991,3.8662096927703464,3.6122007112181684,gradnorm_only,1,0.254008981552178
amazon_cds,gradnorm_only,concat_mlp,diversity,5923,gradnorm_only,gradnorm_only,concat_mlp,1,0,True,0.9596984464914278,0.9721432069474953,concat_mlp,0,-0.012444760456067572,,,NA,,,,,NA,,,150.4,466.2,concat_mlp,0.0,-315.79999999999995,0.037164808748627154,0.039619832260035334,concat_mlp,0,-0.0024550235114081803,4.114502022869394,4.7512306366724,concat_mlp,0,-0.6367286138030055
amazon_cds,gradnorm_only,concat_mlp,diversity,327,concat_mlp,gradnorm_only,concat_mlp,0,1,True,0.954067689017032,0.9808459696366113,concat_mlp,1,0.02677828061957932,,,NA,,,,,NA,,,98.6,86.2,gradnorm_only,0.0,-12.399999999999991,0.03283483883504545,0.023435596805175075,gradnorm_only,0,-0.009399242029870372,4.056131396938132,4.008631222005114,gradnorm_only,0,-0.047500174933017725
amazon_cds,gradnorm_only,concat_mlp,diversity,5610,concat_mlp,gradnorm_only,concat_mlp,0,1,True,0.9836942846108673,0.8984053174062554,gradnorm_only,0,-0.08528896720461188,,,NA,,,,,NA,,,135.8,193.7,concat_mlp,1.0,57.89999999999998,0.011913866367469227,0.012697577364026212,concat_mlp,1,0.0007837109965569845,3.655840693570539,3.762778446546192,concat_mlp,1,0.10693775297565278
amazon_cds,gradnorm_only,concat_mlp,diversity,6869,concat_mlp,gradnorm_only,concat_mlp,0,1,True,0.9533563870252567,0.9870147012993444,concat_mlp,1,0.03365831427408772,,,NA,,,,,NA,,,86.4,104.3,concat_mlp,1.0,17.89999999999999,0.015710977712585693,0.012380699853613666,gradnorm_only,0,-0.0033302778589720267,3.9735008644651986,3.3432598168482537,gradnorm_only,0,-0.6302410476169449
amazon_cds,gradnorm_only,concat_mlp,diversity,11615,concat_mlp,gradnorm_only,concat_mlp,0,1,True,0.9830385737105607,0.9966086588127023,concat_mlp,1,0.013570085102141638,,,NA,,,,,NA,,,14.0,52.9,concat_mlp,1.0,38.9,0.0007448924264046378,0.004460804957693811,concat_mlp,1,0.0037159125312891733,3.586526541082219,3.505762604953701,gradnorm_only,0,-0.08076393612851795
amazon_cds,gradnorm_only,concat_mlp,diversity,10156,gradnorm_only,gradnorm_only,concat_mlp,1,0,True,0.9862490813553066,0.9638642511971095,gradnorm_only,1,0.022384830158197144,,,NA,,,,,NA,,,120.7,103.0,gradnorm_only,1.0,17.700000000000003,0.013389450619809902,0.015471286216842637,concat_mlp,0,-0.0020818355970327346,5.114996186592079,5.159151865972246,concat_mlp,0,-0.04415567938016718
amazon_cds,gradnorm_only,concat_mlp,diversity,12412,gradnorm_only,gradnorm_only,concat_mlp,1,0,True,0.9665766438995752,0.9686577693621294,concat_mlp,0,-0.002081125462554234,,,NA,,,,,NA,,,145.1,132.5,gradnorm_only,1.0,12.599999999999994,0.025487782289865958,0.029649931613982633,concat_mlp,0,-0.004162149324116675,3.2620913996445524,2.855594274271526,gradnorm_only,1,0.4064971253730265
amazon_cds,gradnorm_only,concat_mlp,diversity,9564,concat_mlp,gradnorm_only,concat_mlp,0,1,True,0.9745591935942216,0.9852776645261201,concat_mlp,1,0.010718470931898483,,,NA,,,,,NA,,,70.0,105.6,concat_mlp,1.0,35.599999999999994,0.026649869496662135,0.008899076115652455,gradnorm_only,0,-0.01775079338100968,3.776914469974426,3.461138288071775,gradnorm_only,0,-0.3157761819026512
amazon_cds,gradnorm_only,concat_mlp,diversity,5010,gradnorm_only,gradnorm_only,concat_mlp,1,0,True,0.9605812375223645,0.9868866564214565,concat_mlp,0,-0.026305418899091992,,,NA,,,,,NA,,,108.5,110.2,concat_mlp,0.0,-1.7000000000000028,0.02094008786017207,0.01269204323604798,gradnorm_only,1,0.008248044624124089,3.7234447791378806,3.635094591931325,gradnorm_only,1,0.08835018720655574
amazon_cds,gradnorm_only,concat_mlp,novelty,965,gradnorm_only,gradnorm_only,concat_mlp,1,0,True,0.9534093846954502,0.9492357032357668,gradnorm_only,1,0.004173681459683443,,,NA,,,,,NA,,,118.0,116.8,gradnorm_only,1.0,1.2000000000000028,0.05434212982194974,0.05646693879962354,concat_mlp,0,-0.002124808977673802,5.188989649474072,5.42980289451831,concat_mlp,0,-0.2408132450442375
amazon_cds,gradnorm_only,concat_mlp,novelty,906,gradnorm_only,gradnorm_only,concat_mlp,1,0,True,0.9312661085704237,0.9245912836412795,gradnorm_only,1,0.006674824929144174,,,NA,,,,,NA,,,155.6,122.4,gradnorm_only,1.0,33.19999999999999,0.04415382962834273,0.043115309733647036,gradnorm_only,1,0.0010385198946956942,3.43845218881748,3.0509457125333683,gradnorm_only,1,0.38750647628411183
amazon_cds,gradnorm_only,concat_mlp,novelty,2105,concat_mlp,gradnorm_only,concat_mlp,0,1,True,0.9669062703394089,0.9812039196346951,concat_mlp,1,0.014297649295286208,,,NA,,,,,NA,,,122.5,65.5,gradnorm_only,0.0,-57.0,0.029316535278431324,0.012390252339193903,gradnorm_only,0,-0.01692628293923742,4.634958894174909,3.6345604001403657,gradnorm_only,0,-1.0003984940345436
amazon_cds,gradnorm_only,concat_mlp,novelty,5338,concat_mlp,gradnorm_only,concat_mlp,0,1,True,0.9880255091553314,0.9804525482675683,gradnorm_only,0,-0.007572960887763047,,,NA,,,,,NA,,,58.1,111.6,concat_mlp,1.0,53.49999999999999,0.011577171348082942,0.011554116121154529,gradnorm_only,0,-2.3055226928412817e-05,4.327069631139714,3.9909980187618466,gradnorm_only,0,-0.3360716123778671
amazon_cds,gradnorm_only,concat_mlp,novelty,2562,concat_mlp,gradnorm_only,concat_mlp,0,1,True,0.9951695717836082,0.9752844118202131,gradnorm_only,0,-0.019885159963395127,,,NA,,,,,NA,,,51.2,49.3,gradnorm_only,0.0,-1.9000000000000057,0.011965031390905854,0.010580007439346943,gradnorm_only,0,-0.0013850239515589106,4.244356180902086,4.437157713571942,concat_mlp,1,0.192801532669856
amazon_cds,gradnorm_only,concat_mlp,novelty,7089,gradnorm_only,gradnorm_only,concat_mlp,1,0,True,0.9911483769260487,0.9760833128392481,gradnorm_only,1,0.015065064086800639,,,NA,,,,,NA,,,84.5,119.1,concat_mlp,0.0,-34.599999999999994,0.011418317708400079,0.01760403126513407,concat_mlp,0,-0.006185713556733991,3.8662096927703464,3.6122007112181684,gradnorm_only,1,0.254008981552178
amazon_cds,gradnorm_only,concat_mlp,novelty,12364,concat_mlp,gradnorm_only,concat_mlp,0,1,True,0.9527746807113716,0.9264495852202459,gradnorm_only,0,-0.026325095491125716,,,NA,,,,,NA,,,94.0,109.7,concat_mlp,1.0,15.700000000000003,0.03134254770751732,0.038963372654993986,concat_mlp,1,0.007620824947476665,5.476296103334315,5.335242058300956,gradnorm_only,0,-0.14105404503335883
amazon_cds,gradnorm_only,concat_mlp,novelty,3640,concat_mlp,gradnorm_only,concat_mlp,0,1,True,0.9674384978748612,0.9587537374075129,gradnorm_only,0,-0.00868476046734834,,,NA,,,,,NA,,,167.9,226.2,concat_mlp,1.0,58.29999999999998,0.033897115221799085,0.0275709478366099,gradnorm_only,0,-0.006326167385189183,4.246649151249234,4.8725378659991385,concat_mlp,1,0.6258887147499044
amazon_cds,gradnorm_only,concat_mlp,novelty,6869,concat_mlp,gradnorm_only,concat_mlp,0,1,True,0.9533563870252567,0.9870147012993444,concat_mlp,1,0.03365831427408772,,,NA,,,,,NA,,,86.4,104.3,concat_mlp,1.0,17.89999999999999,0.015710977712585693,0.012380699853613666,gradnorm_only,0,-0.0033302778589720267,3.9735008644651986,3.3432598168482537,gradnorm_only,0,-0.6302410476169449
amazon_cds,gradnorm_only,concat_mlp,novelty,3484,concat_mlp,gradnorm_only,concat_mlp,0,1,True,0.9660153603906934,0.9819375584938678,concat_mlp,1,0.015922198103174412,,,NA,,,,,NA,,,126.9,103.3,gradnorm_only,0.0,-23.60000000000001,0.020803979758255806,0.016924730551648105,gradnorm_only,0,-0.003879249206607701,4.239339988888876,4.584300289096014,concat_mlp,1,0.34496030020713775
amazon_cds,gradnorm_only,concat_mlp,novelty,15216,gradnorm_only,gradnorm_only,concat_mlp,1,0,True,0.9765588645455529,0.9908188529312552,concat_mlp,0,-0.014259988385702305,,,NA,,,,,NA,,,85.8,60.0,gradnorm_only,1.0,25.799999999999997,0.012672417266214535,0.007151543331905057,gradnorm_only,1,0.005520873934309478,4.254609834404232,3.024064199743969,gradnorm_only,1,1.2305456346602632
amazon_cds,gradnorm_only,concat_mlp,novelty,11615,concat_mlp,gradnorm_only,concat_mlp,0,1,True,0.9830385737105607,0.9966086588127023,concat_mlp,1,0.013570085102141638,,,NA,,,,,NA,,,14.0,52.9,concat_mlp,1.0,38.9,0.0007448924264046378,0.004460804957693811,concat_mlp,1,0.0037159125312891733,3.586526541082219,3.505762604953701,gradnorm_only,0,-0.08076393612851795
amazon_cds,gradnorm_only,concat_mlp,novelty,10156,gradnorm_only,gradnorm_only,concat_mlp,1,0,True,0.9862490813553066,0.9638642511971095,gradnorm_only,1,0.022384830158197144,,,NA,,,,,NA,,,120.7,103.0,gradnorm_only,1.0,17.700000000000003,0.013389450619809902,0.015471286216842637,concat_mlp,0,-0.0020818355970327346,5.114996186592079,5.159151865972246,concat_mlp,0,-0.04415567938016718
amazon_cds,gradnorm_only,concat_mlp,novelty,12412,gradnorm_only,gradnorm_only,concat_mlp,1,0,True,0.9665766438995752,0.9686577693621294,concat_mlp,0,-0.002081125462554234,,,NA,,,,,NA,,,145.1,132.5,gradnorm_only,1.0,12.599999999999994,0.025487782289865958,0.029649931613982633,concat_mlp,0,-0.004162149324116675,3.2620913996445524,2.855594274271526,gradnorm_only,1,0.4064971253730265
amazon_cds,gradnorm_only,concat_mlp,novelty,8093,gradnorm_only,gradnorm_only,concat_mlp,1,0,True,0.9801352443521713,0.9731897846756429,gradnorm_only,1,0.006945459676528376,,,NA,,,,,NA,,,149.7,147.0,gradnorm_only,1.0,2.6999999999999886,0.01563256122331418,0.017798432757028863,concat_mlp,0,-0.0021658715337146833,3.698016262622507,3.488534345253992,gradnorm_only,1,0.20948191736851474
amazon_cds,gradnorm_only,concat_mlp,novelty,9564,concat_mlp,gradnorm_only,concat_mlp,0,1,True,0.9745591935942216,0.9852776645261201,concat_mlp,1,0.010718470931898483,,,NA,,,,,NA,,,70.0,105.6,concat_mlp,1.0,35.599999999999994,0.026649869496662135,0.008899076115652455,gradnorm_only,0,-0.01775079338100968,3.776914469974426,3.461138288071775,gradnorm_only,0,-0.3157761819026512
amazon_cds,gradnorm_only,concat_mlp,novelty,2080,concat_mlp,gradnorm_only,concat_mlp,0,1,True,0.9733346992720114,0.9738507661647829,concat_mlp,1,0.0005160668927715051,,,NA,,,,,NA,,,143.5,144.9,concat_mlp,1.0,1.4000000000000057,0.022978406279598018,0.026210854811641836,concat_mlp,1,0.0032324485320438176,3.5816758010924667,3.959862868167243,concat_mlp,1,0.37818706707477645
amazon_cds,gradnorm_only,concat_mlp,novelty,4439,concat_mlp,gradnorm_only,concat_mlp,0,1,True,0.9703830277440824,0.9925260488355949,concat_mlp,1,0.02214302109151256,,,NA,,,,,NA,,,140.7,86.6,gradnorm_only,0.0,-54.099999999999994,0.02746695730183321,0.009245728110543208,gradnorm_only,0,-0.018221229191290003,4.4157795511415845,3.236777373474225,gradnorm_only,0,-1.1790021776673596
amazon_cds,gradnorm_only,concat_mlp,novelty,11879,gradnorm_only,gradnorm_only,concat_mlp,1,0,True,0.9776638070558337,0.970130236527052,gradnorm_only,1,0.0075335705287816745,,,NA,,,,,NA,,,113.3,114.1,concat_mlp,0.0,-0.7999999999999972,0.021862255557409904,0.02009468934281072,gradnorm_only,1,0.0017675662145991838,4.63630153386774,3.1732265906324697,gradnorm_only,1,1.46307494323527
amazon_cds,gradnorm_only,concat_mlp,novelty,489,concat_mlp,gradnorm_only,concat_mlp,0,1,True,0.9804452163785794,0.9821330338676222,concat_mlp,1,0.0016878174890427866,,,NA,,,,,NA,,,118.1,182.3,concat_mlp,1.0,64.20000000000002,0.01647402737894261,0.018596643840096926,concat_mlp,1,0.002122616461154317,5.001118413524423,4.572858255415477,gradnorm_only,0,-0.42826015810894535
amazon_cds,gradnorm_only,concat_mlp,novelty,9123,concat_mlp,gradnorm_only,concat_mlp,0,1,True,0.9520288118229265,0.963382367629169,concat_mlp,1,0.011353555806242421,,,NA,,,,,NA,,,160.5,170.0,concat_mlp,1.0,9.5,0.04095641594426001,0.03446233463594704,gradnorm_only,0,-0.006494081308312971,2.9729830602208436,3.6180102093566546,concat_mlp,1,0.645027149135811
amazon_cds,gradnorm_only,concat_mlp,relevance,14321,gradnorm_only,gradnorm_only,concat_mlp,1,0,True,0.9969897177357075,0.9934456782908105,gradnorm_only,1,0.003544039444897007,,,NA,,,,,NA,,,26.2,27.4,concat_mlp,0.0,-1.1999999999999993,0.0078054815790646725,0.00900328455023537,concat_mlp,0,-0.0011978029711706972,3.4145198037574374,4.1625397630420204,concat_mlp,0,-0.7480199592845831
amazon_cds,gradnorm_only,concat_mlp,relevance,906,gradnorm_only,gradnorm_only,concat_mlp,1,0,True,0.9312661085704237,0.9245912836412795,gradnorm_only,1,0.006674824929144174,,,NA,,,,,NA,,,155.6,122.4,gradnorm_only,1.0,33.19999999999999,0.04415382962834273,0.043115309733647036,gradnorm_only,1,0.0010385198946956942,3.43845218881748,3.0509457125333683,gradnorm_only,1,0.38750647628411183
amazon_cds,gradnorm_only,concat_mlp,relevance,10856,gradnorm_only,gradnorm_only,concat_mlp,1,0,True,0.9787258542964739,0.9730096914508772,gradnorm_only,1,0.005716162845596617,,,NA,,,,,NA,,,133.1,111.3,gradnorm_only,1.0,21.799999999999997,0.014790525141861332,0.021516984606750285,concat_mlp,0,-0.006726459464888953,4.070689127430587,5.380379866941718,concat_mlp,0,-1.3096907395111312
amazon_cds,gradnorm_only,concat_mlp,relevance,3628,gradnorm_only,gradnorm_only,concat_mlp,1,0,True,0.9549992724562221,0.9703982553926239,concat_mlp,0,-0.01539898293640185,,,NA,,,,,NA,,,171.2,248.5,concat_mlp,0.0,-77.30000000000001,0.07424422766384314,0.03793137733741876,gradnorm_only,1,0.03631285032642438,4.264731575178887,4.489539200645357,concat_mlp,0,-0.22480762546646993
amazon_cds,gradnorm_only,concat_mlp,relevance,13540,gradnorm_only,gradnorm_only,concat_mlp,1,0,True,0.9710257640651075,0.9699688613903993,gradnorm_only,1,0.00105690267470826,,,NA,,,,,NA,,,227.4,152.1,gradnorm_only,1.0,75.30000000000001,0.020725342294858527,0.02295004532267946,concat_mlp,0,-0.002224703027820931,3.6639944197077448,3.192667826898806,gradnorm_only,1,0.47132659280893874
amazon_cds,gradnorm_only,concat_mlp,relevance,8860,concat_mlp,gradnorm_only,concat_mlp,0,1,True,0.9716415968144442,0.9765197811074321,concat_mlp,1,0.004878184292987919,,,NA,,,,,NA,,,139.1,97.3,gradnorm_only,0.0,-41.8,0.016793335835331297,0.01776037606629153,concat_mlp,1,0.0009670402309602324,4.238309205128917,3.6523359808736755,gradnorm_only,0,-0.5859732242552411
amazon_cds,gradnorm_only,concat_mlp,relevance,15216,gradnorm_only,gradnorm_only,concat_mlp,1,0,True,0.9765588645455529,0.9908188529312552,concat_mlp,0,-0.014259988385702305,,,NA,,,,,NA,,,85.8,60.0,gradnorm_only,1.0,25.799999999999997,0.012672417266214535,0.007151543331905057,gradnorm_only,1,0.005520873934309478,4.254609834404232,3.024064199743969,gradnorm_only,1,1.2305456346602632
amazon_cds,gradnorm_only,concat_mlp,relevance,4439,gradnorm_only,gradnorm_only,concat_mlp,1,0,True,0.9703830277440824,0.9925260488355949,concat_mlp,0,-0.02214302109151256,,,NA,,,,,NA,,,140.7,86.6,gradnorm_only,1.0,54.099999999999994,0.02746695730183321,0.009245728110543208,gradnorm_only,1,0.018221229191290003,4.4157795511415845,3.236777373474225,gradnorm_only,1,1.1790021776673596
amazon_cds,gradnorm_only,concat_mlp,relevance,11879,gradnorm_only,gradnorm_only,concat_mlp,1,0,True,0.9776638070558337,0.970130236527052,gradnorm_only,1,0.0075335705287816745,,,NA,,,,,NA,,,113.3,114.1,concat_mlp,0.0,-0.7999999999999972,0.021862255557409904,0.02009468934281072,gradnorm_only,1,0.0017675662145991838,4.63630153386774,3.1732265906324697,gradnorm_only,1,1.46307494323527
amazon_cds,gradnorm_only,concat_mlp,relevance,10328,concat_mlp,gradnorm_only,concat_mlp,0,1,True,0.9641822638394173,0.9479337569113488,gradnorm_only,0,-0.01624850692806845,,,NA,,,,,NA,,,72.5,77.7,concat_mlp,1.0,5.200000000000003,0.031029885230951654,0.036648873100166825,concat_mlp,1,0.005618987869215171,5.4972371250856416,5.014547507397616,gradnorm_only,0,-0.48268961768802576
amazon_cds,lightgcn_only,fixed,balanced,14321,lightgcn_only,lightgcn_only,fixed,1,0,True,0.9519043631993587,0.9713827180045491,fixed,0,-0.019478354805190445,,,NA,,,,,NA,,,85.0,68.7,lightgcn_only,1.0,16.299999999999997,0.012248394474146917,0.013293541841232841,fixed,0,-0.001045147367085924,5.289802300423487,4.005979675108517,lightgcn_only,1,1.2838226253149703
amazon_cds,lightgcn_only,fixed,balanced,13752,fixed,lightgcn_only,fixed,0,1,True,0.9783974214169628,0.9790520332968047,fixed,1,0.0006546118798418377,,,NA,,,,,NA,,,166.7,123.5,lightgcn_only,0.0,-43.19999999999999,0.00947456678604022,0.012118369507639613,fixed,1,0.0026438027215993937,4.753725025859865,3.119765954467463,lightgcn_only,0,-1.6339590713924017
amazon_cds,lightgcn_only,fixed,balanced,13209,lightgcn_only,lightgcn_only,fixed,1,0,True,0.9787519082550863,0.9699827414091773,lightgcn_only,1,0.008769166845909004,,,NA,,,,,NA,,,90.5,79.2,lightgcn_only,1.0,11.299999999999997,0.02138831788770809,0.026283986990406686,fixed,0,-0.0048956691026985945,5.85931403390486,2.792811471588722,lightgcn_only,1,3.066502562316138
amazon_cds,lightgcn_only,fixed,balanced,5338,fixed,lightgcn_only,fixed,0,1,True,0.9828677564034539,0.9865686930341979,fixed,1,0.0037009366307440006,,,NA,,,,,NA,,,101.3,63.4,lightgcn_only,0.0,-37.9,0.010277841909806374,0.00846848568322115,lightgcn_only,0,-0.0018093562265852244,5.816182022581385,3.0574143186245784,lightgcn_only,0,-2.758767703956807
amazon_cds,lightgcn_only,fixed,balanced,2562,lightgcn_only,lightgcn_only,fixed,1,0,True,0.7828961992170893,0.9783433726758588,fixed,0,-0.1954471734587695,,,NA,,,,,NA,,,119.5,5.6,lightgcn_only,1.0,113.9,0.059602170913213834,0.005318307512900618,lightgcn_only,1,0.054283863400313215,5.592529964269535,3.4998661543389114,lightgcn_only,1,2.092663809930624
amazon_cds,lightgcn_only,fixed,balanced,7931,lightgcn_only,lightgcn_only,fixed,1,0,True,0.9678858601128403,0.9928812899335325,fixed,0,-0.02499542982069225,,,NA,,,,,NA,,,99.3,27.9,lightgcn_only,1.0,71.4,0.013788872631110236,0.012718239185386641,lightgcn_only,1,0.0010706334457235948,4.708828758565603,2.8187549289880307,lightgcn_only,1,1.890073829577572
amazon_cds,lightgcn_only,fixed,balanced,3169,lightgcn_only,lightgcn_only,fixed,1,0,True,0.9878236983374223,0.9623188497217102,lightgcn_only,1,0.025504848615712117,,,NA,,,,,NA,,,164.5,169.9,fixed,0.0,-5.400000000000006,0.015453292384242433,0.03020982453952221,fixed,0,-0.014756532155279778,5.363389869985964,3.715214823336408,lightgcn_only,1,1.648175046649556
amazon_cds,lightgcn_only,fixed,balanced,4598,fixed,lightgcn_only,fixed,0,1,True,0.9707638590332823,0.9886891074980055,fixed,1,0.01792524846472321,,,NA,,,,,NA,,,131.7,63.9,lightgcn_only,0.0,-67.79999999999998,0.009786884203823594,0.008841407921958488,lightgcn_only,0,-0.0009454762818651066,5.381605017889454,3.1121329035309677,lightgcn_only,0,-2.269472114358486
amazon_cds,lightgcn_only,fixed,balanced,6869,fixed,lightgcn_only,fixed,0,1,True,0.9412587496371102,0.9626286758569658,fixed,1,0.02136992621985556,,,NA,,,,,NA,,,96.4,92.5,lightgcn_only,0.0,-3.9000000000000057,0.010992134367608741,0.014776868246760666,fixed,1,0.003784733879151925,5.311885185824268,4.439419846934305,lightgcn_only,0,-0.8724653388899632
amazon_cds,lightgcn_only,fixed,balanced,15216,fixed,lightgcn_only,fixed,0,1,True,0.9348668227981428,0.9764810077923203,fixed,1,0.04161418499417746,,,NA,,,,,NA,,,73.6,201.4,fixed,1.0,127.80000000000001,0.014732849240188538,0.011127406278797405,lightgcn_only,0,-0.0036054429613911337,5.242292636109684,3.62279799058973,lightgcn_only,0,-1.619494645519954
amazon_cds,lightgcn_only,fixed,balanced,11615,lightgcn_only,lightgcn_only,fixed,1,0,True,0.9704107620218192,0.9899358214852393,fixed,0,-0.01952505946342009,,,NA,,,,,NA,,,136.2,57.3,lightgcn_only,1.0,78.89999999999999,0.004409625856993629,0.002807892156141761,lightgcn_only,1,0.001601733700851868,5.327305527219514,2.8763445768961935,lightgcn_only,1,2.4509609503233207
amazon_cds,lightgcn_only,fixed,diversity,14125,fixed,lightgcn_only,fixed,0,1,True,0.9465151906909576,0.9516182299353108,fixed,1,0.00510303924435318,,,NA,,,,,NA,,,83.2,173.8,fixed,1.0,90.60000000000001,0.009065403018424973,0.021266587698234186,fixed,1,0.012201184679809213,5.635982436915666,2.7080757539414466,lightgcn_only,0,-2.927906682974219
amazon_cds,lightgcn_only,fixed,diversity,13209,lightgcn_only,lightgcn_only,fixed,1,0,True,0.9787519082550863,0.9699827414091773,lightgcn_only,1,0.008769166845909004,,,NA,,,,,NA,,,90.5,79.2,lightgcn_only,1.0,11.299999999999997,0.02138831788770809,0.026283986990406686,fixed,0,-0.0048956691026985945,5.85931403390486,2.792811471588722,lightgcn_only,1,3.066502562316138
amazon_cds,lightgcn_only,fixed,diversity,5338,lightgcn_only,lightgcn_only,fixed,1,0,True,0.9828677564034539,0.9865686930341979,fixed,0,-0.0037009366307440006,,,NA,,,,,NA,,,101.3,63.4,lightgcn_only,1.0,37.9,0.010277841909806374,0.00846848568322115,lightgcn_only,1,0.0018093562265852244,5.816182022581385,3.0574143186245784,lightgcn_only,1,2.758767703956807
amazon_cds,lightgcn_only,fixed,diversity,2836,fixed,lightgcn_only,fixed,0,1,True,0.9780540128908235,0.9773071456057174,lightgcn_only,0,-0.0007468672851060898,,,NA,,,,,NA,,,100.6,122.1,fixed,1.0,21.5,0.022612802100260863,0.024933591787883548,fixed,1,0.0023207896876226847,5.839683910878987,4.641416302937019,lightgcn_only,0,-1.1982676079419683
amazon_cds,lightgcn_only,fixed,diversity,3628,lightgcn_only,lightgcn_only,fixed,1,0,True,0.9713502282605462,0.9159187176595222,lightgcn_only,1,0.055431510601024025,,,NA,,,,,NA,,,170.7,144.3,lightgcn_only,1.0,26.399999999999977,0.027283326631758757,0.10786547569380062,fixed,0,-0.08058214906204186,5.31740705663157,3.9192330773264805,lightgcn_only,1,1.3981739793050894
amazon_cds,lightgcn_only,fixed,diversity,2562,lightgcn_only,lightgcn_only,fixed,1,0,True,0.7828961992170893,0.9783433726758588,fixed,0,-0.1954471734587695,,,NA,,,,,NA,,,119.5,5.6,lightgcn_only,1.0,113.9,0.059602170913213834,0.005318307512900618,lightgcn_only,1,0.054283863400313215,5.592529964269535,3.4998661543389114,lightgcn_only,1,2.092663809930624
amazon_cds,lightgcn_only,fixed,diversity,7931,lightgcn_only,lightgcn_only,fixed,1,0,True,0.9678858601128403,0.9928812899335325,fixed,0,-0.02499542982069225,,,NA,,,,,NA,,,99.3,27.9,lightgcn_only,1.0,71.4,0.013788872631110236,0.012718239185386641,lightgcn_only,1,0.0010706334457235948,4.708828758565603,2.8187549289880307,lightgcn_only,1,1.890073829577572
amazon_cds,lightgcn_only,fixed,diversity,4645,lightgcn_only,lightgcn_only,fixed,1,0,True,0.9699930516915249,0.9561038780829791,lightgcn_only,1,0.013889173608545802,,,NA,,,,,NA,,,165.2,87.4,lightgcn_only,1.0,77.79999999999998,0.016013870802098575,0.023120497503047743,fixed,0,-0.007106626700949168,5.487576495305801,2.7965134362318915,lightgcn_only,1,2.691063059073909
amazon_cds,lightgcn_only,fixed,diversity,5923,lightgcn_only,lightgcn_only,fixed,1,0,True,0.9751581681050995,0.9603848394762364,lightgcn_only,1,0.014773328628863047,,,NA,,,,,NA,,,254.4,156.0,lightgcn_only,1.0,98.4,0.026330398144160678,0.032015203372450174,fixed,0,-0.005684805228289496,4.945030478340987,3.913636042275493,lightgcn_only,1,1.031394436065494
amazon_cds,lightgcn_only,fixed,diversity,3640,lightgcn_only,lightgcn_only,fixed,1,0,True,0.9840486008629279,0.972954322500513,lightgcn_only,1,0.011094278362414944,,,NA,,,,,NA,,,132.0,184.4,fixed,0.0,-52.400000000000006,0.018095818556739574,0.036297998210715866,fixed,0,-0.018202179653976292,5.254449373995686,3.9548356425641003,lightgcn_only,1,1.2996137314315859
amazon_cds,lightgcn_only,fixed,diversity,830,lightgcn_only,lightgcn_only,fixed,1,0,True,0.9610586244488092,0.9866440968302957,fixed,0,-0.025585472381486563,,,NA,,,,,NA,,,101.3,53.4,lightgcn_only,1.0,47.9,0.01738883364586722,0.007463507091131821,lightgcn_only,1,0.009925326554735398,5.430295836312673,2.9675358159013134,lightgcn_only,1,2.46276002041136
amazon_cds,lightgcn_only,fixed,diversity,1726,lightgcn_only,lightgcn_only,fixed,1,0,True,0.9671226132318465,0.9681792764786817,fixed,0,-0.0010566632468352877,,,NA,,,,,NA,,,273.2,198.1,lightgcn_only,1.0,75.1,0.03273589037310424,0.024300730460675116,lightgcn_only,1,0.008435159912429123,4.695418705802777,3.0066859031946658,lightgcn_only,1,1.6887328026081114
amazon_cds,lightgcn_only,fixed,diversity,6869,fixed,lightgcn_only,fixed,0,1,True,0.9412587496371102,0.9626286758569658,fixed,1,0.02136992621985556,,,NA,,,,,NA,,,96.4,92.5,lightgcn_only,0.0,-3.9000000000000057,0.010992134367608741,0.014776868246760666,fixed,1,0.003784733879151925,5.311885185824268,4.439419846934305,lightgcn_only,0,-0.8724653388899632
amazon_cds,lightgcn_only,fixed,diversity,15216,fixed,lightgcn_only,fixed,0,1,True,0.9348668227981428,0.9764810077923203,fixed,1,0.04161418499417746,,,NA,,,,,NA,,,73.6,201.4,fixed,1.0,127.80000000000001,0.014732849240188538,0.011127406278797405,lightgcn_only,0,-0.0036054429613911337,5.242292636109684,3.62279799058973,lightgcn_only,0,-1.619494645519954
amazon_cds,lightgcn_only,fixed,diversity,10156,fixed,lightgcn_only,fixed,0,1,True,0.9207734947375441,0.9498832994399601,fixed,1,0.029109804702415976,,,NA,,,,,NA,,,105.2,124.8,fixed,1.0,19.599999999999994,0.015330385922261453,0.02129116158817915,fixed,1,0.0059607756659176975,5.891325754933083,3.0634377606415333,lightgcn_only,0,-2.82788799429155
amazon_cds,lightgcn_only,fixed,diversity,4882,fixed,lightgcn_only,fixed,0,1,True,0.9264586224942039,0.9660254597824524,fixed,1,0.0395668372882485,,,NA,,,,,NA,,,126.9,41.4,lightgcn_only,0.0,-85.5,0.011121204054532175,0.0035344518818963846,lightgcn_only,0,-0.00758675217263579,4.735132911436706,2.9173236559986866,lightgcn_only,0,-1.8178092554380192
amazon_cds,lightgcn_only,fixed,diversity,9564,fixed,lightgcn_only,fixed,0,1,True,0.9496049502136198,0.941827314761698,lightgcn_only,0,-0.007777635451921783,,,NA,,,,,NA,,,86.0,115.4,fixed,1.0,29.400000000000006,0.03443466019120769,0.02529436117505691,lightgcn_only,0,-0.009140299016150776,5.543713778253055,3.6500641077523035,lightgcn_only,0,-1.8936496705007517
amazon_cds,lightgcn_only,fixed,diversity,5010,fixed,lightgcn_only,fixed,0,1,True,0.9246439741456408,0.9700744301831351,fixed,1,0.04543045603749429,,,NA,,,,,NA,,,99.2,163.6,fixed,1.0,64.39999999999999,0.021806465342646332,0.018514275515534678,lightgcn_only,0,-0.0032921898271116544,5.621428169325723,3.5995095200591662,lightgcn_only,0,-2.021918649266557
amazon_cds,lightgcn_only,fixed,diversity,9123,lightgcn_only,lightgcn_only,fixed,1,0,True,0.9779646188494667,0.9245415732763493,lightgcn_only,1,0.05342304557311739,,,NA,,,,,NA,,,149.2,324.7,fixed,0.0,-175.5,0.021471669294000132,0.038010769284156816,fixed,0,-0.016539099990156684,5.378546808601477,2.97631165798419,lightgcn_only,1,2.402235150617287
amazon_cds,lightgcn_only,fixed,novelty,13752,fixed,lightgcn_only,fixed,0,1,True,0.9783974214169628,0.9790520332968047,fixed,1,0.0006546118798418377,,,NA,,,,,NA,,,166.7,123.5,lightgcn_only,0.0,-43.19999999999999,0.00947456678604022,0.012118369507639613,fixed,1,0.0026438027215993937,4.753725025859865,3.119765954467463,lightgcn_only,0,-1.6339590713924017
amazon_cds,lightgcn_only,fixed,novelty,965,fixed,lightgcn_only,fixed,0,1,True,0.9516109641800257,0.974282752823004,fixed,1,0.022671788642978363,,,NA,,,,,NA,,,118.7,136.3,fixed,1.0,17.60000000000001,0.05542373207604867,0.03239642858238635,lightgcn_only,0,-0.02302730349366232,5.555997370562901,4.9252901697533655,lightgcn_only,0,-0.6307072008095354
amazon_cds,lightgcn_only,fixed,novelty,906,fixed,lightgcn_only,fixed,0,1,True,0.9442617075607631,0.9341627131496462,lightgcn_only,0,-0.010098994411116946,,,NA,,,,,NA,,,222.0,136.6,lightgcn_only,0.0,-85.4,0.03627421790094895,0.03969971924823863,fixed,1,0.0034255013472896806,4.012572199185172,3.10880273437515,lightgcn_only,0,-0.9037694648100221
amazon_cds,lightgcn_only,fixed,novelty,14125,fixed,lightgcn_only,fixed,0,1,True,0.9465151906909576,0.9516182299353108,fixed,1,0.00510303924435318,,,NA,,,,,NA,,,83.2,173.8,fixed,1.0,90.60000000000001,0.009065403018424973,0.021266587698234186,fixed,1,0.012201184679809213,5.635982436915666,2.7080757539414466,lightgcn_only,0,-2.927906682974219
amazon_cds,lightgcn_only,fixed,novelty,13209,lightgcn_only,lightgcn_only,fixed,1,0,True,0.9787519082550863,0.9699827414091773,lightgcn_only,1,0.008769166845909004,,,NA,,,,,NA,,,90.5,79.2,lightgcn_only,1.0,11.299999999999997,0.02138831788770809,0.026283986990406686,fixed,0,-0.0048956691026985945,5.85931403390486,2.792811471588722,lightgcn_only,1,3.066502562316138
amazon_cds,lightgcn_only,fixed,novelty,5338,fixed,lightgcn_only,fixed,0,1,True,0.9828677564034539,0.9865686930341979,fixed,1,0.0037009366307440006,,,NA,,,,,NA,,,101.3,63.4,lightgcn_only,0.0,-37.9,0.010277841909806374,0.00846848568322115,lightgcn_only,0,-0.0018093562265852244,5.816182022581385,3.0574143186245784,lightgcn_only,0,-2.758767703956807
amazon_cds,lightgcn_only,fixed,novelty,15509,fixed,lightgcn_only,fixed,0,1,True,0.9182423137667064,0.9273157717225693,fixed,1,0.009073457955862896,,,NA,,,,,NA,,,122.0,128.3,fixed,1.0,6.300000000000011,0.04166845346790686,0.0395319697984171,lightgcn_only,0,-0.002136483669489757,5.771898698251761,4.1394836267064345,lightgcn_only,0,-1.632415071545326
amazon_cds,lightgcn_only,fixed,novelty,2562,lightgcn_only,lightgcn_only,fixed,1,0,True,0.7828961992170893,0.9783433726758588,fixed,0,-0.1954471734587695,,,NA,,,,,NA,,,119.5,5.6,lightgcn_only,1.0,113.9,0.059602170913213834,0.005318307512900618,lightgcn_only,1,0.054283863400313215,5.592529964269535,3.4998661543389114,lightgcn_only,1,2.092663809930624
amazon_cds,lightgcn_only,fixed,novelty,4645,fixed,lightgcn_only,fixed,0,1,True,0.9699930516915249,0.9561038780829791,lightgcn_only,0,-0.013889173608545802,,,NA,,,,,NA,,,165.2,87.4,lightgcn_only,0.0,-77.79999999999998,0.016013870802098575,0.023120497503047743,fixed,1,0.007106626700949168,5.487576495305801,2.7965134362318915,lightgcn_only,0,-2.691063059073909
amazon_cds,lightgcn_only,fixed,novelty,12364,lightgcn_only,lightgcn_only,fixed,1,0,True,0.9729812450522652,0.8444055676999661,lightgcn_only,1,0.12857567735229913,,,NA,,,,,NA,,,101.2,139.1,fixed,0.0,-37.89999999999999,0.022430964138449815,0.05894944572807683,fixed,0,-0.03651848158962702,5.879882673856896,4.425329110311748,lightgcn_only,1,1.454553563545148
amazon_cds,lightgcn_only,fixed,novelty,5923,lightgcn_only,lightgcn_only,fixed,1,0,True,0.9751581681050995,0.9603848394762364,lightgcn_only,1,0.014773328628863047,,,NA,,,,,NA,,,254.4,156.0,lightgcn_only,1.0,98.4,0.026330398144160678,0.032015203372450174,fixed,0,-0.005684805228289496,4.945030478340987,3.913636042275493,lightgcn_only,1,1.031394436065494
amazon_cds,lightgcn_only,fixed,novelty,3640,lightgcn_only,lightgcn_only,fixed,1,0,True,0.9840486008629279,0.972954322500513,lightgcn_only,1,0.011094278362414944,,,NA,,,,,NA,,,132.0,184.4,fixed,0.0,-52.400000000000006,0.018095818556739574,0.036297998210715866,fixed,0,-0.018202179653976292,5.254449373995686,3.9548356425641003,lightgcn_only,1,1.2996137314315859
amazon_cds,lightgcn_only,fixed,novelty,6005,fixed,lightgcn_only,fixed,0,1,True,0.9385418228428672,0.958605784812723,fixed,1,0.020063961969855715,,,NA,,,,,NA,,,98.0,96.7,lightgcn_only,0.0,-1.2999999999999972,0.028028044658552097,0.02102892958470843,lightgcn_only,0,-0.0069991150738436675,5.627081369405057,4.217071072654646,lightgcn_only,0,-1.4100102967504116
amazon_cds,lightgcn_only,fixed,novelty,3169,lightgcn_only,lightgcn_only,fixed,1,0,True,0.9878236983374223,0.9623188497217102,lightgcn_only,1,0.025504848615712117,,,NA,,,,,NA,,,164.5,169.9,fixed,0.0,-5.400000000000006,0.015453292384242433,0.03020982453952221,fixed,0,-0.014756532155279778,5.363389869985964,3.715214823336408,lightgcn_only,1,1.648175046649556
amazon_cds,lightgcn_only,fixed,novelty,1726,lightgcn_only,lightgcn_only,fixed,1,0,True,0.9671226132318465,0.9681792764786817,fixed,0,-0.0010566632468352877,,,NA,,,,,NA,,,273.2,198.1,lightgcn_only,1.0,75.1,0.03273589037310424,0.024300730460675116,lightgcn_only,1,0.008435159912429123,4.695418705802777,3.0066859031946658,lightgcn_only,1,1.6887328026081114
amazon_cds,lightgcn_only,fixed,novelty,15216,fixed,lightgcn_only,fixed,0,1,True,0.9348668227981428,0.9764810077923203,fixed,1,0.04161418499417746,,,NA,,,,,NA,,,73.6,201.4,fixed,1.0,127.80000000000001,0.014732849240188538,0.011127406278797405,lightgcn_only,0,-0.0036054429613911337,5.242292636109684,3.62279799058973,lightgcn_only,0,-1.619494645519954
amazon_cds,lightgcn_only,fixed,novelty,11615,lightgcn_only,lightgcn_only,fixed,1,0,True,0.9704107620218192,0.9899358214852393,fixed,0,-0.01952505946342009,,,NA,,,,,NA,,,136.2,57.3,lightgcn_only,1.0,78.89999999999999,0.004409625856993629,0.002807892156141761,lightgcn_only,1,0.001601733700851868,5.327305527219514,2.8763445768961935,lightgcn_only,1,2.4509609503233207
amazon_cds,lightgcn_only,fixed,novelty,10156,fixed,lightgcn_only,fixed,0,1,True,0.9207734947375441,0.9498832994399601,fixed,1,0.029109804702415976,,,NA,,,,,NA,,,105.2,124.8,fixed,1.0,19.599999999999994,0.015330385922261453,0.02129116158817915,fixed,1,0.0059607756659176975,5.891325754933083,3.0634377606415333,lightgcn_only,0,-2.82788799429155
amazon_cds,lightgcn_only,fixed,novelty,4882,fixed,lightgcn_only,fixed,0,1,True,0.9264586224942039,0.9660254597824524,fixed,1,0.0395668372882485,,,NA,,,,,NA,,,126.9,41.4,lightgcn_only,0.0,-85.5,0.011121204054532175,0.0035344518818963846,lightgcn_only,0,-0.00758675217263579,4.735132911436706,2.9173236559986866,lightgcn_only,0,-1.8178092554380192
amazon_cds,lightgcn_only,fixed,novelty,2080,fixed,lightgcn_only,fixed,0,1,True,0.9847933043705069,0.9749138401428469,lightgcn_only,0,-0.009879464227660062,,,NA,,,,,NA,,,148.4,170.7,fixed,1.0,22.299999999999983,0.016760610500771166,0.01778270233932406,fixed,1,0.001022091838552893,5.469834730894969,3.9657994874023466,lightgcn_only,0,-1.5040352434926225
amazon_cds,lightgcn_only,fixed,novelty,5010,fixed,lightgcn_only,fixed,0,1,True,0.9246439741456408,0.9700744301831351,fixed,1,0.04543045603749429,,,NA,,,,,NA,,,99.2,163.6,fixed,1.0,64.39999999999999,0.021806465342646332,0.018514275515534678,lightgcn_only,0,-0.0032921898271116544,5.621428169325723,3.5995095200591662,lightgcn_only,0,-2.021918649266557
amazon_cds,lightgcn_only,fixed,novelty,9145,lightgcn_only,lightgcn_only,fixed,1,0,True,0.9854843192733366,0.9623953502566104,lightgcn_only,1,0.02308896901672619,,,NA,,,,,NA,,,89.8,101.3,fixed,0.0,-11.5,0.011545279261552226,0.017832590571186437,fixed,0,-0.006287311309634211,5.472255409749527,3.7624660250698754,lightgcn_only,1,1.709789384679652
amazon_cds,lightgcn_only,fixed,novelty,11879,fixed,lightgcn_only,fixed,0,1,True,0.9802235644604939,0.9731607265235778,lightgcn_only,0,-0.007062837936916089,,,NA,,,,,NA,,,114.6,144.8,fixed,1.0,30.200000000000017,0.011483963253464145,0.017763662839813534,fixed,1,0.006279699586349389,5.7158294370557545,4.210831054616475,lightgcn_only,0,-1.5049983824392799
amazon_cds,lightgcn_only,fixed,relevance,13315,lightgcn_only,lightgcn_only,fixed,1,0,True,0.9482009726623274,0.9904519766913403,fixed,0,-0.04225100402901294,,,NA,,,,,NA,,,107.2,70.5,lightgcn_only,1.0,36.7,0.009637989623166593,0.00900332242868998,lightgcn_only,1,0.0006346671944766121,5.972589489210775,5.334747348295356,lightgcn_only,1,0.6378421409154189
amazon_cds,lightgcn_only,fixed,relevance,13752,fixed,lightgcn_only,fixed,0,1,True,0.9783974214169628,0.9790520332968047,fixed,1,0.0006546118798418377,,,NA,,,,,NA,,,166.7,123.5,lightgcn_only,0.0,-43.19999999999999,0.00947456678604022,0.012118369507639613,fixed,1,0.0026438027215993937,4.753725025859865,3.119765954467463,lightgcn_only,0,-1.6339590713924017
amazon_cds,lightgcn_only,fixed,relevance,965,fixed,lightgcn_only,fixed,0,1,True,0.9516109641800257,0.974282752823004,fixed,1,0.022671788642978363,,,NA,,,,,NA,,,118.7,136.3,fixed,1.0,17.60000000000001,0.05542373207604867,0.03239642858238635,lightgcn_only,0,-0.02302730349366232,5.555997370562901,4.9252901697533655,lightgcn_only,0,-0.6307072008095354
amazon_cds,lightgcn_only,fixed,relevance,906,lightgcn_only,lightgcn_only,fixed,1,0,True,0.9442617075607631,0.9341627131496462,lightgcn_only,1,0.010098994411116946,,,NA,,,,,NA,,,222.0,136.6,lightgcn_only,1.0,85.4,0.03627421790094895,0.03969971924823863,fixed,0,-0.0034255013472896806,4.012572199185172,3.10880273437515,lightgcn_only,1,0.9037694648100221
amazon_cds,lightgcn_only,fixed,relevance,14125,fixed,lightgcn_only,fixed,0,1,True,0.9465151906909576,0.9516182299353108,fixed,1,0.00510303924435318,,,NA,,,,,NA,,,83.2,173.8,fixed,1.0,90.60000000000001,0.009065403018424973,0.021266587698234186,fixed,1,0.012201184679809213,5.635982436915666,2.7080757539414466,lightgcn_only,0,-2.927906682974219
amazon_cds,lightgcn_only,fixed,relevance,15509,lightgcn_only,lightgcn_only,fixed,1,0,True,0.9182423137667064,0.9273157717225693,fixed,0,-0.009073457955862896,,,NA,,,,,NA,,,122.0,128.3,fixed,0.0,-6.300000000000011,0.04166845346790686,0.0395319697984171,lightgcn_only,1,0.002136483669489757,5.771898698251761,4.1394836267064345,lightgcn_only,1,1.632415071545326
amazon_cds,lightgcn_only,fixed,relevance,3628,fixed,lightgcn_only,fixed,0,1,True,0.9713502282605462,0.9159187176595222,lightgcn_only,0,-0.055431510601024025,,,NA,,,,,NA,,,170.7,144.3,lightgcn_only,0.0,-26.399999999999977,0.027283326631758757,0.10786547569380062,fixed,1,0.08058214906204186,5.31740705663157,3.9192330773264805,lightgcn_only,0,-1.3981739793050894
amazon_cds,lightgcn_only,fixed,relevance,13540,fixed,lightgcn_only,fixed,0,1,True,0.9749660734156715,0.972676896978441,lightgcn_only,0,-0.002289176437230589,,,NA,,,,,NA,,,256.9,171.0,lightgcn_only,0.0,-85.89999999999998,0.014353444926041115,0.018893868674619063,fixed,1,0.004540423748577948,4.779656475233713,3.0343402541003597,lightgcn_only,0,-1.7453162211333533
amazon_cds,lightgcn_only,fixed,relevance,7089,fixed,lightgcn_only,fixed,0,1,True,0.9316516287686718,0.9877526527240981,fixed,1,0.056101023955426266,,,NA,,,,,NA,,,97.2,107.0,fixed,1.0,9.799999999999997,0.025381061839051124,0.014649873564124337,lightgcn_only,0,-0.010731188274926787,5.532971654802685,4.136802308449945,lightgcn_only,0,-1.3961693463527398
amazon_cds,lightgcn_only,fixed,relevance,4645,fixed,lightgcn_only,fixed,0,1,True,0.9699930516915249,0.9561038780829791,lightgcn_only,0,-0.013889173608545802,,,NA,,,,,NA,,,165.2,87.4,lightgcn_only,0.0,-77.79999999999998,0.016013870802098575,0.023120497503047743,fixed,1,0.007106626700949168,5.487576495305801,2.7965134362318915,lightgcn_only,0,-2.691063059073909
amazon_cds,lightgcn_only,fixed,relevance,3169,lightgcn_only,lightgcn_only,fixed,1,0,True,0.9878236983374223,0.9623188497217102,lightgcn_only,1,0.025504848615712117,,,NA,,,,,NA,,,164.5,169.9,fixed,0.0,-5.400000000000006,0.015453292384242433,0.03020982453952221,fixed,0,-0.014756532155279778,5.363389869985964,3.715214823336408,lightgcn_only,1,1.648175046649556
amazon_cds,lightgcn_only,fixed,relevance,327,fixed,lightgcn_only,fixed,0,1,True,0.9488492303952539,0.9779762241615663,fixed,1,0.029126993766312337,,,NA,,,,,NA,,,127.2,126.3,lightgcn_only,0.0,-0.9000000000000057,0.023253918247420565,0.02051368381774255,lightgcn_only,0,-0.0027402344296780165,5.376372489169825,2.973796230668537,lightgcn_only,0,-2.4025762585012878
amazon_cds,lightgcn_only,fixed,relevance,4598,fixed,lightgcn_only,fixed,0,1,True,0.9707638590332823,0.9886891074980055,fixed,1,0.01792524846472321,,,NA,,,,,NA,,,131.7,63.9,lightgcn_only,0.0,-67.79999999999998,0.009786884203823594,0.008841407921958488,lightgcn_only,0,-0.0009454762818651066,5.381605017889454,3.1121329035309677,lightgcn_only,0,-2.269472114358486
amazon_cds,lightgcn_only,fixed,relevance,6869,fixed,lightgcn_only,fixed,0,1,True,0.9412587496371102,0.9626286758569658,fixed,1,0.02136992621985556,,,NA,,,,,NA,,,96.4,92.5,lightgcn_only,0.0,-3.9000000000000057,0.010992134367608741,0.014776868246760666,fixed,1,0.003784733879151925,5.311885185824268,4.439419846934305,lightgcn_only,0,-0.8724653388899632
amazon_cds,lightgcn_only,fixed,relevance,11879,fixed,lightgcn_only,fixed,0,1,True,0.9802235644604939,0.9731607265235778,lightgcn_only,0,-0.007062837936916089,,,NA,,,,,NA,,,114.6,144.8,fixed,1.0,30.200000000000017,0.011483963253464145,0.017763662839813534,fixed,1,0.006279699586349389,5.7158294370557545,4.210831054616475,lightgcn_only,0,-1.5049983824392799
mind,gbaf,fixed,balanced,35942,gbaf,gbaf,fixed,1,0,True,0.9594410128317373,0.9552382591745453,gbaf,1,0.0042027536571920265,7.0,5.0,gbaf,1.0,2.0,2.7086949695628415,1.8128876215181604,gbaf,1.0,0.8958073480446811,43.1,60.0,fixed,0.0,-16.9,0.015196341278774216,0.028789817623821528,fixed,0,-0.013593476345047312,6.188863634112565,3.855804527544693,gbaf,1,2.333059106567872
mind,gbaf,fixed,balanced,42800,gbaf,gbaf,fixed,1,0,True,0.9708684444402883,0.9737775914210833,fixed,0,-0.00290914698079503,14.0,14.0,TIE,,0.0,3.6219280948873624,3.684183719779189,fixed,0.0,-0.06225562489182668,36.4,30.9,gbaf,1.0,5.5,0.04826723239098776,0.008908949764662867,gbaf,1,0.039358282626324896,6.442648460381112,7.495261368195221,fixed,0,-1.052612907814109
mind,gbaf,fixed,balanced,10550,gbaf,gbaf,fixed,1,0,True,0.8618425378309865,0.9633769443592575,fixed,0,-0.10153440652827095,3.0,8.0,fixed,0.0,-5.0,1.2532975784630431,2.7037016960573483,fixed,0.0,-1.4504041175943052,34.0,44.3,fixed,0.0,-10.299999999999997,0.06691047986434781,0.05137636859362393,gbaf,1,0.015534111270723877,3.461359917430483,2.022474183698244,gbaf,1,1.438885733732239
mind,gbaf,fixed,balanced,9150,gbaf,gbaf,fixed,1,0,True,0.992043269484387,0.9887465322353353,gbaf,1,0.0032967372490517732,13.0,14.0,fixed,0.0,-1.0,3.5464393446710156,3.6818808028034016,fixed,0.0,-0.13544145813238595,55.4,35.8,gbaf,1.0,19.6,0.007393796440968126,0.002988353662173336,gbaf,1,0.00440544277879479,6.086890572350052,7.195656252927018,fixed,0,-1.1087656805769655
mind,gbaf,fixed,balanced,7340,gbaf,gbaf,fixed,1,0,True,0.993789642902437,0.9765970849461144,gbaf,1,0.017192557956322574,18.0,13.0,gbaf,1.0,5.0,4.1219280948873624,3.484183719779189,gbaf,1.0,0.6377443751081735,48.6,39.2,gbaf,1.0,9.399999999999999,0.012664444644850916,0.006598236579131361,gbaf,1,0.006066208065719555,6.204112846794979,7.493990446426912,fixed,0,-1.2898775996319323
mind,gbaf,fixed,balanced,23498,gbaf,gbaf,fixed,1,0,True,0.9938485935896691,0.9707581502506295,gbaf,1,0.023090443339039646,12.0,14.0,fixed,0.0,-2.0,3.346439344671015,3.621928094887362,fixed,0.0,-0.275488750216347,33.0,37.5,fixed,0.0,-4.5,0.008279996568393424,0.009345346326752737,fixed,0,-0.001065349758359313,7.1430614622416995,7.540540864280961,fixed,0,-0.39747940203926113
mind,gbaf,fixed,diversity,7434,gbaf,gbaf,fixed,1,0,True,0.9777885930619098,0.9880271447460213,fixed,0,-0.010238551684111474,10.0,12.0,fixed,0.0,-2.0,3.0464393446710156,3.2414460711655217,fixed,0.0,-0.19500672649450612,47.9,39.7,gbaf,1.0,8.199999999999996,0.007194107199088367,0.028999952056947942,fixed,0,-0.021805844857859573,5.901230765845925,7.3077052798729225,fixed,0,-1.4064745140269972
mind,gbaf,fixed,diversity,29787,gbaf,gbaf,fixed,1,0,True,0.9664476847134509,0.9697500060975182,fixed,0,-0.003302321384067275,15.0,11.0,gbaf,1.0,4.0,3.6841837197791887,3.2464393446710154,gbaf,1.0,0.4377443751081733,32.3,36.2,fixed,0.0,-3.9000000000000057,0.020172067961857436,0.007466885849558508,gbaf,1,0.012705182112298928,7.200983383889396,7.542034131696037,fixed,0,-0.3410507478066416
mind,gbaf,fixed,diversity,35942,gbaf,gbaf,fixed,1,0,True,0.9594410128317373,0.9552382591745453,gbaf,1,0.0042027536571920265,7.0,5.0,gbaf,1.0,2.0,2.7086949695628415,1.8128876215181604,gbaf,1.0,0.8958073480446811,43.1,60.0,fixed,0.0,-16.9,0.015196341278774216,0.028789817623821528,fixed,0,-0.013593476345047312,6.188863634112565,3.855804527544693,gbaf,1,2.333059106567872
mind,gbaf,fixed,diversity,34889,fixed,gbaf,fixed,0,1,True,0.9722588457438082,0.992587794271193,fixed,1,0.02032894852738487,12.0,16.0,fixed,1.0,4.0,3.4613201402110083,3.9219280948873627,fixed,1.0,0.4606079546763544,28.0,42.9,fixed,1.0,14.899999999999999,0.011676649178635413,0.01798690597857174,fixed,1,0.006310256799936326,7.293999677763149,7.160088506702863,gbaf,0,-0.13391117106028627
mind,gbaf,fixed,diversity,23071,gbaf,gbaf,fixed,1,0,True,0.9925075397159459,0.9544799486279258,gbaf,1,0.03802759108802001,11.0,12.0,fixed,0.0,-1.0,3.239097917988786,3.326360407952693,fixed,0.0,-0.08726248996390717,38.1,34.7,gbaf,1.0,3.3999999999999986,0.014206448247176266,0.009285667292216937,gbaf,1,0.004920780954959328,6.752475483800735,6.612069724697274,gbaf,1,0.14040575910346131
mind,gbaf,fixed,diversity,10550,fixed,gbaf,fixed,0,1,True,0.8618425378309865,0.9633769443592575,fixed,1,0.10153440652827095,3.0,8.0,fixed,1.0,5.0,1.2532975784630431,2.7037016960573483,fixed,1.0,1.4504041175943052,34.0,44.3,fixed,1.0,10.299999999999997,0.06691047986434781,0.05137636859362393,gbaf,0,-0.015534111270723877,3.461359917430483,2.022474183698244,gbaf,0,-1.438885733732239
mind,gbaf,fixed,diversity,1788,gbaf,gbaf,fixed,1,0,True,0.9718758815020566,0.9214378831632449,gbaf,1,0.050437998338811685,10.0,6.0,gbaf,1.0,4.0,3.1158340921632197,2.2339466645252255,gbaf,1.0,0.8818874276379942,46.8,31.1,gbaf,1.0,15.699999999999996,0.02276866167949253,0.040210351248871984,fixed,0,-0.017441689569379453,6.850304873774647,5.485833097003439,gbaf,1,1.3644717767712082
mind,gbaf,fixed,diversity,9150,gbaf,gbaf,fixed,1,0,True,0.992043269484387,0.9887465322353353,gbaf,1,0.0032967372490517732,13.0,14.0,fixed,0.0,-1.0,3.5464393446710156,3.6818808028034016,fixed,0.0,-0.13544145813238595,55.4,35.8,gbaf,1.0,19.6,0.007393796440968126,0.002988353662173336,gbaf,1,0.00440544277879479,6.086890572350052,7.195656252927018,fixed,0,-1.1087656805769655
mind,gbaf,fixed,diversity,2433,gbaf,gbaf,fixed,1,0,True,0.9911147498044932,0.9904438178542888,gbaf,1,0.0006709319502044009,13.0,7.0,gbaf,1.0,6.0,3.5464393446710156,2.728212945841001,gbaf,1.0,0.8182263988300145,49.2,42.1,gbaf,1.0,7.100000000000001,0.010808909686338984,0.01261968476902851,fixed,0,-0.001810775082689526,6.907592188683944,7.283269565036702,fixed,0,-0.37567737635275744
mind,gbaf,fixed,diversity,19543,fixed,gbaf,fixed,0,1,True,0.9775148312204938,0.9815800371037526,fixed,1,0.004065205883258871,6.0,8.0,fixed,1.0,2.0,2.169925001442312,2.5239860659612976,fixed,1.0,0.35406106451898545,40.8,38.9,gbaf,0.0,-1.8999999999999986,0.016302112677828717,0.017552073717734585,fixed,1,0.0012499610399058676,5.786189762302766,6.054586154243564,fixed,1,0.2683963919407981
mind,gbaf,fixed,diversity,23498,gbaf,gbaf,fixed,1,0,True,0.9938485935896691,0.9707581502506295,gbaf,1,0.023090443339039646,12.0,14.0,fixed,0.0,-2.0,3.346439344671015,3.621928094887362,fixed,0.0,-0.275488750216347,33.0,37.5,fixed,0.0,-4.5,0.008279996568393424,0.009345346326752737,fixed,0,-0.001065349758359313,7.1430614622416995,7.540540864280961,fixed,0,-0.39747940203926113
mind,gbaf,fixed,diversity,28263,gbaf,gbaf,fixed,1,0,True,0.9814857320835517,0.9226290684757713,gbaf,1,0.05885666360778041,10.0,9.0,gbaf,1.0,1.0,3.065957320949175,2.8016094970590273,gbaf,1.0,0.26434782389014755,42.1,37.4,gbaf,1.0,4.700000000000003,0.024099809593965876,0.058354524682529066,fixed,0,-0.03425471508856319,4.888410967469563,3.3175794567624015,gbaf,1,1.570831510707161
mind,gbaf,fixed,diversity,47453,fixed,gbaf,fixed,0,1,True,0.9745367259449346,0.971164058233706,gbaf,0,-0.003372667711228572,13.0,14.0,fixed,1.0,1.0,3.5841837197791886,3.721928094887362,fixed,1.0,0.1377443751081735,33.9,43.7,fixed,1.0,9.800000000000004,0.003738734340251853,0.0065261292571112935,fixed,1,0.0027873949168594407,7.515334289609039,7.322941799207809,gbaf,0,-0.19239249040122974
mind,gbaf,fixed,novelty,7434,gbaf,gbaf,fixed,1,0,True,0.9777885930619098,0.9880271447460213,fixed,0,-0.010238551684111474,10.0,12.0,fixed,0.0,-2.0,3.0464393446710156,3.2414460711655217,fixed,0.0,-0.19500672649450612,47.9,39.7,gbaf,1.0,8.199999999999996,0.007194107199088367,0.028999952056947942,fixed,0,-0.021805844857859573,5.901230765845925,7.3077052798729225,fixed,0,-1.4064745140269972
mind,gbaf,fixed,novelty,29787,fixed,gbaf,fixed,0,1,True,0.9664476847134509,0.9697500060975182,fixed,1,0.003302321384067275,15.0,11.0,gbaf,0.0,-4.0,3.6841837197791887,3.2464393446710154,gbaf,0.0,-0.4377443751081733,32.3,36.2,fixed,1.0,3.9000000000000057,0.020172067961857436,0.007466885849558508,gbaf,0,-0.012705182112298928,7.200983383889396,7.542034131696037,fixed,1,0.3410507478066416
mind,gbaf,fixed,novelty,5744,gbaf,gbaf,fixed,1,0,True,0.99102633317116,0.9785083074097995,gbaf,1,0.012518025761360407,12.0,13.0,fixed,0.0,-1.0,3.321928094887362,3.5219280948873624,fixed,0.0,-0.20000000000000018,40.4,35.9,gbaf,1.0,4.5,0.0407849063946202,0.03881462711732862,gbaf,1,0.001970279277291577,5.729698896138776,5.715300192590005,gbaf,1,0.014398703548770264
mind,gbaf,fixed,novelty,28130,gbaf,gbaf,fixed,1,0,True,0.9727116739253565,0.9374625895436904,gbaf,1,0.035249084381666074,14.0,8.0,gbaf,1.0,6.0,3.6464393446710153,2.7414460711655217,gbaf,1.0,0.9049932735054935,64.5,43.0,gbaf,1.0,21.5,0.0396778781682438,0.06224816863615061,fixed,0,-0.02257029046790681,5.9689028779077455,5.148767844695565,gbaf,1,0.8201350332121802
mind,gbaf,fixed,novelty,40271,fixed,gbaf,fixed,0,1,True,0.9632091274637175,0.9702424404427081,fixed,1,0.00703331297899068,14.0,14.0,TIE,,0.0,3.6841837197791887,3.6219280948873624,gbaf,0.0,-0.06225562489182623,36.2,36.5,fixed,1.0,0.29999999999999716,0.020552712708912495,0.0019808531927014584,gbaf,0,-0.018571859516211035,7.519264570476166,7.554328284941119,fixed,1,0.035063714464953044
mind,gbaf,fixed,novelty,11108,fixed,gbaf,fixed,0,1,True,0.9711027090342087,0.9670847719852816,gbaf,0,-0.004017937048927056,14.0,13.0,gbaf,0.0,-1.0,3.6464393446710153,3.484183719779189,gbaf,0.0,-0.16225562489182632,36.8,41.2,fixed,1.0,4.400000000000006,0.020054928564618248,0.019706527986121596,gbaf,0,-0.00034840057849665207,7.317217186281229,7.5617762577914505,fixed,1,0.2445590715102215
mind,gbaf,fixed,novelty,36267,fixed,gbaf,fixed,0,1,True,0.9855676121068258,0.9880457780777506,fixed,1,0.0024781659709248727,11.0,13.0,fixed,1.0,2.0,3.321928094887362,3.426367488473226,fixed,1.0,0.10443939358586363,41.9,39.7,gbaf,0.0,-2.1999999999999957,0.02579910746414593,0.027679780155200857,fixed,1,0.001880672691054925,7.423961817510109,7.466603203746582,fixed,1,0.04264138623647362
mind,gbaf,fixed,novelty,34889,fixed,gbaf,fixed,0,1,True,0.9722588457438082,0.992587794271193,fixed,1,0.02032894852738487,12.0,16.0,fixed,1.0,4.0,3.4613201402110083,3.9219280948873627,fixed,1.0,0.4606079546763544,28.0,42.9,fixed,1.0,14.899999999999999,0.011676649178635413,0.01798690597857174,fixed,1,0.006310256799936326,7.293999677763149,7.160088506702863,gbaf,0,-0.13391117106028627
mind,gbaf,fixed,novelty,23071,gbaf,gbaf,fixed,1,0,True,0.9925075397159459,0.9544799486279258,gbaf,1,0.03802759108802001,11.0,12.0,fixed,0.0,-1.0,3.239097917988786,3.326360407952693,fixed,0.0,-0.08726248996390717,38.1,34.7,gbaf,1.0,3.3999999999999986,0.014206448247176266,0.009285667292216937,gbaf,1,0.004920780954959328,6.752475483800735,6.612069724697274,gbaf,1,0.14040575910346131
mind,gbaf,fixed,novelty,10550,fixed,gbaf,fixed,0,1,True,0.8618425378309865,0.9633769443592575,fixed,1,0.10153440652827095,3.0,8.0,fixed,1.0,5.0,1.2532975784630431,2.7037016960573483,fixed,1.0,1.4504041175943052,34.0,44.3,fixed,1.0,10.299999999999997,0.06691047986434781,0.05137636859362393,gbaf,0,-0.015534111270723877,3.461359917430483,2.022474183698244,gbaf,0,-1.438885733732239
mind,gbaf,fixed,novelty,11583,gbaf,gbaf,fixed,1,0,True,0.9748091056758645,0.9841198199282243,fixed,0,-0.009310714252359742,9.0,11.0,fixed,0.0,-2.0,2.6873230684749942,3.1464393446710153,fixed,0.0,-0.459116276196021,28.0,40.1,fixed,0.0,-12.100000000000001,0.03667888508265566,0.02536857374171513,gbaf,1,0.011310311340940533,4.6493771458224655,6.071243458570125,fixed,0,-1.4218663127476594
mind,gbaf,fixed,novelty,1788,gbaf,gbaf,fixed,1,0,True,0.9718758815020566,0.9214378831632449,gbaf,1,0.050437998338811685,10.0,6.0,gbaf,1.0,4.0,3.1158340921632197,2.2339466645252255,gbaf,1.0,0.8818874276379942,46.8,31.1,gbaf,1.0,15.699999999999996,0.02276866167949253,0.040210351248871984,fixed,0,-0.017441689569379453,6.850304873774647,5.485833097003439,gbaf,1,1.3644717767712082
mind,gbaf,fixed,novelty,9150,gbaf,gbaf,fixed,1,0,True,0.992043269484387,0.9887465322353353,gbaf,1,0.0032967372490517732,13.0,14.0,fixed,0.0,-1.0,3.5464393446710156,3.6818808028034016,fixed,0.0,-0.13544145813238595,55.4,35.8,gbaf,1.0,19.6,0.007393796440968126,0.002988353662173336,gbaf,1,0.00440544277879479,6.086890572350052,7.195656252927018,fixed,0,-1.1087656805769655
mind,gbaf,fixed,novelty,19543,gbaf,gbaf,fixed,1,0,True,0.9775148312204938,0.9815800371037526,fixed,0,-0.004065205883258871,6.0,8.0,fixed,0.0,-2.0,2.169925001442312,2.5239860659612976,fixed,0.0,-0.35406106451898545,40.8,38.9,gbaf,1.0,1.8999999999999986,0.016302112677828717,0.017552073717734585,fixed,0,-0.0012499610399058676,5.786189762302766,6.054586154243564,fixed,0,-0.2683963919407981
mind,gbaf,fixed,novelty,38081,fixed,gbaf,fixed,0,1,True,0.9770090665501124,0.9932368762288124,fixed,1,0.016227809678699967,13.0,17.0,fixed,1.0,4.0,3.621928094887362,4.021928094887363,fixed,1.0,0.4000000000000008,30.4,37.6,fixed,1.0,7.200000000000003,0.00827463781075975,0.006127392255965313,gbaf,0,-0.0021472455547944377,6.174652248108674,7.142632900410311,fixed,1,0.9679806523016365
mind,gbaf,fixed,novelty,36746,fixed,gbaf,fixed,0,1,True,0.9973014863201101,0.9762150126247324,gbaf,0,-0.02108647369537764,16.0,16.0,TIE,,0.0,3.884183719779189,3.9219280948873627,fixed,1.0,0.037744375108173855,32.6,39.7,fixed,1.0,7.100000000000001,0.007709977842173277,0.0034374610950484493,gbaf,0,-0.004272516747124828,7.1876490460108045,7.359464861896152,fixed,1,0.17181581588534733
mind,gbaf,fixed,novelty,38547,fixed,gbaf,fixed,0,1,True,0.991030301215832,0.9948874109514568,fixed,1,0.0038571097356248085,13.0,14.0,fixed,1.0,1.0,3.5841837197791886,3.6219280948873624,fixed,1.0,0.037744375108173855,38.6,34.3,gbaf,0.0,-4.300000000000004,0.017804468409907206,0.007093138800675096,gbaf,0,-0.01071132960923211,6.834884067882665,7.357412510346698,fixed,1,0.5225284424640337
mind,gbaf,fixed,novelty,49103,gbaf,gbaf,fixed,1,0,True,0.9719300001292736,0.9651354123782323,gbaf,1,0.006794587751041248,14.0,12.0,gbaf,1.0,2.0,3.721928094887362,3.384183719779189,gbaf,1.0,0.33774437510817323,35.2,35.9,fixed,0.0,-0.6999999999999957,0.006769537178130715,0.01115498705586718,fixed,0,-0.004385449877736466,7.6087980537100135,7.448697134330496,gbaf,1,0.16010091937951731
mind,gbaf,fixed,novelty,47365,fixed,gbaf,fixed,0,1,True,0.9777419304346229,0.9755885572270199,gbaf,0,-0.0021533732076030043,16.0,18.0,fixed,1.0,2.0,3.8841837197791893,4.1219280948873624,fixed,1.0,0.23774437510817314,35.1,36.6,fixed,1.0,1.5,0.020393104724245624,0.007126344123711596,gbaf,0,-0.013266760600534028,7.010645422097416,7.18024048051644,fixed,1,0.16959505841902445
mind,gbaf,fixed,novelty,28263,gbaf,gbaf,fixed,1,0,True,0.9814857320835517,0.9226290684757713,gbaf,1,0.05885666360778041,10.0,9.0,gbaf,1.0,1.0,3.065957320949175,2.8016094970590273,gbaf,1.0,0.26434782389014755,42.1,37.4,gbaf,1.0,4.700000000000003,0.024099809593965876,0.058354524682529066,fixed,0,-0.03425471508856319,4.888410967469563,3.3175794567624015,gbaf,1,1.570831510707161
mind,gbaf,fixed,novelty,32336,gbaf,gbaf,fixed,1,0,True,0.9726372629307586,0.9736896309025463,fixed,0,-0.0010523679717877599,14.0,14.0,TIE,,0.0,3.6219280948873624,3.621928094887362,TIE,,4.440892098500626e-16,41.7,38.4,gbaf,1.0,3.3000000000000043,0.0064785702471774325,0.006356397813932445,gbaf,1,0.00012217243324498788,7.475917117771671,7.530593921904712,fixed,0,-0.05467680413304166
mind,gbaf,fixed,novelty,47760,gbaf,gbaf,fixed,1,0,True,0.9904038079480785,0.9930994215594495,fixed,0,-0.0026956136113710505,14.0,14.0,TIE,,0.0,3.621928094887362,3.681880802803402,fixed,0.0,-0.059952707916040016,41.3,39.5,gbaf,1.0,1.7999999999999972,0.007079987876806207,0.025173956772990218,fixed,0,-0.01809396889618401,7.307091718322376,7.468039069529871,fixed,0,-0.16094735120749526
mind,gbaf,fixed,novelty,13130,gbaf,gbaf,fixed,1,0,True,0.9652221520947307,0.9885923660426992,fixed,0,-0.023370213947968455,7.0,11.0,fixed,0.0,-4.0,2.6219280948873624,3.308694969562842,fixed,0.0,-0.6867668746754796,42.3,42.3,TIE,,0.0,0.021970489812100508,0.01055156008302556,gbaf,1,0.011418929729074948,5.762633422562455,7.194459717970877,fixed,0,-1.4318262954084213
mind,gbaf,fixed,novelty,47453,fixed,gbaf,fixed,0,1,True,0.9745367259449346,0.971164058233706,gbaf,0,-0.003372667711228572,13.0,14.0,fixed,1.0,1.0,3.5841837197791886,3.721928094887362,fixed,1.0,0.1377443751081735,33.9,43.7,fixed,1.0,9.800000000000004,0.003738734340251853,0.0065261292571112935,fixed,1,0.0027873949168594407,7.515334289609039,7.322941799207809,gbaf,0,-0.19239249040122974
mind,gbaf,fixed,relevance,29787,gbaf,gbaf,fixed,1,0,True,0.9664476847134509,0.9697500060975182,fixed,0,-0.003302321384067275,15.0,11.0,gbaf,1.0,4.0,3.6841837197791887,3.2464393446710154,gbaf,1.0,0.4377443751081733,32.3,36.2,fixed,0.0,-3.9000000000000057,0.020172067961857436,0.007466885849558508,gbaf,1,0.012705182112298928,7.200983383889396,7.542034131696037,fixed,0,-0.3410507478066416
mind,gbaf,fixed,relevance,34804,gbaf,gbaf,fixed,1,0,True,0.9929226730055868,0.9689722888925878,gbaf,1,0.02395038411299899,13.0,16.0,fixed,0.0,-3.0,3.441446071165522,3.8841837197791893,fixed,0.0,-0.4427376486136674,38.7,42.4,fixed,0.0,-3.6999999999999957,0.0088412017082283,0.003434960014458785,gbaf,1,0.005406241693769516,6.299997072130985,7.248866224413549,fixed,0,-0.9488691522825636
mind,gbaf,fixed,relevance,42678,gbaf,gbaf,fixed,1,0,True,0.9721901065322057,0.9887137903135761,fixed,0,-0.01652368378137037,11.0,11.0,TIE,,0.0,3.1414460711655217,3.2841837197791888,fixed,0.0,-0.1427376486136671,42.2,36.2,gbaf,1.0,6.0,0.01235405129817882,0.02902070050492158,fixed,0,-0.01666664920674276,7.48696656391885,7.231521917924215,gbaf,1,0.25544464599463534
mind,gbaf,fixed,relevance,10550,gbaf,gbaf,fixed,1,0,True,0.8618425378309865,0.9633769443592575,fixed,0,-0.10153440652827095,3.0,8.0,fixed,0.0,-5.0,1.2532975784630431,2.7037016960573483,fixed,0.0,-1.4504041175943052,34.0,44.3,fixed,0.0,-10.299999999999997,0.06691047986434781,0.05137636859362393,gbaf,1,0.015534111270723877,3.461359917430483,2.022474183698244,gbaf,1,1.438885733732239
mind,gbaf,fixed,relevance,13700,fixed,gbaf,fixed,0,1,True,0.9754984971400712,0.9935429401415866,fixed,1,0.01804444300151542,15.0,15.0,TIE,,0.0,3.721928094887362,3.7464393446710154,fixed,1.0,0.024511249783653266,33.3,43.8,fixed,1.0,10.5,0.02257647547273216,0.009515614175896098,gbaf,0,-0.013060861296836063,6.9055763126299325,4.570506674346666,gbaf,0,-2.335069638283267
mind,gbaf,fixed,relevance,38081,fixed,gbaf,fixed,0,1,True,0.9770090665501124,0.9932368762288124,fixed,1,0.016227809678699967,13.0,17.0,fixed,1.0,4.0,3.621928094887362,4.021928094887363,fixed,1.0,0.4000000000000008,30.4,37.6,fixed,1.0,7.200000000000003,0.00827463781075975,0.006127392255965313,gbaf,0,-0.0021472455547944377,6.174652248108674,7.142632900410311,fixed,1,0.9679806523016365
mind,gbaf,fixed,relevance,21367,fixed,gbaf,fixed,0,1,True,0.9939670405221874,0.9938794754110166,gbaf,0,-8.756511117080645e-05,11.0,14.0,fixed,1.0,3.0,3.136379330350756,3.616348566075163,fixed,1.0,0.4799692357244072,40.1,34.8,gbaf,0.0,-5.300000000000004,0.01044422490445271,0.016130504729530756,fixed,1,0.005686279825078045,7.032112464877909,7.366025101787287,fixed,1,0.33391263690937745
mind,gbaf,fixed,relevance,38547,gbaf,gbaf,fixed,1,0,True,0.991030301215832,0.9948874109514568,fixed,0,-0.0038571097356248085,13.0,14.0,fixed,0.0,-1.0,3.5841837197791886,3.6219280948873624,fixed,0.0,-0.037744375108173855,38.6,34.3,gbaf,1.0,4.300000000000004,0.017804468409907206,0.007093138800675096,gbaf,1,0.01071132960923211,6.834884067882665,7.357412510346698,fixed,0,-0.5225284424640337
mind,gbaf,fixed,relevance,47365,gbaf,gbaf,fixed,1,0,True,0.9777419304346229,0.9755885572270199,gbaf,1,0.0021533732076030043,16.0,18.0,fixed,0.0,-2.0,3.8841837197791893,4.1219280948873624,fixed,0.0,-0.23774437510817314,35.1,36.6,fixed,0.0,-1.5,0.020393104724245624,0.007126344123711596,gbaf,1,0.013266760600534028,7.010645422097416,7.18024048051644,fixed,0,-0.16959505841902445
mind,gbaf,fixed,relevance,8882,gbaf,gbaf,fixed,1,0,True,0.9666311640702135,0.9672150849823612,fixed,0,-0.0005839209121476507,13.0,15.0,fixed,0.0,-2.0,3.5464393446710156,3.826874881864637,fixed,0.0,-0.28043553719362135,32.1,36.2,fixed,0.0,-4.100000000000001,0.006062897027857175,0.005848970225807762,gbaf,1,0.00021392680204941356,7.386401232571956,7.4611216340355,fixed,0,-0.0747204014635443
mind,gbaf,fixed,relevance,16461,gbaf,gbaf,fixed,1,0,True,0.9891127589566839,0.9907732616799967,fixed,0,-0.0016605027233127512,13.0,12.0,gbaf,1.0,1.0,3.621928094887362,3.4464393446710155,gbaf,1.0,0.17548875021634647,33.1,33.1,TIE,,0.0,0.015485087092129542,0.018450096894505184,fixed,0,-0.0029650098023756427,6.325752757130234,7.1216807009407095,fixed,0,-0.7959279438104758
mind,gbaf,fixed,relevance,13130,gbaf,gbaf,fixed,1,0,True,0.9652221520947307,0.9885923660426992,fixed,0,-0.023370213947968455,7.0,11.0,fixed,0.0,-4.0,2.6219280948873624,3.308694969562842,fixed,0.0,-0.6867668746754796,42.3,42.3,TIE,,0.0,0.021970489812100508,0.01055156008302556,gbaf,1,0.011418929729074948,5.762633422562455,7.194459717970877,fixed,0,-1.4318262954084213
mind,gbaf,fixed,relevance,47453,gbaf,gbaf,fixed,1,0,True,0.9745367259449346,0.971164058233706,gbaf,1,0.003372667711228572,13.0,14.0,fixed,0.0,-1.0,3.5841837197791886,3.721928094887362,fixed,0.0,-0.1377443751081735,33.9,43.7,fixed,0.0,-9.800000000000004,0.003738734340251853,0.0065261292571112935,fixed,0,-0.0027873949168594407,7.515334289609039,7.322941799207809,gbaf,1,0.19239249040122974
mind,gbaf,gradnorm_only,balanced,35942,gbaf,gbaf,gradnorm_only,1,0,True,0.9594410128317373,0.9700317413032712,gradnorm_only,0,-0.010590728471533861,7.0,11.0,gradnorm_only,0.0,-4.0,2.7086949695628415,3.1414460711655217,gradnorm_only,0.0,-0.43275110160268015,43.1,31.8,gbaf,1.0,11.3,0.015196341278774216,0.015040674809017444,gbaf,1,0.00015566646975677216,6.188863634112565,7.14584743925411,gradnorm_only,0,-0.9569838051415456
mind,gbaf,gradnorm_only,balanced,40271,gradnorm_only,gbaf,gradnorm_only,0,1,True,0.9632091274637175,0.9739059071777977,gradnorm_only,1,0.010696779714080229,14.0,17.0,gradnorm_only,1.0,3.0,3.6841837197791887,4.037401197654112,gradnorm_only,1.0,0.3532174778749231,36.2,34.5,gbaf,0.0,-1.7000000000000028,0.020552712708912495,0.011322008681925932,gbaf,0,-0.009230704026986563,7.519264570476166,6.7898583887887245,gbaf,0,-0.7294061816874411
mind,gbaf,gradnorm_only,balanced,38547,gbaf,gbaf,gradnorm_only,1,0,True,0.991030301215832,0.9958010972706812,gradnorm_only,0,-0.004770796054849202,13.0,15.0,gradnorm_only,0.0,-2.0,3.5841837197791886,3.7841837197791888,gradnorm_only,0.0,-0.20000000000000018,38.6,34.5,gbaf,1.0,4.100000000000001,0.017804468409907206,0.007489255315619832,gbaf,1,0.010315213094287373,6.834884067882665,6.770311925000914,gbaf,1,0.06457214288175095
mind,gbaf,gradnorm_only,diversity,7434,gbaf,gbaf,gradnorm_only,1,0,True,0.9777885930619098,0.9855073947075127,gradnorm_only,0,-0.007718801645602902,10.0,9.0,gbaf,1.0,1.0,3.0464393446710156,2.8016094970590277,gbaf,1.0,0.2448298476119879,47.9,45.7,gbaf,1.0,2.1999999999999957,0.007194107199088367,0.014349365740270242,gradnorm_only,0,-0.007155258541181875,5.901230765845925,6.58793623218363,gradnorm_only,0,-0.6867054663377044
mind,gbaf,gradnorm_only,diversity,40271,gradnorm_only,gbaf,gradnorm_only,0,1,True,0.9632091274637175,0.9739059071777977,gradnorm_only,1,0.010696779714080229,14.0,17.0,gradnorm_only,1.0,3.0,3.6841837197791887,4.037401197654112,gradnorm_only,1.0,0.3532174778749231,36.2,34.5,gbaf,0.0,-1.7000000000000028,0.020552712708912495,0.011322008681925932,gbaf,0,-0.009230704026986563,7.519264570476166,6.7898583887887245,gbaf,0,-0.7294061816874411
mind,gbaf,gradnorm_only,diversity,34889,gbaf,gbaf,gradnorm_only,1,0,True,0.9722588457438082,0.9459787176081205,gbaf,1,0.026280128135687697,12.0,4.0,gbaf,1.0,8.0,3.4613201402110083,1.4932133643654213,gbaf,1.0,1.968106775845587,28.0,31.2,gradnorm_only,0.0,-3.1999999999999993,0.011676649178635413,0.029125955872916404,gradnorm_only,0,-0.01744930669428099,7.293999677763149,5.249267715557196,gbaf,1,2.0447319622059528
mind,gbaf,gradnorm_only,diversity,1788,gbaf,gbaf,gradnorm_only,1,0,True,0.9718758815020566,0.9693899210983985,gbaf,1,0.002485960403658116,10.0,10.0,TIE,,0.0,3.1158340921632197,3.005314856894279,gbaf,1.0,0.11051923526894081,46.8,36.4,gbaf,1.0,10.399999999999999,0.02276866167949253,0.029719595336600724,gradnorm_only,0,-0.006950933657108194,6.850304873774647,6.707319484651227,gbaf,1,0.14298538912342007
mind,gbaf,gradnorm_only,diversity,6098,gradnorm_only,gbaf,gradnorm_only,0,1,True,0.9724279788627007,0.9908248433352707,gradnorm_only,1,0.01839686447256994,12.0,10.0,gbaf,0.0,-2.0,3.3037016960573484,3.008694969562842,gbaf,0.0,-0.2950067264945062,39.2,40.4,gradnorm_only,1.0,1.1999999999999957,0.015034474776082678,0.007404752175831378,gbaf,0,-0.0076297226002513,7.316252596425319,7.30517212029436,gbaf,0,-0.011080476130959305
mind,gbaf,gradnorm_only,diversity,28272,gbaf,gbaf,gradnorm_only,1,0,True,0.9929665076372898,0.9904677522548226,gbaf,1,0.0024987553824671327,8.0,9.0,gradnorm_only,0.0,-1.0,2.741446071165522,2.8000446184790095,gradnorm_only,0.0,-0.05859854731348735,43.3,46.4,gradnorm_only,0.0,-3.1000000000000014,0.009013881007324684,0.010827750458184737,gradnorm_only,0,-0.0018138694508600534,6.357701662802974,4.460412100051643,gbaf,1,1.8972895627513306
mind,gbaf,gradnorm_only,diversity,36746,gbaf,gbaf,gradnorm_only,1,0,True,0.9973014863201101,0.985088916213744,gbaf,1,0.012212570106366116,16.0,13.0,gbaf,1.0,3.0,3.884183719779189,3.3464393446710154,gbaf,1.0,0.5377443751081734,32.6,35.1,gradnorm_only,0.0,-2.5,0.007709977842173277,0.015331380962574827,gradnorm_only,0,-0.00762140312040155,7.1876490460108045,4.888472412030097,gbaf,1,2.299176633980707
mind,gbaf,gradnorm_only,diversity,13130,gradnorm_only,gbaf,gradnorm_only,0,1,True,0.9652221520947307,0.985541088442301,gradnorm_only,1,0.020318936347570316,7.0,13.0,gradnorm_only,1.0,6.0,2.6219280948873624,3.546439344671015,gradnorm_only,1.0,0.9245112497836527,42.3,35.1,gbaf,0.0,-7.199999999999996,0.021970489812100508,0.030009714621473105,gradnorm_only,1,0.008039224809372598,5.762633422562455,6.363274350786425,gradnorm_only,1,0.60064092822397
mind,gbaf,gradnorm_only,diversity,661,gbaf,gbaf,gradnorm_only,1,0,True,0.9943320377570297,0.9050030197535984,gbaf,1,0.08932901800343129,11.0,9.0,gbaf,1.0,2.0,3.1841837197791887,2.6588718484453606,gbaf,1.0,0.5253118713338281,40.0,40.8,gradnorm_only,0.0,-0.7999999999999972,0.035634211974792676,0.1079637200324629,gradnorm_only,0,-0.07232950805767023,6.867974226080524,4.731143718395116,gbaf,1,2.136830507685408
mind,gbaf,gradnorm_only,diversity,47453,gradnorm_only,gbaf,gradnorm_only,0,1,True,0.9745367259449346,0.994762399429281,gradnorm_only,1,0.02022567348434645,13.0,13.0,TIE,,0.0,3.5841837197791886,3.484183719779189,gbaf,0.0,-0.09999999999999964,33.9,37.1,gradnorm_only,1.0,3.200000000000003,0.003738734340251853,0.006218141395497912,gradnorm_only,1,0.0024794070552460593,7.515334289609039,6.617346974089219,gbaf,0,-0.8979873155198206
mind,gbaf,gradnorm_only,novelty,7434,gbaf,gbaf,gradnorm_only,1,0,True,0.9777885930619098,0.9855073947075127,gradnorm_only,0,-0.007718801645602902,10.0,9.0,gbaf,1.0,1.0,3.0464393446710156,2.8016094970590277,gbaf,1.0,0.2448298476119879,47.9,45.7,gbaf,1.0,2.1999999999999957,0.007194107199088367,0.014349365740270242,gradnorm_only,0,-0.007155258541181875,5.901230765845925,6.58793623218363,gradnorm_only,0,-0.6867054663377044
mind,gbaf,gradnorm_only,novelty,34804,gbaf,gbaf,gradnorm_only,1,0,True,0.9929226730055868,0.8917907700302715,gbaf,1,0.10113190297531527,13.0,8.0,gbaf,1.0,5.0,3.441446071165522,2.441446071165522,gbaf,1.0,1.0,38.7,28.4,gbaf,1.0,10.300000000000004,0.0088412017082283,0.05812010176051787,gradnorm_only,0,-0.04927890005228957,6.299997072130985,4.0977808816230645,gbaf,1,2.2022161905079205
mind,gbaf,gradnorm_only,novelty,40271,gradnorm_only,gbaf,gradnorm_only,0,1,True,0.9632091274637175,0.9739059071777977,gradnorm_only,1,0.010696779714080229,14.0,17.0,gradnorm_only,1.0,3.0,3.6841837197791887,4.037401197654112,gradnorm_only,1.0,0.3532174778749231,36.2,34.5,gbaf,0.0,-1.7000000000000028,0.020552712708912495,0.011322008681925932,gbaf,0,-0.009230704026986563,7.519264570476166,6.7898583887887245,gbaf,0,-0.7294061816874411
mind,gbaf,gradnorm_only,novelty,34889,gbaf,gbaf,gradnorm_only,1,0,True,0.9722588457438082,0.9459787176081205,gbaf,1,0.026280128135687697,12.0,4.0,gbaf,1.0,8.0,3.4613201402110083,1.4932133643654213,gbaf,1.0,1.968106775845587,28.0,31.2,gradnorm_only,0.0,-3.1999999999999993,0.011676649178635413,0.029125955872916404,gradnorm_only,0,-0.01744930669428099,7.293999677763149,5.249267715557196,gbaf,1,2.0447319622059528
mind,gbaf,gradnorm_only,novelty,11583,gbaf,gbaf,gradnorm_only,1,0,True,0.9748091056758645,0.9848592656779462,gradnorm_only,0,-0.010050160002081698,9.0,14.0,gradnorm_only,0.0,-5.0,2.6873230684749942,3.621928094887362,gradnorm_only,0.0,-0.9346050264123678,28.0,31.4,gradnorm_only,0.0,-3.3999999999999986,0.03667888508265566,0.021188311866544206,gbaf,1,0.015490573216111456,4.6493771458224655,5.791539689259656,gradnorm_only,0,-1.1421625434371903
mind,gbaf,gradnorm_only,novelty,1788,gbaf,gbaf,gradnorm_only,1,0,True,0.9718758815020566,0.9693899210983985,gbaf,1,0.002485960403658116,10.0,10.0,TIE,,0.0,3.1158340921632197,3.005314856894279,gbaf,1.0,0.11051923526894081,46.8,36.4,gbaf,1.0,10.399999999999999,0.02276866167949253,0.029719595336600724,gradnorm_only,0,-0.006950933657108194,6.850304873774647,6.707319484651227,gbaf,1,0.14298538912342007
mind,gbaf,gradnorm_only,novelty,6098,gradnorm_only,gbaf,gradnorm_only,0,1,True,0.9724279788627007,0.9908248433352707,gradnorm_only,1,0.01839686447256994,12.0,10.0,gbaf,0.0,-2.0,3.3037016960573484,3.008694969562842,gbaf,0.0,-0.2950067264945062,39.2,40.4,gradnorm_only,1.0,1.1999999999999957,0.015034474776082678,0.007404752175831378,gbaf,0,-0.0076297226002513,7.316252596425319,7.30517212029436,gbaf,0,-0.011080476130959305
mind,gbaf,gradnorm_only,novelty,28272,gbaf,gbaf,gradnorm_only,1,0,True,0.9929665076372898,0.9904677522548226,gbaf,1,0.0024987553824671327,8.0,9.0,gradnorm_only,0.0,-1.0,2.741446071165522,2.8000446184790095,gradnorm_only,0.0,-0.05859854731348735,43.3,46.4,gradnorm_only,0.0,-3.1000000000000014,0.009013881007324684,0.010827750458184737,gradnorm_only,0,-0.0018138694508600534,6.357701662802974,4.460412100051643,gbaf,1,1.8972895627513306
mind,gbaf,gradnorm_only,novelty,36746,gbaf,gbaf,gradnorm_only,1,0,True,0.9973014863201101,0.985088916213744,gbaf,1,0.012212570106366116,16.0,13.0,gbaf,1.0,3.0,3.884183719779189,3.3464393446710154,gbaf,1.0,0.5377443751081734,32.6,35.1,gradnorm_only,0.0,-2.5,0.007709977842173277,0.015331380962574827,gradnorm_only,0,-0.00762140312040155,7.1876490460108045,4.888472412030097,gbaf,1,2.299176633980707
mind,gbaf,gradnorm_only,novelty,28263,gbaf,gbaf,gradnorm_only,1,0,True,0.9814857320835517,0.9715805957095062,gbaf,1,0.009905136374045553,10.0,11.0,gradnorm_only,0.0,-1.0,3.065957320949175,3.2210972500579564,gradnorm_only,0.0,-0.1551399291087816,42.1,42.0,gbaf,1.0,0.10000000000000142,0.024099809593965876,0.031126804367777473,gradnorm_only,0,-0.007026994773811596,4.888410967469563,4.397266320748062,gbaf,1,0.4911446467215006
mind,gbaf,gradnorm_only,novelty,16461,gbaf,gbaf,gradnorm_only,1,0,True,0.9891127589566839,0.9824643007204995,gbaf,1,0.006648458236184429,13.0,12.0,gbaf,1.0,1.0,3.621928094887362,3.4841837197791885,gbaf,1.0,0.1377443751081735,33.1,51.3,gradnorm_only,0.0,-18.199999999999996,0.015485087092129542,0.031435470551414296,gradnorm_only,0,-0.015950383459284755,6.325752757130234,6.190348497650736,gbaf,1,0.13540425947949775
mind,gbaf,gradnorm_only,novelty,13130,gradnorm_only,gbaf,gradnorm_only,0,1,True,0.9652221520947307,0.985541088442301,gradnorm_only,1,0.020318936347570316,7.0,13.0,gradnorm_only,1.0,6.0,2.6219280948873624,3.546439344671015,gradnorm_only,1.0,0.9245112497836527,42.3,35.1,gbaf,0.0,-7.199999999999996,0.021970489812100508,0.030009714621473105,gradnorm_only,1,0.008039224809372598,5.762633422562455,6.363274350786425,gradnorm_only,1,0.60064092822397
mind,gbaf,gradnorm_only,novelty,661,gbaf,gbaf,gradnorm_only,1,0,True,0.9943320377570297,0.9050030197535984,gbaf,1,0.08932901800343129,11.0,9.0,gbaf,1.0,2.0,3.1841837197791887,2.6588718484453606,gbaf,1.0,0.5253118713338281,40.0,40.8,gradnorm_only,0.0,-0.7999999999999972,0.035634211974792676,0.1079637200324629,gradnorm_only,0,-0.07232950805767023,6.867974226080524,4.731143718395116,gbaf,1,2.136830507685408
mind,gbaf,gradnorm_only,novelty,47453,gradnorm_only,gbaf,gradnorm_only,0,1,True,0.9745367259449346,0.994762399429281,gradnorm_only,1,0.02022567348434645,13.0,13.0,TIE,,0.0,3.5841837197791886,3.484183719779189,gbaf,0.0,-0.09999999999999964,33.9,37.1,gradnorm_only,1.0,3.200000000000003,0.003738734340251853,0.006218141395497912,gradnorm_only,1,0.0024794070552460593,7.515334289609039,6.617346974089219,gbaf,0,-0.8979873155198206
mind,gbaf,gradnorm_only,relevance,7434,gbaf,gbaf,gradnorm_only,1,0,True,0.9777885930619098,0.9855073947075127,gradnorm_only,0,-0.007718801645602902,10.0,9.0,gbaf,1.0,1.0,3.0464393446710156,2.8016094970590277,gbaf,1.0,0.2448298476119879,47.9,45.7,gbaf,1.0,2.1999999999999957,0.007194107199088367,0.014349365740270242,gradnorm_only,0,-0.007155258541181875,5.901230765845925,6.58793623218363,gradnorm_only,0,-0.6867054663377044
mind,gbaf,gradnorm_only,relevance,23211,gradnorm_only,gbaf,gradnorm_only,0,1,True,0.9914574552971782,0.9908077621769108,gbaf,0,-0.0006496931202674139,11.0,16.0,gradnorm_only,1.0,5.0,3.1414460711655217,3.8841837197791893,gradnorm_only,1.0,0.7427376486136676,44.6,52.5,gradnorm_only,1.0,7.899999999999999,0.006510532728630192,0.019717451825480688,gradnorm_only,1,0.013206919096850496,6.840700264844861,4.476137458913081,gbaf,0,-2.3645628059317794
mind,gbaf,gradnorm_only,relevance,29787,gradnorm_only,gbaf,gradnorm_only,0,1,True,0.9664476847134509,0.9849626516719578,gradnorm_only,1,0.018514966958506962,15.0,13.0,gbaf,0.0,-2.0,3.6841837197791887,3.6219280948873616,gbaf,0.0,-0.06225562489182712,32.3,32.1,gbaf,0.0,-0.19999999999999574,0.020172067961857436,0.02490881724426103,gradnorm_only,1,0.0047367492824035955,7.200983383889396,7.163256628940592,gbaf,0,-0.037726754948804064
mind,gbaf,gradnorm_only,relevance,34804,gradnorm_only,gbaf,gradnorm_only,0,1,True,0.9929226730055868,0.8917907700302715,gbaf,0,-0.10113190297531527,13.0,8.0,gbaf,0.0,-5.0,3.441446071165522,2.441446071165522,gbaf,0.0,-1.0,38.7,28.4,gbaf,0.0,-10.300000000000004,0.0088412017082283,0.05812010176051787,gradnorm_only,1,0.04927890005228957,6.299997072130985,4.0977808816230645,gbaf,0,-2.2022161905079205
mind,gbaf,gradnorm_only,relevance,40271,gradnorm_only,gbaf,gradnorm_only,0,1,True,0.9632091274637175,0.9739059071777977,gradnorm_only,1,0.010696779714080229,14.0,17.0,gradnorm_only,1.0,3.0,3.6841837197791887,4.037401197654112,gradnorm_only,1.0,0.3532174778749231,36.2,34.5,gbaf,0.0,-1.7000000000000028,0.020552712708912495,0.011322008681925932,gbaf,0,-0.009230704026986563,7.519264570476166,6.7898583887887245,gbaf,0,-0.7294061816874411
mind,gbaf,gradnorm_only,relevance,23498,gradnorm_only,gbaf,gradnorm_only,0,1,True,0.9938485935896691,0.9708255617591408,gbaf,0,-0.02302303183052834,12.0,11.0,gbaf,0.0,-1.0,3.346439344671015,3.2037016960573483,gbaf,0.0,-0.14273764861366667,33.0,32.4,gbaf,0.0,-0.6000000000000014,0.008279996568393424,0.03315312551308655,gradnorm_only,1,0.024873128944693127,7.1430614622416995,6.242332842257098,gbaf,0,-0.9007286199846014
mind,gbaf,gradnorm_only,relevance,21367,gradnorm_only,gbaf,gradnorm_only,0,1,True,0.9939670405221874,0.9947191661137542,gradnorm_only,1,0.0007521255915667879,11.0,13.0,gradnorm_only,1.0,2.0,3.136379330350756,3.5724312513221195,gradnorm_only,1.0,0.4360519209713636,40.1,31.5,gbaf,0.0,-8.600000000000001,0.01044422490445271,0.009209249428000565,gbaf,0,-0.001234975476452146,7.032112464877909,6.994962828943878,gbaf,0,-0.03714963593403109
mind,gbaf,gradnorm_only,relevance,36746,gradnorm_only,gbaf,gradnorm_only,0,1,True,0.9973014863201101,0.985088916213744,gbaf,0,-0.012212570106366116,16.0,13.0,gbaf,0.0,-3.0,3.884183719779189,3.3464393446710154,gbaf,0.0,-0.5377443751081734,32.6,35.1,gradnorm_only,1.0,2.5,0.007709977842173277,0.015331380962574827,gradnorm_only,1,0.00762140312040155,7.1876490460108045,4.888472412030097,gbaf,0,-2.299176633980707
mind,gbaf,gradnorm_only,relevance,38547,gbaf,gbaf,gradnorm_only,1,0,True,0.991030301215832,0.9958010972706812,gradnorm_only,0,-0.004770796054849202,13.0,15.0,gradnorm_only,0.0,-2.0,3.5841837197791886,3.7841837197791888,gradnorm_only,0.0,-0.20000000000000018,38.6,34.5,gbaf,1.0,4.100000000000001,0.017804468409907206,0.007489255315619832,gbaf,1,0.010315213094287373,6.834884067882665,6.770311925000914,gbaf,1,0.06457214288175095
mind,gbaf,gradnorm_only,relevance,47365,gradnorm_only,gbaf,gradnorm_only,0,1,True,0.9777419304346229,0.8978998332658583,gbaf,0,-0.07984209716876456,16.0,9.0,gbaf,0.0,-7.0,3.8841837197791893,2.670950594454669,gbaf,0.0,-1.2132331253245203,35.1,42.0,gradnorm_only,1.0,6.899999999999999,0.020393104724245624,0.09161885659528661,gradnorm_only,1,0.071225751871041,7.010645422097416,4.562141545309077,gbaf,0,-2.4485038767883394
mind,gbaf,gradnorm_only,relevance,47760,gradnorm_only,gbaf,gradnorm_only,0,1,True,0.9904038079480785,0.9878956142128523,gbaf,0,-0.0025081937352261496,14.0,12.0,gbaf,0.0,-2.0,3.621928094887362,3.419381945646371,gbaf,0.0,-0.202546149240991,41.3,34.8,gbaf,0.0,-6.5,0.007079987876806207,0.02504404414626667,gradnorm_only,1,0.017964056269460463,7.307091718322376,7.424598644385547,gradnorm_only,1,0.11750692606317159
mind,gbaf,gradnorm_only,relevance,29524,gradnorm_only,gbaf,gradnorm_only,0,1,True,0.9922057784156921,0.9244343503883187,gbaf,0,-0.06777142802737346,12.0,7.0,gbaf,0.0,-5.0,3.384183719779189,2.1393538721672005,gbaf,0.0,-1.2448298476119883,38.5,36.1,gbaf,0.0,-2.3999999999999986,0.020625543721004114,0.07893314275622566,gradnorm_only,1,0.05830759903522155,6.949428249536167,4.409242937563548,gbaf,0,-2.5401853119726194
mind,gbaf,gradnorm_only,relevance,47453,gradnorm_only,gbaf,gradnorm_only,0,1,True,0.9745367259449346,0.994762399429281,gradnorm_only,1,0.02022567348434645,13.0,13.0,TIE,,0.0,3.5841837197791886,3.484183719779189,gbaf,0.0,-0.09999999999999964,33.9,37.1,gradnorm_only,1.0,3.200000000000003,0.003738734340251853,0.006218141395497912,gradnorm_only,1,0.0024794070552460593,7.515334289609039,6.617346974089219,gbaf,0,-0.8979873155198206
mind,gbaf,gradnorm_only,relevance,5306,gbaf,gbaf,gradnorm_only,1,0,True,0.9721280181174821,0.9727549018264132,gradnorm_only,0,-0.0006268837089311585,14.0,16.0,gradnorm_only,0.0,-2.0,3.6219280948873624,3.9219280948873627,gradnorm_only,0.0,-0.30000000000000027,36.9,32.5,gbaf,1.0,4.399999999999999,0.009679792790459087,0.007523486417135003,gbaf,1,0.0021563063733240836,7.563008846392681,7.504641527482599,gbaf,1,0.058367318910081956
mind,gbaf,pcgrad,balanced,28130,gbaf,gbaf,pcgrad,1,0,True,0.9727116739253565,0.8500406703749492,gbaf,1,0.12267100355040728,14.0,7.0,gbaf,1.0,7.0,3.6464393446710153,2.2567796494470396,gbaf,1.0,1.3896596952239757,64.5,41.3,gbaf,1.0,23.200000000000003,0.0396778781682438,0.09401632119186615,pcgrad,0,-0.05433844302362235,5.9689028779077455,2.6821265312539433,gbaf,1,3.2867763466538022
mind,gbaf,pcgrad,balanced,10550,gbaf,gbaf,pcgrad,1,0,True,0.8618425378309865,0.9515469425825012,pcgrad,0,-0.08970440475151464,3.0,11.0,pcgrad,0.0,-8.0,1.2532975784630431,3.2841837197791888,pcgrad,0.0,-2.0308861413161456,34.0,52.3,pcgrad,0.0,-18.299999999999997,0.06691047986434781,0.04957965409971178,gbaf,1,0.01733082576463603,3.461359917430483,1.4868260392534287,gbaf,1,1.9745338781770543
mind,gbaf,pcgrad,balanced,9150,gbaf,gbaf,pcgrad,1,0,True,0.992043269484387,0.9930796366326596,pcgrad,0,-0.001036367148272599,13.0,17.0,pcgrad,0.0,-4.0,3.5464393446710156,4.037401197654112,pcgrad,0.0,-0.49096185298309614,55.4,40.3,gbaf,1.0,15.100000000000001,0.007393796440968126,0.0025538304621527718,gbaf,1,0.004839965978815354,6.086890572350052,6.899887079372503,pcgrad,0,-0.8129965070224507
mind,gbaf,pcgrad,balanced,7340,gbaf,gbaf,pcgrad,1,0,True,0.993789642902437,0.9854341972470776,gbaf,1,0.008355445655359395,18.0,12.0,gbaf,1.0,6.0,4.1219280948873624,3.2158411726837524,gbaf,1.0,0.9060869222036101,48.6,29.8,gbaf,1.0,18.8,0.012664444644850916,0.0045605263556221945,gbaf,1,0.008103918289228722,6.204112846794979,5.423250598260897,gbaf,1,0.7808622485340821
mind,gbaf,pcgrad,balanced,23498,pcgrad,gbaf,pcgrad,0,1,True,0.9938485935896691,0.9768431936966503,gbaf,0,-0.017005399893018858,12.0,10.0,gbaf,0.0,-2.0,3.346439344671015,2.9709505944546684,gbaf,0.0,-0.37548875021634665,33.0,31.3,gbaf,0.0,-1.6999999999999993,0.008279996568393424,0.003797077686675228,gbaf,0,-0.004482918881718196,7.1430614622416995,6.455004429974255,gbaf,0,-0.6880570322674444
mind,gbaf,pcgrad,balanced,47365,gbaf,gbaf,pcgrad,1,0,True,0.9777419304346229,0.9700763087459677,gbaf,1,0.007665621688655144,16.0,13.0,gbaf,1.0,3.0,3.8841837197791893,3.546439344671015,gbaf,1.0,0.3377443751081741,35.1,34.4,gbaf,1.0,0.7000000000000028,0.020393104724245624,0.0021092102231674375,gbaf,1,0.018283894501078188,7.010645422097416,7.684109529491012,pcgrad,0,-0.6734641073935963
mind,gbaf,pcgrad,balanced,8882,pcgrad,gbaf,pcgrad,0,1,True,0.9666311640702135,0.9781742840359461,pcgrad,1,0.01154311996573254,13.0,13.0,TIE,,0.0,3.5464393446710156,3.5464393446710156,TIE,,0.0,32.1,34.5,pcgrad,1.0,2.3999999999999986,0.006062897027857175,0.029185219674958414,pcgrad,1,0.023122322647101238,7.386401232571956,4.657219116673261,gbaf,0,-2.729182115898695
mind,gbaf,pcgrad,diversity,7434,gbaf,gbaf,pcgrad,1,0,True,0.9777885930619098,0.991348095786477,pcgrad,0,-0.013559502724567185,10.0,9.0,gbaf,1.0,1.0,3.0464393446710156,2.6588718484453606,gbaf,1.0,0.387567496225655,47.9,47.2,gbaf,1.0,0.6999999999999957,0.007194107199088367,0.033131206081747376,pcgrad,0,-0.025937098882659007,5.901230765845925,5.84677627022263,gbaf,1,0.054454495623295074
mind,gbaf,pcgrad,diversity,40271,pcgrad,gbaf,pcgrad,0,1,True,0.9632091274637175,0.973669470120153,pcgrad,1,0.010460342656435584,14.0,15.0,pcgrad,1.0,1.0,3.6841837197791887,3.7841837197791888,pcgrad,1.0,0.10000000000000009,36.2,32.1,gbaf,0.0,-4.100000000000001,0.020552712708912495,0.010933084531965395,gbaf,0,-0.009619628176947101,7.519264570476166,6.943292613334215,gbaf,0,-0.5759719571419506
mind,gbaf,pcgrad,diversity,34889,gbaf,gbaf,pcgrad,1,0,True,0.9722588457438082,0.9702334017189407,gbaf,1,0.0020254440248674843,12.0,6.0,gbaf,1.0,6.0,3.4613201402110083,2.259799223400567,gbaf,1.0,1.2015209168104413,28.0,34.6,pcgrad,0.0,-6.600000000000001,0.011676649178635413,0.03063627191083581,pcgrad,0,-0.018959622732200396,7.293999677763149,4.325498467881256,gbaf,1,2.968501209881893
mind,gbaf,pcgrad,diversity,10550,pcgrad,gbaf,pcgrad,0,1,True,0.8618425378309865,0.9515469425825012,pcgrad,1,0.08970440475151464,3.0,11.0,pcgrad,1.0,8.0,1.2532975784630431,3.2841837197791888,pcgrad,1.0,2.0308861413161456,34.0,52.3,pcgrad,1.0,18.299999999999997,0.06691047986434781,0.04957965409971178,gbaf,0,-0.01733082576463603,3.461359917430483,1.4868260392534287,gbaf,0,-1.9745338781770543
mind,gbaf,pcgrad,diversity,1788,gbaf,gbaf,pcgrad,1,0,True,0.9718758815020566,0.9557713020151093,gbaf,1,0.016104579486947324,10.0,7.0,gbaf,1.0,3.0,3.1158340921632197,2.3220847276178658,gbaf,1.0,0.7937493645453539,46.8,43.1,gbaf,1.0,3.6999999999999957,0.02276866167949253,0.03459712153057838,pcgrad,0,-0.01182845985108585,6.850304873774647,5.722443798143475,gbaf,1,1.1278610756311718
mind,gbaf,pcgrad,diversity,9150,gbaf,gbaf,pcgrad,1,0,True,0.992043269484387,0.9930796366326596,pcgrad,0,-0.001036367148272599,13.0,17.0,pcgrad,0.0,-4.0,3.5464393446710156,4.037401197654112,pcgrad,0.0,-0.49096185298309614,55.4,40.3,gbaf,1.0,15.100000000000001,0.007393796440968126,0.0025538304621527718,gbaf,1,0.004839965978815354,6.086890572350052,6.899887079372503,pcgrad,0,-0.8129965070224507
mind,gbaf,pcgrad,diversity,1606,gbaf,gbaf,pcgrad,1,0,True,0.9960805794310033,0.9035298536852219,gbaf,1,0.09255072574578138,14.0,9.0,gbaf,1.0,5.0,3.5766176449086644,2.563865121950854,gbaf,1.0,1.0127525229578103,32.2,37.1,pcgrad,0.0,-4.899999999999999,0.004834897856663137,0.021557237704929275,pcgrad,0,-0.016722339848266137,7.471591449774619,3.6008240366710558,gbaf,1,3.8707674131035636
mind,gbaf,pcgrad,diversity,23498,gbaf,gbaf,pcgrad,1,0,True,0.9938485935896691,0.9768431936966503,gbaf,1,0.017005399893018858,12.0,10.0,gbaf,1.0,2.0,3.346439344671015,2.9709505944546684,gbaf,1.0,0.37548875021634665,33.0,31.3,gbaf,1.0,1.6999999999999993,0.008279996568393424,0.003797077686675228,gbaf,1,0.004482918881718196,7.1430614622416995,6.455004429974255,gbaf,1,0.6880570322674444
mind,gbaf,pcgrad,diversity,28272,gbaf,gbaf,pcgrad,1,0,True,0.9929665076372898,0.9714329137416643,gbaf,1,0.02153359389562548,8.0,8.0,TIE,,0.0,2.741446071165522,2.397334910352524,gbaf,1.0,0.3441111608129983,43.3,65.9,pcgrad,0.0,-22.60000000000001,0.009013881007324684,0.012277897564126394,pcgrad,0,-0.0032640165568017104,6.357701662802974,1.0818177003043308,gbaf,1,5.275883962498643
mind,gbaf,pcgrad,diversity,40745,pcgrad,gbaf,pcgrad,0,1,True,0.978475280362649,0.9390890512481083,gbaf,0,-0.039386229114540705,11.0,8.0,gbaf,0.0,-3.0,3.1464393446710157,2.5588718484453605,gbaf,0.0,-0.5875674962256552,41.2,46.0,pcgrad,1.0,4.799999999999997,0.04733155235164426,0.05292510544354515,pcgrad,1,0.005593553091900891,5.540634666655746,2.3627382696634247,gbaf,0,-3.1778963969923217
mind,gbaf,pcgrad,diversity,36746,pcgrad,gbaf,pcgrad,0,1,True,0.9973014863201101,0.9859092128718808,gbaf,0,-0.01139227344822924,16.0,12.0,gbaf,0.0,-4.0,3.884183719779189,3.321928094887362,gbaf,0.0,-0.5622556248918267,32.6,33.9,pcgrad,1.0,1.2999999999999972,0.007709977842173277,0.012006215577076224,pcgrad,1,0.004296237734902947,7.1876490460108045,6.427909344629673,gbaf,0,-0.7597397013811316
mind,gbaf,pcgrad,diversity,47365,gbaf,gbaf,pcgrad,1,0,True,0.9777419304346229,0.9700763087459677,gbaf,1,0.007665621688655144,16.0,13.0,gbaf,1.0,3.0,3.8841837197791893,3.546439344671015,gbaf,1.0,0.3377443751081741,35.1,34.4,gbaf,1.0,0.7000000000000028,0.020393104724245624,0.0021092102231674375,gbaf,1,0.018283894501078188,7.010645422097416,7.684109529491012,pcgrad,0,-0.6734641073935963
mind,gbaf,pcgrad,diversity,29524,gbaf,gbaf,pcgrad,1,0,True,0.9922057784156921,0.9373573742257919,gbaf,1,0.054848404189900224,12.0,8.0,gbaf,1.0,4.0,3.384183719779189,2.5219280948873624,gbaf,1.0,0.8622556248918265,38.5,31.7,gbaf,1.0,6.800000000000001,0.020625543721004114,0.0633112544085678,pcgrad,0,-0.04268571068756369,6.949428249536167,3.268704310370571,gbaf,1,3.680723939165596
mind,gbaf,pcgrad,diversity,661,gbaf,gbaf,pcgrad,1,0,True,0.9943320377570297,0.7627922476030387,gbaf,1,0.23153979015399107,11.0,7.0,gbaf,1.0,4.0,3.1841837197791887,2.2567796494470396,gbaf,1.0,0.9274040703321491,40.0,45.9,pcgrad,0.0,-5.899999999999999,0.035634211974792676,0.13807133410158864,pcgrad,0,-0.10243712212679597,6.867974226080524,2.8138163292123237,gbaf,1,4.054157896868201
mind,gbaf,pcgrad,novelty,29787,pcgrad,gbaf,pcgrad,0,1,True,0.9664476847134509,0.9706714040111857,pcgrad,1,0.004223719297734796,15.0,15.0,TIE,,0.0,3.6841837197791887,3.7841837197791888,pcgrad,1.0,0.10000000000000009,32.3,32.5,pcgrad,1.0,0.20000000000000284,0.020172067961857436,0.011067046696706396,gbaf,0,-0.00910502126515104,7.200983383889396,7.440829760091438,pcgrad,1,0.23984637620204197
mind,gbaf,pcgrad,novelty,11108,gbaf,gbaf,pcgrad,1,0,True,0.9711027090342087,0.9756142237389759,pcgrad,0,-0.004511514704767183,14.0,14.0,TIE,,0.0,3.6464393446710153,3.621928094887362,gbaf,1.0,0.024511249783653266,36.8,32.8,gbaf,1.0,4.0,0.020054928564618248,0.017483766967351773,gbaf,1,0.0025711615972664748,7.317217186281229,7.555999951444292,pcgrad,0,-0.23878276516306318
mind,gbaf,pcgrad,novelty,36267,pcgrad,gbaf,pcgrad,0,1,True,0.9855676121068258,0.9827769582561093,gbaf,0,-0.002790653850716418,11.0,12.0,pcgrad,1.0,1.0,3.321928094887362,3.3037016960573484,gbaf,0.0,-0.018226398830013757,41.9,40.5,gbaf,0.0,-1.3999999999999986,0.02579910746414593,0.02732164757387001,pcgrad,1,0.0015225401097240798,7.423961817510109,7.291020598748581,gbaf,0,-0.13294121876152776
mind,gbaf,pcgrad,novelty,34889,gbaf,gbaf,pcgrad,1,0,True,0.9722588457438082,0.9702334017189407,gbaf,1,0.0020254440248674843,12.0,6.0,gbaf,1.0,6.0,3.4613201402110083,2.259799223400567,gbaf,1.0,1.2015209168104413,28.0,34.6,pcgrad,0.0,-6.600000000000001,0.011676649178635413,0.03063627191083581,pcgrad,0,-0.018959622732200396,7.293999677763149,4.325498467881256,gbaf,1,2.968501209881893
mind,gbaf,pcgrad,novelty,10550,pcgrad,gbaf,pcgrad,0,1,True,0.8618425378309865,0.9515469425825012,pcgrad,1,0.08970440475151464,3.0,11.0,pcgrad,1.0,8.0,1.2532975784630431,3.2841837197791888,pcgrad,1.0,2.0308861413161456,34.0,52.3,pcgrad,1.0,18.299999999999997,0.06691047986434781,0.04957965409971178,gbaf,0,-0.01733082576463603,3.461359917430483,1.4868260392534287,gbaf,0,-1.9745338781770543
mind,gbaf,pcgrad,novelty,35948,pcgrad,gbaf,pcgrad,0,1,True,0.9768338753078989,0.9739054497636783,gbaf,0,-0.0029284255442205698,15.0,12.0,gbaf,0.0,-3.0,3.787143960698138,3.4464393446710155,gbaf,0.0,-0.3407046160271223,40.4,45.0,pcgrad,1.0,4.600000000000001,0.011634953982823203,0.01321897745535054,pcgrad,1,0.001584023472527337,7.450665667352278,7.417579096260814,gbaf,0,-0.033086571091463846
mind,gbaf,pcgrad,novelty,11583,gbaf,gbaf,pcgrad,1,0,True,0.9748091056758645,0.985312950388994,pcgrad,0,-0.010503844713129484,9.0,13.0,pcgrad,0.0,-4.0,2.6873230684749942,3.4414460711655215,pcgrad,0.0,-0.7541230026905272,28.0,37.1,pcgrad,0.0,-9.100000000000001,0.03667888508265566,0.0334435973867446,gbaf,1,0.0032352876959110613,4.6493771458224655,5.652980376671966,pcgrad,0,-1.0036032308495004
mind,gbaf,pcgrad,novelty,1788,gbaf,gbaf,pcgrad,1,0,True,0.9718758815020566,0.9557713020151093,gbaf,1,0.016104579486947324,10.0,7.0,gbaf,1.0,3.0,3.1158340921632197,2.3220847276178658,gbaf,1.0,0.7937493645453539,46.8,43.1,gbaf,1.0,3.6999999999999957,0.02276866167949253,0.03459712153057838,pcgrad,0,-0.01182845985108585,6.850304873774647,5.722443798143475,gbaf,1,1.1278610756311718
mind,gbaf,pcgrad,novelty,9150,gbaf,gbaf,pcgrad,1,0,True,0.992043269484387,0.9930796366326596,pcgrad,0,-0.001036367148272599,13.0,17.0,pcgrad,0.0,-4.0,3.5464393446710156,4.037401197654112,pcgrad,0.0,-0.49096185298309614,55.4,40.3,gbaf,1.0,15.100000000000001,0.007393796440968126,0.0025538304621527718,gbaf,1,0.004839965978815354,6.086890572350052,6.899887079372503,pcgrad,0,-0.8129965070224507
mind,gbaf,pcgrad,novelty,7340,gbaf,gbaf,pcgrad,1,0,True,0.993789642902437,0.9854341972470776,gbaf,1,0.008355445655359395,18.0,12.0,gbaf,1.0,6.0,4.1219280948873624,3.2158411726837524,gbaf,1.0,0.9060869222036101,48.6,29.8,gbaf,1.0,18.8,0.012664444644850916,0.0045605263556221945,gbaf,1,0.008103918289228722,6.204112846794979,5.423250598260897,gbaf,1,0.7808622485340821
mind,gbaf,pcgrad,novelty,25687,gbaf,gbaf,pcgrad,1,0,True,0.9875840735216143,0.9735633114180984,gbaf,1,0.014020762103515882,14.0,13.0,gbaf,1.0,1.0,3.6219280948873624,3.4841837197791885,gbaf,1.0,0.13774437510817394,38.9,37.6,gbaf,1.0,1.2999999999999972,0.015163456339505523,0.013127014689757986,gbaf,1,0.002036441649747537,7.362614948976841,7.49560720563218,pcgrad,0,-0.13299225665533942
mind,gbaf,pcgrad,novelty,1606,gbaf,gbaf,pcgrad,1,0,True,0.9960805794310033,0.9035298536852219,gbaf,1,0.09255072574578138,14.0,9.0,gbaf,1.0,5.0,3.5766176449086644,2.563865121950854,gbaf,1.0,1.0127525229578103,32.2,37.1,pcgrad,0.0,-4.899999999999999,0.004834897856663137,0.021557237704929275,pcgrad,0,-0.016722339848266137,7.471591449774619,3.6008240366710558,gbaf,1,3.8707674131035636
mind,gbaf,pcgrad,novelty,23498,gbaf,gbaf,pcgrad,1,0,True,0.9938485935896691,0.9768431936966503,gbaf,1,0.017005399893018858,12.0,10.0,gbaf,1.0,2.0,3.346439344671015,2.9709505944546684,gbaf,1.0,0.37548875021634665,33.0,31.3,gbaf,1.0,1.6999999999999993,0.008279996568393424,0.003797077686675228,gbaf,1,0.004482918881718196,7.1430614622416995,6.455004429974255,gbaf,1,0.6880570322674444
mind,gbaf,pcgrad,novelty,21367,pcgrad,gbaf,pcgrad,0,1,True,0.9939670405221874,0.9930793117221681,gbaf,0,-0.0008877288000193051,11.0,13.0,pcgrad,1.0,2.0,3.136379330350756,3.471354487013928,pcgrad,1.0,0.33497515666317224,40.1,33.7,gbaf,0.0,-6.399999999999999,0.01044422490445271,0.014478546271207584,pcgrad,1,0.004034321366754873,7.032112464877909,7.617763076853566,pcgrad,1,0.585650611975657
mind,gbaf,pcgrad,novelty,28272,gbaf,gbaf,pcgrad,1,0,True,0.9929665076372898,0.9714329137416643,gbaf,1,0.02153359389562548,8.0,8.0,TIE,,0.0,2.741446071165522,2.397334910352524,gbaf,1.0,0.3441111608129983,43.3,65.9,pcgrad,0.0,-22.60000000000001,0.009013881007324684,0.012277897564126394,pcgrad,0,-0.0032640165568017104,6.357701662802974,1.0818177003043308,gbaf,1,5.275883962498643
mind,gbaf,pcgrad,novelty,36746,pcgrad,gbaf,pcgrad,0,1,True,0.9973014863201101,0.9859092128718808,gbaf,0,-0.01139227344822924,16.0,12.0,gbaf,0.0,-4.0,3.884183719779189,3.321928094887362,gbaf,0.0,-0.5622556248918267,32.6,33.9,pcgrad,1.0,1.2999999999999972,0.007709977842173277,0.012006215577076224,pcgrad,1,0.004296237734902947,7.1876490460108045,6.427909344629673,gbaf,0,-0.7597397013811316
mind,gbaf,pcgrad,novelty,47365,gbaf,gbaf,pcgrad,1,0,True,0.9777419304346229,0.9700763087459677,gbaf,1,0.007665621688655144,16.0,13.0,gbaf,1.0,3.0,3.8841837197791893,3.546439344671015,gbaf,1.0,0.3377443751081741,35.1,34.4,gbaf,1.0,0.7000000000000028,0.020393104724245624,0.0021092102231674375,gbaf,1,0.018283894501078188,7.010645422097416,7.684109529491012,pcgrad,0,-0.6734641073935963
mind,gbaf,pcgrad,novelty,28263,pcgrad,gbaf,pcgrad,0,1,True,0.9814857320835517,0.9815795426190564,pcgrad,1,9.381053550472362e-05,10.0,14.0,pcgrad,1.0,4.0,3.065957320949175,3.6835423624332306,pcgrad,1.0,0.6175850414840558,42.1,39.4,gbaf,0.0,-2.700000000000003,0.024099809593965876,0.023743417876407453,gbaf,0,-0.00035639171755842344,4.888410967469563,4.730106854534845,gbaf,0,-0.1583041129347178
mind,gbaf,pcgrad,novelty,32336,gbaf,gbaf,pcgrad,1,0,True,0.9726372629307586,0.9745943064006449,pcgrad,0,-0.0019570434698863437,14.0,14.0,TIE,,0.0,3.6219280948873624,3.6464393446710153,pcgrad,0.0,-0.024511249783652822,41.7,36.7,gbaf,1.0,5.0,0.0064785702471774325,0.006514660702481091,pcgrad,0,-3.60904553036584e-05,7.475917117771671,7.497099028425902,pcgrad,0,-0.021181910654231473
mind,gbaf,pcgrad,novelty,47760,gbaf,gbaf,pcgrad,1,0,True,0.9904038079480785,0.9905284896403457,pcgrad,0,-0.00012468169226720338,14.0,12.0,gbaf,1.0,2.0,3.621928094887362,3.3037016960573484,gbaf,1.0,0.3182263988300136,41.3,32.4,gbaf,1.0,8.899999999999999,0.007079987876806207,0.022306361196930503,pcgrad,0,-0.015226373320124297,7.307091718322376,7.515169755322722,pcgrad,0,-0.20807803700034633
mind,gbaf,pcgrad,novelty,16461,gbaf,gbaf,pcgrad,1,0,True,0.9891127589566839,0.9692606207864743,gbaf,1,0.019852138170209588,13.0,11.0,gbaf,1.0,2.0,3.621928094887362,3.308694969562842,gbaf,1.0,0.31323312532451997,33.1,36.1,pcgrad,0.0,-3.0,0.015485087092129542,0.02371707388241824,pcgrad,0,-0.0082319867902887,6.325752757130234,5.677104124900392,gbaf,1,0.6486486322298415
mind,gbaf,pcgrad,novelty,13130,gbaf,gbaf,pcgrad,1,0,True,0.9652221520947307,0.984467752920485,pcgrad,0,-0.019245600825754328,7.0,10.0,pcgrad,0.0,-3.0,2.6219280948873624,3.1709505944546685,pcgrad,0.0,-0.5490224995673061,42.3,35.8,gbaf,1.0,6.5,0.021970489812100508,0.024370685987184445,pcgrad,0,-0.002400196175083937,5.762633422562455,7.034273888270414,pcgrad,0,-1.271640465707959
mind,gbaf,pcgrad,novelty,661,gbaf,gbaf,pcgrad,1,0,True,0.9943320377570297,0.7627922476030387,gbaf,1,0.23153979015399107,11.0,7.0,gbaf,1.0,4.0,3.1841837197791887,2.2567796494470396,gbaf,1.0,0.9274040703321491,40.0,45.9,pcgrad,0.0,-5.899999999999999,0.035634211974792676,0.13807133410158864,pcgrad,0,-0.10243712212679597,6.867974226080524,2.8138163292123237,gbaf,1,4.054157896868201
mind,gbaf,pcgrad,novelty,45371,gbaf,gbaf,pcgrad,1,0,True,0.9920416176946242,0.971207272349636,gbaf,1,0.02083434534498818,13.0,10.0,gbaf,1.0,3.0,3.5766176449086653,3.181366328891459,gbaf,1.0,0.3952513160172062,38.4,31.9,gbaf,1.0,6.5,0.0037100218210088464,0.005796389274548652,pcgrad,0,-0.0020863674535398055,6.970720177049972,7.249880093430415,pcgrad,0,-0.2791599163804426
mind,gbaf,pcgrad,relevance,34804,gbaf,gbaf,pcgrad,1,0,True,0.9929226730055868,0.9722707463998721,gbaf,1,0.020651926605714688,13.0,14.0,pcgrad,0.0,-1.0,3.441446071165522,3.6841837197791887,pcgrad,0.0,-0.24273764861366676,38.7,33.1,gbaf,1.0,5.600000000000001,0.0088412017082283,0.002484865782480263,gbaf,1,0.0063563359257480375,6.299997072130985,7.403532759285666,pcgrad,0,-1.1035356871546806
mind,gbaf,pcgrad,relevance,11108,gbaf,gbaf,pcgrad,1,0,True,0.9711027090342087,0.9756142237389759,pcgrad,0,-0.004511514704767183,14.0,14.0,TIE,,0.0,3.6464393446710153,3.621928094887362,gbaf,1.0,0.024511249783653266,36.8,32.8,gbaf,1.0,4.0,0.020054928564618248,0.017483766967351773,gbaf,1,0.0025711615972664748,7.317217186281229,7.555999951444292,pcgrad,0,-0.23878276516306318
mind,gbaf,pcgrad,relevance,10550,gbaf,gbaf,pcgrad,1,0,True,0.8618425378309865,0.9515469425825012,pcgrad,0,-0.08970440475151464,3.0,11.0,pcgrad,0.0,-8.0,1.2532975784630431,3.2841837197791888,pcgrad,0.0,-2.0308861413161456,34.0,52.3,pcgrad,0.0,-18.299999999999997,0.06691047986434781,0.04957965409971178,gbaf,1,0.01733082576463603,3.461359917430483,1.4868260392534287,gbaf,1,1.9745338781770543
mind,gbaf,pcgrad,relevance,9150,gbaf,gbaf,pcgrad,1,0,True,0.992043269484387,0.9930796366326596,pcgrad,0,-0.001036367148272599,13.0,17.0,pcgrad,0.0,-4.0,3.5464393446710156,4.037401197654112,pcgrad,0.0,-0.49096185298309614,55.4,40.3,gbaf,1.0,15.100000000000001,0.007393796440968126,0.0025538304621527718,gbaf,1,0.004839965978815354,6.086890572350052,6.899887079372503,pcgrad,0,-0.8129965070224507
mind,gbaf,pcgrad,relevance,13700,pcgrad,gbaf,pcgrad,0,1,True,0.9754984971400712,0.9816389087522736,pcgrad,1,0.006140411612202357,15.0,13.0,gbaf,0.0,-2.0,3.721928094887362,3.5766176449086653,gbaf,0.0,-0.1453104499786968,33.3,29.6,gbaf,0.0,-3.6999999999999957,0.02257647547273216,0.01187710608416118,gbaf,0,-0.010699369388570981,6.9055763126299325,5.384717705767551,gbaf,0,-1.5208586068623813
mind,gbaf,pcgrad,relevance,1606,pcgrad,gbaf,pcgrad,0,1,True,0.9960805794310033,0.9035298536852219,gbaf,0,-0.09255072574578138,14.0,9.0,gbaf,0.0,-5.0,3.5766176449086644,2.563865121950854,gbaf,0.0,-1.0127525229578103,32.2,37.1,pcgrad,1.0,4.899999999999999,0.004834897856663137,0.021557237704929275,pcgrad,1,0.016722339848266137,7.471591449774619,3.6008240366710558,gbaf,0,-3.8707674131035636
mind,gbaf,pcgrad,relevance,21367,pcgrad,gbaf,pcgrad,0,1,True,0.9939670405221874,0.9930793117221681,gbaf,0,-0.0008877288000193051,11.0,13.0,pcgrad,1.0,2.0,3.136379330350756,3.471354487013928,pcgrad,1.0,0.33497515666317224,40.1,33.7,gbaf,0.0,-6.399999999999999,0.01044422490445271,0.014478546271207584,pcgrad,1,0.004034321366754873,7.032112464877909,7.617763076853566,pcgrad,1,0.585650611975657
mind,gbaf,pcgrad,relevance,28272,pcgrad,gbaf,pcgrad,0,1,True,0.9929665076372898,0.9714329137416643,gbaf,0,-0.02153359389562548,8.0,8.0,TIE,,0.0,2.741446071165522,2.397334910352524,gbaf,0.0,-0.3441111608129983,43.3,65.9,pcgrad,1.0,22.60000000000001,0.009013881007324684,0.012277897564126394,pcgrad,1,0.0032640165568017104,6.357701662802974,1.0818177003043308,gbaf,0,-5.275883962498643
mind,gbaf,pcgrad,relevance,36746,pcgrad,gbaf,pcgrad,0,1,True,0.9973014863201101,0.9859092128718808,gbaf,0,-0.01139227344822924,16.0,12.0,gbaf,0.0,-4.0,3.884183719779189,3.321928094887362,gbaf,0.0,-0.5622556248918267,32.6,33.9,pcgrad,1.0,1.2999999999999972,0.007709977842173277,0.012006215577076224,pcgrad,1,0.004296237734902947,7.1876490460108045,6.427909344629673,gbaf,0,-0.7597397013811316
mind,gbaf,pcgrad,relevance,29524,pcgrad,gbaf,pcgrad,0,1,True,0.9922057784156921,0.9373573742257919,gbaf,0,-0.054848404189900224,12.0,8.0,gbaf,0.0,-4.0,3.384183719779189,2.5219280948873624,gbaf,0.0,-0.8622556248918265,38.5,31.7,gbaf,0.0,-6.800000000000001,0.020625543721004114,0.0633112544085678,pcgrad,1,0.04268571068756369,6.949428249536167,3.268704310370571,gbaf,0,-3.680723939165596
mind,gbaf,pcgrad,relevance,45371,gbaf,gbaf,pcgrad,1,0,True,0.9920416176946242,0.971207272349636,gbaf,1,0.02083434534498818,13.0,10.0,gbaf,1.0,3.0,3.5766176449086653,3.181366328891459,gbaf,1.0,0.3952513160172062,38.4,31.9,gbaf,1.0,6.5,0.0037100218210088464,0.005796389274548652,pcgrad,0,-0.0020863674535398055,6.970720177049972,7.249880093430415,pcgrad,0,-0.2791599163804426
mind,lightgcn_only,fixed,balanced,5744,fixed,lightgcn_only,fixed,0,1,True,0.9774902064765161,0.9785083074097995,fixed,1,0.0010181009332834723,12.0,13.0,fixed,1.0,1.0,3.303701696057348,3.5219280948873624,fixed,1.0,0.21822639883001438,40.1,35.9,lightgcn_only,0.0,-4.200000000000003,0.00446069416217316,0.03881462711732862,fixed,1,0.034353932955155465,7.026249490102923,5.715300192590005,lightgcn_only,0,-1.3109492975129173
mind,lightgcn_only,fixed,balanced,28130,fixed,lightgcn_only,fixed,0,1,True,0.9872214793307656,0.9374625895436904,lightgcn_only,0,-0.04975888978707521,12.0,8.0,lightgcn_only,0.0,-4.0,3.3918926446809317,2.7414460711655217,lightgcn_only,0.0,-0.6504465735154099,30.5,43.0,fixed,1.0,12.5,0.005229242089457843,0.06224816863615061,fixed,1,0.057018926546692765,7.558101050499343,5.148767844695565,lightgcn_only,0,-2.4093332058037777
mind,lightgcn_only,fixed,balanced,40271,lightgcn_only,lightgcn_only,fixed,1,0,True,0.9703057835105346,0.9702424404427081,lightgcn_only,1,6.334306782651566e-05,15.0,14.0,lightgcn_only,1.0,1.0,3.7841837197791888,3.6219280948873624,lightgcn_only,1.0,0.16225562489182632,42.4,36.5,lightgcn_only,1.0,5.899999999999999,0.0033586026964743387,0.0019808531927014584,lightgcn_only,1,0.0013777495037728803,7.2963272661593335,7.554328284941119,fixed,0,-0.25800101878178516
mind,lightgcn_only,fixed,balanced,10550,fixed,lightgcn_only,fixed,0,1,True,0.9951899201330562,0.9633769443592575,lightgcn_only,0,-0.03181297577379871,12.0,8.0,lightgcn_only,0.0,-4.0,3.4316235658474303,2.7037016960573483,lightgcn_only,0.0,-0.727921869790082,35.2,44.3,fixed,1.0,9.099999999999994,0.00238682182724598,0.05137636859362393,fixed,1,0.048989546766377956,7.370611383166756,2.022474183698244,lightgcn_only,0,-5.348137199468512
mind,lightgcn_only,fixed,balanced,11583,fixed,lightgcn_only,fixed,0,1,True,0.9761799676306149,0.9841198199282243,fixed,1,0.007939852297609407,12.0,11.0,lightgcn_only,0.0,-1.0,3.303701696057348,3.1464393446710153,lightgcn_only,0.0,-0.1572623513863327,40.4,40.1,lightgcn_only,0.0,-0.29999999999999716,0.0009619097583269768,0.02536857374171513,fixed,1,0.02440666398338815,7.042305496604167,6.071243458570125,lightgcn_only,0,-0.9710620380340425
mind,lightgcn_only,fixed,balanced,13700,fixed,lightgcn_only,fixed,0,1,True,0.9745138876944712,0.9935429401415866,fixed,1,0.01902905244711539,13.0,15.0,fixed,1.0,2.0,3.584183719779189,3.7464393446710154,fixed,1.0,0.16225562489182632,34.9,43.8,fixed,1.0,8.899999999999999,0.00534683747365893,0.009515614175896098,fixed,1,0.0041687767022371685,7.697582314551001,4.570506674346666,lightgcn_only,0,-3.1270756402043354
mind,lightgcn_only,fixed,balanced,38081,fixed,lightgcn_only,fixed,0,1,True,0.9970741097712815,0.9932368762288124,lightgcn_only,0,-0.0038372335424691206,16.0,17.0,fixed,1.0,1.0,3.8219280948873626,4.021928094887363,fixed,1.0,0.20000000000000018,31.3,37.6,fixed,1.0,6.300000000000001,0.0033063758403986798,0.006127392255965313,fixed,1,0.002821016415566633,7.5303879640767075,7.142632900410311,lightgcn_only,0,-0.3877550636663969
mind,lightgcn_only,fixed,balanced,28272,fixed,lightgcn_only,fixed,0,1,True,0.9928929019751579,0.9874816655188372,lightgcn_only,0,-0.005411236456320689,11.0,11.0,TIE,,0.0,3.2210972500579564,3.2841837197791888,fixed,1.0,0.06308646972123233,31.9,57.3,fixed,1.0,25.4,0.007762713166147886,0.012229256625294107,fixed,1,0.004466543459146221,7.188351804215644,2.1686507328035756,lightgcn_only,0,-5.019701071412069
mind,lightgcn_only,fixed,balanced,40745,fixed,lightgcn_only,fixed,0,1,True,0.9947476141252006,0.9312828532382662,lightgcn_only,0,-0.06346476088693442,14.0,10.0,lightgcn_only,0.0,-4.0,3.6421498816369033,2.9464393446710155,lightgcn_only,0.0,-0.6957105369658878,32.5,44.8,fixed,1.0,12.299999999999997,0.01731671687977432,0.07561345687942089,fixed,1,0.058296739999646574,7.125301926399013,2.357254996504439,lightgcn_only,0,-4.768046929894574
mind,lightgcn_only,fixed,balanced,36746,fixed,lightgcn_only,fixed,0,1,True,0.9950345586262911,0.9762150126247324,lightgcn_only,0,-0.018819546001558662,14.0,16.0,fixed,1.0,2.0,3.6219280948873624,3.9219280948873627,fixed,1.0,0.30000000000000027,32.9,39.7,fixed,1.0,6.800000000000004,0.0030380391515369477,0.0034374610950484493,fixed,1,0.00039942194351150163,7.581423786559958,7.359464861896152,lightgcn_only,0,-0.22195892466380585
mind,lightgcn_only,fixed,balanced,28263,fixed,lightgcn_only,fixed,0,1,True,0.974083840387762,0.9226290684757713,lightgcn_only,0,-0.05145477191199066,12.0,9.0,lightgcn_only,0.0,-3.0,3.446439344671015,2.8016094970590273,lightgcn_only,0.0,-0.6448298476119878,34.4,37.4,fixed,1.0,3.0,0.0010280342581447835,0.058354524682529066,fixed,1,0.057326490424384285,7.667675751419208,3.3175794567624015,lightgcn_only,0,-4.350096294656806
mind,lightgcn_only,fixed,diversity,29787,lightgcn_only,lightgcn_only,fixed,1,0,True,0.9930494678594305,0.9697500060975182,lightgcn_only,1,0.023299461761912332,12.0,11.0,lightgcn_only,1.0,1.0,3.484183719779189,3.2464393446710154,lightgcn_only,1.0,0.2377443751081736,33.6,36.2,fixed,0.0,-2.6000000000000014,0.007598013004540665,0.007466885849558508,lightgcn_only,1,0.0001311271549821573,7.515049130550343,7.542034131696037,fixed,0,-0.02698500114569402
mind,lightgcn_only,fixed,diversity,35942,lightgcn_only,lightgcn_only,fixed,1,0,True,0.9925939155499004,0.9552382591745453,lightgcn_only,1,0.037355656375355095,14.0,5.0,lightgcn_only,1.0,9.0,3.642149881636903,1.8128876215181604,lightgcn_only,1.0,1.8292622601187425,34.4,60.0,fixed,0.0,-25.6,0.0073688693118886765,0.028789817623821528,fixed,0,-0.02142094831193285,7.168315142424395,3.855804527544693,lightgcn_only,1,3.312510614879702
mind,lightgcn_only,fixed,diversity,42800,lightgcn_only,lightgcn_only,fixed,1,0,True,0.9743568393584838,0.9737775914210833,lightgcn_only,1,0.0005792479374004955,13.0,14.0,fixed,0.0,-1.0,3.4037016960573485,3.684183719779189,fixed,0.0,-0.2804820237218406,34.4,30.9,lightgcn_only,1.0,3.5,0.004698477128374621,0.008908949764662867,fixed,0,-0.004210472636288246,7.704502068439676,7.495261368195221,lightgcn_only,1,0.20924070024445474
mind,lightgcn_only,fixed,diversity,36267,lightgcn_only,lightgcn_only,fixed,1,0,True,0.9870869511238667,0.9880457780777506,fixed,0,-0.00095882695388394,13.0,13.0,TIE,,0.0,3.341446071165522,3.426367488473226,fixed,0.0,-0.08492141730770397,33.6,39.7,fixed,0.0,-6.100000000000001,0.024720870714479287,0.027679780155200857,fixed,0,-0.0029589094407215695,7.307913796233324,7.466603203746582,fixed,0,-0.15868940751325855
mind,lightgcn_only,fixed,diversity,15683,lightgcn_only,lightgcn_only,fixed,1,0,True,0.9950895223478823,0.9404635210990419,lightgcn_only,1,0.05462600124884043,12.0,2.0,lightgcn_only,1.0,10.0,3.503258334775645,0.9910760598382222,lightgcn_only,1.0,2.512182274937423,35.3,45.6,fixed,0.0,-10.300000000000004,0.008792783813763454,0.04600113025177964,fixed,0,-0.03720834643801618,7.10372138079091,3.0807913076166753,lightgcn_only,1,4.022930073174235
mind,lightgcn_only,fixed,diversity,13700,fixed,lightgcn_only,fixed,0,1,True,0.9745138876944712,0.9935429401415866,fixed,1,0.01902905244711539,13.0,15.0,fixed,1.0,2.0,3.584183719779189,3.7464393446710154,fixed,1.0,0.16225562489182632,34.9,43.8,fixed,1.0,8.899999999999999,0.00534683747365893,0.009515614175896098,fixed,1,0.0041687767022371685,7.697582314551001,4.570506674346666,lightgcn_only,0,-3.1270756402043354
mind,lightgcn_only,fixed,diversity,6098,fixed,lightgcn_only,fixed,0,1,True,0.9762109546848203,0.9731530696595481,lightgcn_only,0,-0.0030578850252722667,11.0,11.0,TIE,,0.0,3.2608281712244547,3.108694969562842,lightgcn_only,0.0,-0.15213320166161282,30.8,38.3,fixed,1.0,7.4999999999999964,0.011006857487302919,0.01341509420108355,fixed,1,0.002408236713780631,7.5883175427578236,7.5253123032788904,lightgcn_only,0,-0.0630052394789331
mind,lightgcn_only,fixed,diversity,38081,fixed,lightgcn_only,fixed,0,1,True,0.9970741097712815,0.9932368762288124,lightgcn_only,0,-0.0038372335424691206,16.0,17.0,fixed,1.0,1.0,3.8219280948873626,4.021928094887363,fixed,1.0,0.20000000000000018,31.3,37.6,fixed,1.0,6.300000000000001,0.0033063758403986798,0.006127392255965313,fixed,1,0.002821016415566633,7.5303879640767075,7.142632900410311,lightgcn_only,0,-0.3877550636663969
mind,lightgcn_only,fixed,diversity,28272,fixed,lightgcn_only,fixed,0,1,True,0.9928929019751579,0.9874816655188372,lightgcn_only,0,-0.005411236456320689,11.0,11.0,TIE,,0.0,3.2210972500579564,3.2841837197791888,fixed,1.0,0.06308646972123233,31.9,57.3,fixed,1.0,25.4,0.007762713166147886,0.012229256625294107,fixed,1,0.004466543459146221,7.188351804215644,2.1686507328035756,lightgcn_only,0,-5.019701071412069
mind,lightgcn_only,fixed,diversity,49103,lightgcn_only,lightgcn_only,fixed,1,0,True,0.9949280373727202,0.9651354123782323,lightgcn_only,1,0.02979262499448787,13.0,12.0,lightgcn_only,1.0,1.0,3.5219280948873624,3.384183719779189,lightgcn_only,1.0,0.1377443751081735,33.9,35.9,fixed,0.0,-2.0,0.00392697087224928,0.01115498705586718,fixed,0,-0.007228016183617901,7.590876026471632,7.448697134330496,lightgcn_only,1,0.14217889214113555
mind,lightgcn_only,fixed,diversity,28263,fixed,lightgcn_only,fixed,0,1,True,0.974083840387762,0.9226290684757713,lightgcn_only,0,-0.05145477191199066,12.0,9.0,lightgcn_only,0.0,-3.0,3.446439344671015,2.8016094970590273,lightgcn_only,0.0,-0.6448298476119878,34.4,37.4,fixed,1.0,3.0,0.0010280342581447835,0.058354524682529066,fixed,1,0.057326490424384285,7.667675751419208,3.3175794567624015,lightgcn_only,0,-4.350096294656806
mind,lightgcn_only,fixed,novelty,44378,lightgcn_only,lightgcn_only,fixed,1,0,True,0.9971389034518607,0.9855128861961902,lightgcn_only,1,0.011626017255670584,15.0,14.0,lightgcn_only,1.0,1.0,3.721928094887362,3.6464393446710157,lightgcn_only,1.0,0.07548875021634638,32.9,32.8,lightgcn_only,1.0,0.10000000000000142,0.006555470127458637,0.009748952205342196,fixed,0,-0.003193482077883559,7.493254920042482,7.084044903473116,lightgcn_only,1,0.4092100165693653
mind,lightgcn_only,fixed,novelty,29787,fixed,lightgcn_only,fixed,0,1,True,0.9930494678594305,0.9697500060975182,lightgcn_only,0,-0.023299461761912332,12.0,11.0,lightgcn_only,0.0,-1.0,3.484183719779189,3.2464393446710154,lightgcn_only,0.0,-0.2377443751081736,33.6,36.2,fixed,1.0,2.6000000000000014,0.007598013004540665,0.007466885849558508,lightgcn_only,0,-0.0001311271549821573,7.515049130550343,7.542034131696037,fixed,1,0.02698500114569402
mind,lightgcn_only,fixed,novelty,5744,lightgcn_only,lightgcn_only,fixed,1,0,True,0.9774902064765161,0.9785083074097995,fixed,0,-0.0010181009332834723,12.0,13.0,fixed,0.0,-1.0,3.303701696057348,3.5219280948873624,fixed,0.0,-0.21822639883001438,40.1,35.9,lightgcn_only,1.0,4.200000000000003,0.00446069416217316,0.03881462711732862,fixed,0,-0.034353932955155465,7.026249490102923,5.715300192590005,lightgcn_only,1,1.3109492975129173
mind,lightgcn_only,fixed,novelty,28130,fixed,lightgcn_only,fixed,0,1,True,0.9872214793307656,0.9374625895436904,lightgcn_only,0,-0.04975888978707521,12.0,8.0,lightgcn_only,0.0,-4.0,3.3918926446809317,2.7414460711655217,lightgcn_only,0.0,-0.6504465735154099,30.5,43.0,fixed,1.0,12.5,0.005229242089457843,0.06224816863615061,fixed,1,0.057018926546692765,7.558101050499343,5.148767844695565,lightgcn_only,0,-2.4093332058037777
mind,lightgcn_only,fixed,novelty,42678,fixed,lightgcn_only,fixed,0,1,True,0.977035344788105,0.9887137903135761,fixed,1,0.011678445525471037,13.0,11.0,lightgcn_only,0.0,-2.0,3.5766176449086653,3.2841837197791888,lightgcn_only,0.0,-0.2924339251294765,29.8,36.2,fixed,1.0,6.400000000000002,0.010535152366801786,0.02902070050492158,fixed,1,0.018485548138119794,7.594829789033826,7.231521917924215,lightgcn_only,0,-0.36330787110961094
mind,lightgcn_only,fixed,novelty,40271,fixed,lightgcn_only,fixed,0,1,True,0.9703057835105346,0.9702424404427081,lightgcn_only,0,-6.334306782651566e-05,15.0,14.0,lightgcn_only,0.0,-1.0,3.7841837197791888,3.6219280948873624,lightgcn_only,0.0,-0.16225562489182632,42.4,36.5,lightgcn_only,0.0,-5.899999999999999,0.0033586026964743387,0.0019808531927014584,lightgcn_only,0,-0.0013777495037728803,7.2963272661593335,7.554328284941119,fixed,1,0.25800101878178516
mind,lightgcn_only,fixed,novelty,34889,fixed,lightgcn_only,fixed,0,1,True,0.9938363651645977,0.992587794271193,lightgcn_only,0,-0.001248570893404688,11.0,16.0,fixed,1.0,5.0,3.3263604079526936,3.9219280948873627,fixed,1.0,0.5955676869346691,33.5,42.9,fixed,1.0,9.399999999999999,0.011371621146273334,0.01798690597857174,fixed,1,0.006615284832298405,7.459296975434988,7.160088506702863,lightgcn_only,0,-0.29920846873212525
mind,lightgcn_only,fixed,novelty,10550,lightgcn_only,lightgcn_only,fixed,1,0,True,0.9951899201330562,0.9633769443592575,lightgcn_only,1,0.03181297577379871,12.0,8.0,lightgcn_only,1.0,4.0,3.4316235658474303,2.7037016960573483,lightgcn_only,1.0,0.727921869790082,35.2,44.3,fixed,0.0,-9.099999999999994,0.00238682182724598,0.05137636859362393,fixed,0,-0.048989546766377956,7.370611383166756,2.022474183698244,lightgcn_only,1,5.348137199468512
mind,lightgcn_only,fixed,novelty,7340,fixed,lightgcn_only,fixed,0,1,True,0.9772066783833633,0.9765970849461144,lightgcn_only,0,-0.0006095934372488676,14.0,13.0,lightgcn_only,0.0,-1.0,3.6464393446710153,3.484183719779189,lightgcn_only,0.0,-0.16225562489182632,33.4,39.2,fixed,1.0,5.800000000000004,0.006042874300983081,0.006598236579131361,fixed,1,0.0005553622781482807,7.483639142897592,7.493990446426912,fixed,1,0.0103513035293199
mind,lightgcn_only,fixed,novelty,23498,fixed,lightgcn_only,fixed,0,1,True,0.9642595493642243,0.9707581502506295,fixed,1,0.0064986008864051925,13.0,14.0,fixed,1.0,1.0,3.5219280948873624,3.621928094887362,fixed,1.0,0.09999999999999964,34.0,37.5,fixed,1.0,3.5,0.007427931125157596,0.009345346326752737,fixed,1,0.0019174152015951412,7.683992638770514,7.540540864280961,lightgcn_only,0,-0.14345177448955315
mind,lightgcn_only,fixed,novelty,21367,fixed,lightgcn_only,fixed,0,1,True,0.9922574989189699,0.9938794754110166,fixed,1,0.0016219764920467616,12.0,14.0,fixed,1.0,2.0,3.3660913291191923,3.616348566075163,fixed,1.0,0.2502572369559708,36.5,34.8,lightgcn_only,0.0,-1.7000000000000028,0.014359365766155487,0.016130504729530756,fixed,1,0.0017711389633752687,7.243176518009669,7.366025101787287,fixed,1,0.12284858377761765
mind,lightgcn_only,fixed,novelty,28272,fixed,lightgcn_only,fixed,0,1,True,0.9928929019751579,0.9874816655188372,lightgcn_only,0,-0.005411236456320689,11.0,11.0,TIE,,0.0,3.2210972500579564,3.2841837197791888,fixed,1.0,0.06308646972123233,31.9,57.3,fixed,1.0,25.4,0.007762713166147886,0.012229256625294107,fixed,1,0.004466543459146221,7.188351804215644,2.1686507328035756,lightgcn_only,0,-5.019701071412069
mind,lightgcn_only,fixed,novelty,40745,lightgcn_only,lightgcn_only,fixed,1,0,True,0.9947476141252006,0.9312828532382662,lightgcn_only,1,0.06346476088693442,14.0,10.0,lightgcn_only,1.0,4.0,3.6421498816369033,2.9464393446710155,lightgcn_only,1.0,0.6957105369658878,32.5,44.8,fixed,0.0,-12.299999999999997,0.01731671687977432,0.07561345687942089,fixed,0,-0.058296739999646574,7.125301926399013,2.357254996504439,lightgcn_only,1,4.768046929894574
mind,lightgcn_only,fixed,novelty,38547,fixed,lightgcn_only,fixed,0,1,True,0.9942883596277895,0.9948874109514568,fixed,1,0.0005990513236673323,12.0,14.0,fixed,1.0,2.0,3.4058222502856896,3.6219280948873624,fixed,1.0,0.21610584460167281,32.2,34.3,fixed,1.0,2.0999999999999943,0.004716810264025646,0.007093138800675096,fixed,1,0.00237632853664945,7.616968070507951,7.357412510346698,lightgcn_only,0,-0.25955556016125314
mind,lightgcn_only,fixed,novelty,28263,lightgcn_only,lightgcn_only,fixed,1,0,True,0.974083840387762,0.9226290684757713,lightgcn_only,1,0.05145477191199066,12.0,9.0,lightgcn_only,1.0,3.0,3.446439344671015,2.8016094970590273,lightgcn_only,1.0,0.6448298476119878,34.4,37.4,fixed,0.0,-3.0,0.0010280342581447835,0.058354524682529066,fixed,0,-0.057326490424384285,7.667675751419208,3.3175794567624015,lightgcn_only,1,4.350096294656806
mind,lightgcn_only,fixed,novelty,8882,lightgcn_only,lightgcn_only,fixed,1,0,True,0.9718539323948784,0.9672150849823612,lightgcn_only,1,0.004638847412517189,14.0,15.0,fixed,0.0,-1.0,3.6464393446710153,3.826874881864637,fixed,0.0,-0.1804355371936217,39.8,36.2,lightgcn_only,1.0,3.5999999999999943,0.0031712644681288703,0.005848970225807762,fixed,0,-0.0026777057576788913,7.472784243082925,7.4611216340355,lightgcn_only,1,0.01166260904742522
mind,lightgcn_only,fixed,novelty,16461,lightgcn_only,lightgcn_only,fixed,1,0,True,0.9689308068388576,0.9907732616799967,fixed,0,-0.021842454841139114,13.0,12.0,lightgcn_only,1.0,1.0,3.546439344671015,3.4464393446710155,lightgcn_only,1.0,0.09999999999999964,36.1,33.1,lightgcn_only,1.0,3.0,0.011126198525537619,0.018450096894505184,fixed,0,-0.007323898368967565,7.516802558176996,7.1216807009407095,lightgcn_only,1,0.3951218572362869
mind,lightgcn_only,fixed,relevance,5744,fixed,lightgcn_only,fixed,0,1,True,0.9774902064765161,0.9785083074097995,fixed,1,0.0010181009332834723,12.0,13.0,fixed,1.0,1.0,3.303701696057348,3.5219280948873624,fixed,1.0,0.21822639883001438,40.1,35.9,lightgcn_only,0.0,-4.200000000000003,0.00446069416217316,0.03881462711732862,fixed,1,0.034353932955155465,7.026249490102923,5.715300192590005,lightgcn_only,0,-1.3109492975129173
mind,lightgcn_only,fixed,relevance,11583,fixed,lightgcn_only,fixed,0,1,True,0.9761799676306149,0.9841198199282243,fixed,1,0.007939852297609407,12.0,11.0,lightgcn_only,0.0,-1.0,3.303701696057348,3.1464393446710153,lightgcn_only,0.0,-0.1572623513863327,40.4,40.1,lightgcn_only,0.0,-0.29999999999999716,0.0009619097583269768,0.02536857374171513,fixed,1,0.02440666398338815,7.042305496604167,6.071243458570125,lightgcn_only,0,-0.9710620380340425
mind,lightgcn_only,fixed,relevance,9150,lightgcn_only,lightgcn_only,fixed,1,0,True,0.9914232490914838,0.9887465322353353,lightgcn_only,1,0.0026767168561485644,15.0,14.0,lightgcn_only,1.0,1.0,3.787143960698138,3.6818808028034016,lightgcn_only,1.0,0.10526315789473628,34.5,35.8,fixed,0.0,-1.2999999999999972,0.004750898689156234,0.002988353662173336,lightgcn_only,1,0.0017625450269828976,7.142587813560435,7.195656252927018,fixed,0,-0.05306843936658279
mind,lightgcn_only,fixed,relevance,13700,fixed,lightgcn_only,fixed,0,1,True,0.9745138876944712,0.9935429401415866,fixed,1,0.01902905244711539,13.0,15.0,fixed,1.0,2.0,3.584183719779189,3.7464393446710154,fixed,1.0,0.16225562489182632,34.9,43.8,fixed,1.0,8.899999999999999,0.00534683747365893,0.009515614175896098,fixed,1,0.0041687767022371685,7.697582314551001,4.570506674346666,lightgcn_only,0,-3.1270756402043354
mind,lightgcn_only,fixed,relevance,6098,fixed,lightgcn_only,fixed,0,1,True,0.9762109546848203,0.9731530696595481,lightgcn_only,0,-0.0030578850252722667,11.0,11.0,TIE,,0.0,3.2608281712244547,3.108694969562842,lightgcn_only,0.0,-0.15213320166161282,30.8,38.3,fixed,1.0,7.4999999999999964,0.011006857487302919,0.01341509420108355,fixed,1,0.002408236713780631,7.5883175427578236,7.5253123032788904,lightgcn_only,0,-0.0630052394789331
mind,lightgcn_only,fixed,relevance,38081,fixed,lightgcn_only,fixed,0,1,True,0.9970741097712815,0.9932368762288124,lightgcn_only,0,-0.0038372335424691206,16.0,17.0,fixed,1.0,1.0,3.8219280948873626,4.021928094887363,fixed,1.0,0.20000000000000018,31.3,37.6,fixed,1.0,6.300000000000001,0.0033063758403986798,0.006127392255965313,fixed,1,0.002821016415566633,7.5303879640767075,7.142632900410311,lightgcn_only,0,-0.3877550636663969
mind,lightgcn_only,fixed,relevance,40745,fixed,lightgcn_only,fixed,0,1,True,0.9947476141252006,0.9312828532382662,lightgcn_only,0,-0.06346476088693442,14.0,10.0,lightgcn_only,0.0,-4.0,3.6421498816369033,2.9464393446710155,lightgcn_only,0.0,-0.6957105369658878,32.5,44.8,fixed,1.0,12.299999999999997,0.01731671687977432,0.07561345687942089,fixed,1,0.058296739999646574,7.125301926399013,2.357254996504439,lightgcn_only,0,-4.768046929894574
mind,lightgcn_only,fixed,relevance,38547,fixed,lightgcn_only,fixed,0,1,True,0.9942883596277895,0.9948874109514568,fixed,1,0.0005990513236673323,12.0,14.0,fixed,1.0,2.0,3.4058222502856896,3.6219280948873624,fixed,1.0,0.21610584460167281,32.2,34.3,fixed,1.0,2.0999999999999943,0.004716810264025646,0.007093138800675096,fixed,1,0.00237632853664945,7.616968070507951,7.357412510346698,lightgcn_only,0,-0.25955556016125314
mind,lightgcn_only,fixed,relevance,47365,fixed,lightgcn_only,fixed,0,1,True,0.970563309778038,0.9755885572270199,fixed,1,0.005025247448981918,14.0,18.0,fixed,1.0,4.0,3.5841837197791886,4.1219280948873624,fixed,1.0,0.5377443751081739,33.5,36.6,fixed,1.0,3.1000000000000014,0.004157773928997177,0.007126344123711596,fixed,1,0.0029685701947144193,7.631626669552864,7.18024048051644,lightgcn_only,0,-0.45138618903642325
mind,lightgcn_only,fixed,relevance,28263,fixed,lightgcn_only,fixed,0,1,True,0.974083840387762,0.9226290684757713,lightgcn_only,0,-0.05145477191199066,12.0,9.0,lightgcn_only,0.0,-3.0,3.446439344671015,2.8016094970590273,lightgcn_only,0.0,-0.6448298476119878,34.4,37.4,fixed,1.0,3.0,0.0010280342581447835,0.058354524682529066,fixed,1,0.057326490424384285,7.667675751419208,3.3175794567624015,lightgcn_only,0,-4.350096294656806
mind,lightgcn_only,fixed,relevance,8882,lightgcn_only,lightgcn_only,fixed,1,0,True,0.9718539323948784,0.9672150849823612,lightgcn_only,1,0.004638847412517189,14.0,15.0,fixed,0.0,-1.0,3.6464393446710153,3.826874881864637,fixed,0.0,-0.1804355371936217,39.8,36.2,lightgcn_only,1.0,3.5999999999999943,0.0031712644681288703,0.005848970225807762,fixed,0,-0.0026777057576788913,7.472784243082925,7.4611216340355,lightgcn_only,1,0.01166260904742522
mind,lightgcn_only,fixed,relevance,29524,fixed,lightgcn_only,fixed,0,1,True,0.9716728283079685,0.9615641335601739,lightgcn_only,0,-0.010108694747794633,13.0,9.0,lightgcn_only,0.0,-4.0,3.5841837197791886,2.739353872167201,lightgcn_only,0.0,-0.8448298476119875,38.2,38.6,fixed,1.0,0.3999999999999986,0.014631914550074824,0.048599239192082186,fixed,1,0.033967324642007364,7.722898447589548,6.493798847570986,lightgcn_only,0,-1.2290996000185626
mind,lightgcn_only,fixed,relevance,47453,fixed,lightgcn_only,fixed,0,1,True,0.9929246667490453,0.971164058233706,lightgcn_only,0,-0.02176060851533934,12.0,14.0,fixed,1.0,2.0,3.4219280948873623,3.721928094887362,fixed,1.0,0.2999999999999998,32.7,43.7,fixed,1.0,11.0,0.004780032202822143,0.0065261292571112935,fixed,1,0.0017460970542891507,7.55400339822539,7.322941799207809,lightgcn_only,0,-0.23106159901758083
yelp,concat_mlp,gradnorm_only,balanced,47111,gradnorm_only,gradnorm_only,concat_mlp,1,0,True,0.9321562471639189,0.8107969531673325,concat_mlp,0,-0.1213592939965864,26.0,34.0,gradnorm_only,1.0,8.0,4.489877254551159,4.793140084319571,gradnorm_only,1.0,0.30326282976841235,11.9,18.5,gradnorm_only,1.0,6.6,0.06943364282972135,0.11897274202852724,gradnorm_only,1,0.04953909919880589,4.172915580645435,4.513320209777239,gradnorm_only,1,0.3404046291318039
yelp,concat_mlp,gradnorm_only,balanced,362,gradnorm_only,gradnorm_only,concat_mlp,1,0,True,0.9445053325690427,0.7956211604580075,concat_mlp,0,-0.14888417211103522,26.0,19.0,concat_mlp,0.0,-7.0,4.235448437472884,3.94256359378133,concat_mlp,0.0,-0.29288484369155343,12.7,13.5,gradnorm_only,1.0,0.8000000000000007,0.05006855021912701,0.08658084880910943,gradnorm_only,1,0.03651229858998242,4.246945660057366,5.99721678485706,gradnorm_only,1,1.7502711247996938
yelp,concat_mlp,gradnorm_only,balanced,1779,gradnorm_only,gradnorm_only,concat_mlp,1,0,True,0.9304443184145421,0.8665439777535763,concat_mlp,0,-0.06390034066096584,30.0,28.0,concat_mlp,0.0,-2.0,4.484372820753984,4.39340996488017,concat_mlp,0.0,-0.0909628558738147,13.1,14.2,gradnorm_only,1.0,1.0999999999999996,0.0629748541470193,0.1062665826465838,gradnorm_only,1,0.0432917284995645,4.4168419484988934,5.956262204626306,gradnorm_only,1,1.5394202561274124
yelp,concat_mlp,gradnorm_only,balanced,79676,concat_mlp,gradnorm_only,concat_mlp,0,1,True,0.9257413710762548,0.8791563113277846,concat_mlp,1,0.04658505974847016,27.0,29.0,gradnorm_only,0.0,-2.0,4.30130677156408,4.496037706877015,gradnorm_only,0.0,-0.1947309353129354,14.6,15.3,gradnorm_only,0.0,-0.7000000000000011,0.06339981499832271,0.07321649411396336,gradnorm_only,0,-0.009816679115640645,4.963770696050285,5.830463224318757,gradnorm_only,0,-0.8666925282684721
yelp,concat_mlp,gradnorm_only,balanced,58992,gradnorm_only,gradnorm_only,concat_mlp,1,0,True,0.9409255757075176,0.936601810559382,concat_mlp,0,-0.004323765148135594,26.0,37.0,gradnorm_only,1.0,11.0,4.250075316801687,4.865548177193445,gradnorm_only,1.0,0.6154728603917583,12.2,14.8,gradnorm_only,1.0,2.6000000000000014,0.05146101338340404,0.06169184301468501,gradnorm_only,1,0.010230829631280976,4.268018237572986,6.516378025526841,gradnorm_only,1,2.248359787953855
yelp,concat_mlp,gradnorm_only,balanced,66818,concat_mlp,gradnorm_only,concat_mlp,0,1,True,0.9054251484496253,0.8689034199606103,concat_mlp,1,0.036521728489015026,32.0,16.0,concat_mlp,1.0,16.0,4.6349899593311,3.5628955435663965,concat_mlp,1.0,1.0720944157647034,17.2,11.6,concat_mlp,1.0,5.6,0.0832357486393525,0.08229899093171027,concat_mlp,1,0.0009367577076422329,5.364921642410307,5.344004506357728,concat_mlp,1,0.020917136052578833
yelp,concat_mlp,gradnorm_only,balanced,68812,gradnorm_only,gradnorm_only,concat_mlp,1,0,True,0.9191645705210376,0.8028766239513594,concat_mlp,0,-0.11628794656967822,27.0,31.0,gradnorm_only,1.0,4.0,4.4148325477994685,4.590113614491535,gradnorm_only,1.0,0.1752810666920661,12.4,12.9,gradnorm_only,1.0,0.5,0.0756443295211518,0.11126672418895144,gradnorm_only,1,0.03562239466779964,4.265640530933146,4.30616223632623,gradnorm_only,1,0.04052170539308442
yelp,concat_mlp,gradnorm_only,balanced,17415,concat_mlp,gradnorm_only,concat_mlp,0,1,True,0.8872718468339618,0.8717090744860888,concat_mlp,1,0.015562772347872955,25.0,29.0,gradnorm_only,0.0,-4.0,4.2595682659220415,4.418833991324552,gradnorm_only,0.0,-0.15926572540251005,12.4,13.8,gradnorm_only,0.0,-1.4000000000000004,0.09029766519204252,0.07842826082299231,concat_mlp,1,0.011869404369050207,5.200167684478044,5.7359384026974585,gradnorm_only,0,-0.5357707182194149
yelp,concat_mlp,gradnorm_only,balanced,45970,gradnorm_only,gradnorm_only,concat_mlp,1,0,True,0.9551277838504016,0.9088452743857861,concat_mlp,0,-0.04628250946461554,29.0,26.0,concat_mlp,0.0,-3.0,4.489213200706534,4.286370130156181,concat_mlp,0.0,-0.20284307055035367,13.7,14.8,gradnorm_only,1.0,1.1000000000000014,0.02653798544358765,0.028493112916047777,gradnorm_only,1,0.0019551274724601275,4.19064066257966,6.089675530143159,gradnorm_only,1,1.8990348675634996
yelp,concat_mlp,gradnorm_only,balanced,9482,concat_mlp,gradnorm_only,concat_mlp,0,1,True,0.860067872114771,0.8717707140691584,gradnorm_only,0,-0.011702841954387422,30.0,51.0,gradnorm_only,0.0,-21.0,4.53311540744139,5.311300227277554,gradnorm_only,0.0,-0.7781848198361638,15.6,20.3,gradnorm_only,0.0,-4.700000000000001,0.0985761023945084,0.08610881050429536,concat_mlp,1,0.012467291890213034,5.287763592726426,5.018458351271165,concat_mlp,1,0.26930524145526125
yelp,concat_mlp,gradnorm_only,balanced,78002,gradnorm_only,gradnorm_only,concat_mlp,1,0,True,0.9332199689241846,0.9058608916297343,concat_mlp,0,-0.027359077294450307,20.0,35.0,gradnorm_only,1.0,15.0,3.8914460711655217,4.780418149928216,gradnorm_only,1.0,0.888972078762694,12.1,17.9,gradnorm_only,1.0,5.799999999999999,0.05915597195589083,0.06756859719637727,gradnorm_only,1,0.008412625240486436,4.132845339853654,4.426691188777848,gradnorm_only,1,0.2938458489241942
yelp,concat_mlp,gradnorm_only,balanced,83363,concat_mlp,gradnorm_only,concat_mlp,0,1,True,0.833247242072648,0.817204858052234,concat_mlp,1,0.016042384020414024,34.0,30.0,concat_mlp,1.0,4.0,4.738608500731241,4.435755433941627,concat_mlp,1.0,0.30285306678961366,16.3,13.9,concat_mlp,1.0,2.4000000000000004,0.1532895193376796,0.18979543858299242,gradnorm_only,0,-0.03650591924531282,4.713318962772416,5.062684960902371,gradnorm_only,0,-0.3493659981299553
yelp,concat_mlp,gradnorm_only,balanced,88044,concat_mlp,gradnorm_only,concat_mlp,0,1,True,0.8131145218606439,0.8911141758520728,gradnorm_only,0,-0.07799965399142883,35.0,61.0,gradnorm_only,0.0,-26.0,4.781833066041455,5.58438475175888,gradnorm_only,0.0,-0.8025516857174253,19.0,21.8,gradnorm_only,0.0,-2.8000000000000007,0.1228843005583193,0.10482799874918569,concat_mlp,1,0.018056301809133604,6.525549151519473,6.883476659028335,gradnorm_only,0,-0.3579275075088617
yelp,concat_mlp,gradnorm_only,balanced,797,gradnorm_only,gradnorm_only,concat_mlp,1,0,True,0.9564195576690624,0.7563053719671684,concat_mlp,0,-0.200114185701894,44.0,18.0,concat_mlp,0.0,-26.0,5.137602043731117,3.5630573888904165,concat_mlp,0.0,-1.5745446548407003,17.9,11.7,concat_mlp,0.0,-6.199999999999999,0.05399032861416757,0.16423811490829385,gradnorm_only,1,0.11024778629412628,3.5932773290401827,3.713988293215702,gradnorm_only,1,0.1207109641755193
yelp,concat_mlp,gradnorm_only,balanced,23067,gradnorm_only,gradnorm_only,concat_mlp,1,0,True,0.8767586359948824,0.7405354815127799,concat_mlp,0,-0.13622315448210243,22.0,27.0,gradnorm_only,1.0,5.0,4.0709505944546684,4.2661327293772775,gradnorm_only,1.0,0.19518213492260905,11.6,15.6,gradnorm_only,1.0,4.0,0.13563020254044644,0.20726655702509908,gradnorm_only,1,0.07163635448465264,4.035686814891188,5.332383246753554,gradnorm_only,1,1.2966964318623653
yelp,concat_mlp,gradnorm_only,balanced,94832,gradnorm_only,gradnorm_only,concat_mlp,1,0,True,0.8838231059406224,0.8978824441435796,gradnorm_only,1,0.014059338202957239,42.0,32.0,concat_mlp,0.0,-10.0,5.003701696057348,4.614605144924189,concat_mlp,0.0,-0.389096551133159,19.6,14.5,concat_mlp,0.0,-5.100000000000001,0.07799991426034587,0.07180109072206034,concat_mlp,0,-0.006198823538285533,4.677626847635734,5.3165858315209436,gradnorm_only,1,0.6389589838852094
yelp,concat_mlp,gradnorm_only,balanced,88855,gradnorm_only,gradnorm_only,concat_mlp,1,0,True,0.8381803265620914,0.8242567588123267,concat_mlp,0,-0.013923567749764665,29.0,28.0,concat_mlp,0.0,-1.0,4.37970604880628,4.37256074160895,concat_mlp,0.0,-0.007145307197329309,14.5,13.2,concat_mlp,0.0,-1.3000000000000007,0.13358987463669325,0.12875808052454904,concat_mlp,0,-0.004831794112144211,4.7103299094736855,6.108345756365248,gradnorm_only,1,1.3980158468915622
yelp,concat_mlp,gradnorm_only,balanced,97264,concat_mlp,gradnorm_only,concat_mlp,0,1,True,0.9257421943012973,0.8734685516928244,concat_mlp,1,0.05227364260847289,36.0,62.0,gradnorm_only,0.0,-26.0,4.809808796515998,5.551474941315671,gradnorm_only,0.0,-0.7416661447996731,14.2,22.6,gradnorm_only,0.0,-8.400000000000002,0.08430757776015721,0.1172894020779226,gradnorm_only,0,-0.03298182431776539,5.523787787162411,6.777500175722007,gradnorm_only,0,-1.2537123885595953
yelp,concat_mlp,gradnorm_only,balanced,20211,gradnorm_only,gradnorm_only,concat_mlp,1,0,True,0.8724801315366637,0.8207089167590611,concat_mlp,0,-0.0517712147776026,32.0,33.0,gradnorm_only,1.0,1.0,4.608095716770613,4.624356037593426,gradnorm_only,1.0,0.0162603208228127,15.9,17.4,gradnorm_only,1.0,1.4999999999999982,0.11842478344370362,0.14584140498908985,gradnorm_only,1,0.027416621545386224,5.291026512529024,5.628629365421351,gradnorm_only,1,0.33760285289232694
yelp,concat_mlp,gradnorm_only,balanced,64669,concat_mlp,gradnorm_only,concat_mlp,0,1,True,0.8875969520216814,0.8943922960002105,gradnorm_only,0,-0.0067953439785291,28.0,33.0,gradnorm_only,0.0,-5.0,4.336526894582073,4.4877044943098365,gradnorm_only,0.0,-0.15117759972776312,14.6,15.0,gradnorm_only,0.0,-0.40000000000000036,0.0815523051005862,0.0889212942688663,gradnorm_only,0,-0.0073689891682801045,5.5145658398252015,5.291482031525346,concat_mlp,1,0.2230838082998554
yelp,concat_mlp,gradnorm_only,diversity,24594,concat_mlp,gradnorm_only,concat_mlp,0,1,True,0.9314482109948953,0.9499847730597676,gradnorm_only,0,-0.01853656206487231,26.0,30.0,gradnorm_only,0.0,-4.0,4.32672486320344,4.611768795973196,gradnorm_only,0.0,-0.2850439327697565,11.7,12.1,gradnorm_only,0.0,-0.40000000000000036,0.03670605779099934,0.04358479067011158,gradnorm_only,0,-0.00687873287911224,3.8514732331868826,4.017511131039055,gradnorm_only,0,-0.16603789785217238
yelp,concat_mlp,gradnorm_only,diversity,18930,concat_mlp,gradnorm_only,concat_mlp,0,1,True,0.8812143681556331,0.8357578507894374,concat_mlp,1,0.045456517366195714,31.0,27.0,concat_mlp,1.0,4.0,4.520970228554427,4.369166091391515,concat_mlp,1.0,0.1518041371629124,14.0,17.4,gradnorm_only,0.0,-3.3999999999999986,0.08710531614279272,0.10100712255906208,gradnorm_only,0,-0.013901806416269355,5.351805084536688,6.074392606820382,gradnorm_only,0,-0.7225875222836944
yelp,concat_mlp,gradnorm_only,diversity,81116,gradnorm_only,gradnorm_only,concat_mlp,1,0,True,0.9543826479721306,0.8855937390227936,concat_mlp,0,-0.06878890894933698,39.0,54.0,gradnorm_only,1.0,15.0,4.963402098405836,5.398479451952918,gradnorm_only,1.0,0.435077353547082,16.3,20.9,gradnorm_only,1.0,4.599999999999998,0.05270452927115229,0.06832918401636015,gradnorm_only,1,0.015624654745207862,4.47401207891627,6.440998984024508,gradnorm_only,1,1.9669869051082376
yelp,concat_mlp,gradnorm_only,diversity,78602,gradnorm_only,gradnorm_only,concat_mlp,1,0,True,0.9494810936577195,0.9330692381224813,concat_mlp,0,-0.016411855535238162,29.0,31.0,gradnorm_only,1.0,2.0,4.465077584342487,4.452319049799812,concat_mlp,0.0,-0.012758534542674838,14.4,13.0,concat_mlp,0.0,-1.4000000000000004,0.05759407095197229,0.05776229989535635,gradnorm_only,1,0.0001682289433840578,4.5275252881956,6.042074152516734,gradnorm_only,1,1.5145488643211342
yelp,concat_mlp,gradnorm_only,diversity,33987,gradnorm_only,gradnorm_only,concat_mlp,1,0,True,0.9185779074386982,0.9149985575834664,concat_mlp,0,-0.0035793498552317837,21.0,27.0,gradnorm_only,1.0,6.0,4.002701394334311,4.426162273553422,gradnorm_only,1.0,0.42346087921911124,11.8,12.9,gradnorm_only,1.0,1.0999999999999996,0.037439039521469444,0.10059645469160997,gradnorm_only,1,0.06315741517014052,3.179262381936671,4.586607955454951,gradnorm_only,1,1.4073455735182794
yelp,concat_mlp,gradnorm_only,diversity,362,concat_mlp,gradnorm_only,concat_mlp,0,1,True,0.9445053325690427,0.7956211604580075,concat_mlp,1,0.14888417211103522,26.0,19.0,concat_mlp,1.0,7.0,4.235448437472884,3.94256359378133,concat_mlp,1.0,0.29288484369155343,12.7,13.5,gradnorm_only,0.0,-0.8000000000000007,0.05006855021912701,0.08658084880910943,gradnorm_only,0,-0.03651229858998242,4.246945660057366,5.99721678485706,gradnorm_only,0,-1.7502711247996938
yelp,concat_mlp,gradnorm_only,diversity,90313,concat_mlp,gradnorm_only,concat_mlp,0,1,True,0.898727139970917,0.7544961641672783,concat_mlp,1,0.14423097580363875,29.0,23.0,concat_mlp,1.0,6.0,4.467660956898044,3.9302573228194713,concat_mlp,1.0,0.5374036340785726,14.2,16.2,gradnorm_only,0.0,-2.0,0.08758919231336167,0.16897833688599725,gradnorm_only,0,-0.08138914457263559,5.01767938306237,5.446630353898916,gradnorm_only,0,-0.42895097083654665
yelp,concat_mlp,gradnorm_only,diversity,1779,concat_mlp,gradnorm_only,concat_mlp,0,1,True,0.9304443184145421,0.8665439777535763,concat_mlp,1,0.06390034066096584,30.0,28.0,concat_mlp,1.0,2.0,4.484372820753984,4.39340996488017,concat_mlp,1.0,0.0909628558738147,13.1,14.2,gradnorm_only,0.0,-1.0999999999999996,0.0629748541470193,0.1062665826465838,gradnorm_only,0,-0.0432917284995645,4.4168419484988934,5.956262204626306,gradnorm_only,0,-1.5394202561274124
yelp,concat_mlp,gradnorm_only,diversity,58992,gradnorm_only,gradnorm_only,concat_mlp,1,0,True,0.9409255757075176,0.936601810559382,concat_mlp,0,-0.004323765148135594,26.0,37.0,gradnorm_only,1.0,11.0,4.250075316801687,4.865548177193445,gradnorm_only,1.0,0.6154728603917583,12.2,14.8,gradnorm_only,1.0,2.6000000000000014,0.05146101338340404,0.06169184301468501,gradnorm_only,1,0.010230829631280976,4.268018237572986,6.516378025526841,gradnorm_only,1,2.248359787953855
yelp,concat_mlp,gradnorm_only,diversity,37335,concat_mlp,gradnorm_only,concat_mlp,0,1,True,0.9050098715660666,0.8880244444066144,concat_mlp,1,0.01698542715945217,52.0,27.0,concat_mlp,1.0,25.0,5.358992202471736,4.325026896545276,concat_mlp,1.0,1.0339653059264604,20.1,13.1,concat_mlp,1.0,7.000000000000002,0.0728429344400758,0.08352614881186406,gradnorm_only,0,-0.010683214371788263,6.5746543018580965,6.182058188422958,concat_mlp,1,0.3925961134351388
yelp,concat_mlp,gradnorm_only,diversity,66818,concat_mlp,gradnorm_only,concat_mlp,0,1,True,0.9054251484496253,0.8689034199606103,concat_mlp,1,0.036521728489015026,32.0,16.0,concat_mlp,1.0,16.0,4.6349899593311,3.5628955435663965,concat_mlp,1.0,1.0720944157647034,17.2,11.6,concat_mlp,1.0,5.6,0.0832357486393525,0.08229899093171027,concat_mlp,1,0.0009367577076422329,5.364921642410307,5.344004506357728,concat_mlp,1,0.020917136052578833
yelp,concat_mlp,gradnorm_only,diversity,83855,concat_mlp,gradnorm_only,concat_mlp,0,1,True,0.9173120818572099,0.8814160205797021,concat_mlp,1,0.035896061277507774,32.0,23.0,concat_mlp,1.0,9.0,4.7084573552056845,3.992778107459938,concat_mlp,1.0,0.7156792477457463,14.4,9.7,concat_mlp,1.0,4.700000000000001,0.047260168283586354,0.03953948225976709,concat_mlp,1,0.0077206860238192634,3.677195481771411,4.4561277352921715,gradnorm_only,0,-0.7789322535207606
yelp,concat_mlp,gradnorm_only,diversity,17415,concat_mlp,gradnorm_only,concat_mlp,0,1,True,0.8872718468339618,0.8717090744860888,concat_mlp,1,0.015562772347872955,25.0,29.0,gradnorm_only,0.0,-4.0,4.2595682659220415,4.418833991324552,gradnorm_only,0.0,-0.15926572540251005,12.4,13.8,gradnorm_only,0.0,-1.4000000000000004,0.09029766519204252,0.07842826082299231,concat_mlp,1,0.011869404369050207,5.200167684478044,5.7359384026974585,gradnorm_only,0,-0.5357707182194149
yelp,concat_mlp,gradnorm_only,diversity,45970,concat_mlp,gradnorm_only,concat_mlp,0,1,True,0.9551277838504016,0.9088452743857861,concat_mlp,1,0.04628250946461554,29.0,26.0,concat_mlp,1.0,3.0,4.489213200706534,4.286370130156181,concat_mlp,1.0,0.20284307055035367,13.7,14.8,gradnorm_only,0.0,-1.1000000000000014,0.02653798544358765,0.028493112916047777,gradnorm_only,0,-0.0019551274724601275,4.19064066257966,6.089675530143159,gradnorm_only,0,-1.8990348675634996
yelp,concat_mlp,gradnorm_only,diversity,13763,gradnorm_only,gradnorm_only,concat_mlp,1,0,True,0.907676384676131,0.8459225830081041,concat_mlp,0,-0.06175380166802691,18.0,25.0,gradnorm_only,1.0,7.0,3.730855395239781,4.230358405772797,gradnorm_only,1.0,0.4995030105330165,12.3,12.0,concat_mlp,0.0,-0.3000000000000007,0.08949259036431757,0.08981548706383302,gradnorm_only,1,0.00032289669951544864,3.7993312153915584,4.334542342941914,gradnorm_only,1,0.5352111275503555
yelp,concat_mlp,gradnorm_only,diversity,78002,gradnorm_only,gradnorm_only,concat_mlp,1,0,True,0.9332199689241846,0.9058608916297343,concat_mlp,0,-0.027359077294450307,20.0,35.0,gradnorm_only,1.0,15.0,3.8914460711655217,4.780418149928216,gradnorm_only,1.0,0.888972078762694,12.1,17.9,gradnorm_only,1.0,5.799999999999999,0.05915597195589083,0.06756859719637727,gradnorm_only,1,0.008412625240486436,4.132845339853654,4.426691188777848,gradnorm_only,1,0.2938458489241942
yelp,concat_mlp,gradnorm_only,diversity,47816,concat_mlp,gradnorm_only,concat_mlp,0,1,True,0.906646728201848,0.810195962108938,concat_mlp,1,0.09645076609291003,37.0,14.0,concat_mlp,1.0,23.0,4.883488614899737,3.543137170091115,concat_mlp,1.0,1.340351444808622,14.6,12.7,concat_mlp,1.0,1.9000000000000004,0.0804175947668926,0.10777953937178507,gradnorm_only,0,-0.02736194460489247,4.500862089429645,3.0547889716778025,concat_mlp,1,1.4460731177518422
yelp,concat_mlp,gradnorm_only,diversity,83363,concat_mlp,gradnorm_only,concat_mlp,0,1,True,0.833247242072648,0.817204858052234,concat_mlp,1,0.016042384020414024,34.0,30.0,concat_mlp,1.0,4.0,4.738608500731241,4.435755433941627,concat_mlp,1.0,0.30285306678961366,16.3,13.9,concat_mlp,1.0,2.4000000000000004,0.1532895193376796,0.18979543858299242,gradnorm_only,0,-0.03650591924531282,4.713318962772416,5.062684960902371,gradnorm_only,0,-0.3493659981299553
yelp,concat_mlp,gradnorm_only,diversity,61591,gradnorm_only,gradnorm_only,concat_mlp,1,0,True,0.8771022854600661,0.8822775932363733,gradnorm_only,1,0.005175307776307259,35.0,67.0,gradnorm_only,1.0,32.0,4.686994464322286,5.636431183059768,gradnorm_only,1.0,0.9494367187374824,17.2,23.0,gradnorm_only,1.0,5.800000000000001,0.07924377496416429,0.07711971454774162,concat_mlp,0,-0.002124060416422671,5.647646320105222,6.581361205645789,gradnorm_only,1,0.9337148855405664
yelp,concat_mlp,gradnorm_only,diversity,51956,gradnorm_only,gradnorm_only,concat_mlp,1,0,True,0.904073330094193,0.9264491020704105,gradnorm_only,1,0.02237577197621754,32.0,58.0,gradnorm_only,1.0,26.0,4.540677064198123,5.54107219099905,gradnorm_only,1.0,1.0003951268009272,13.9,17.9,gradnorm_only,1.0,3.9999999999999982,0.0740082628889244,0.10086887078429015,gradnorm_only,1,0.02686060789536575,6.224203261090361,7.045347318614979,gradnorm_only,1,0.8211440575246183
yelp,concat_mlp,gradnorm_only,diversity,34176,gradnorm_only,gradnorm_only,concat_mlp,1,0,True,0.9117551415691273,0.936849742597695,gradnorm_only,1,0.025094601028567753,25.0,36.0,gradnorm_only,1.0,11.0,4.262758923112445,4.812272812808844,gradnorm_only,1.0,0.5495138896963994,13.5,13.6,gradnorm_only,1.0,0.09999999999999964,0.08098617135645185,0.07233771074751993,concat_mlp,0,-0.008648460608931915,4.731450368226478,6.02011875383899,gradnorm_only,1,1.288668385612512
yelp,concat_mlp,gradnorm_only,diversity,88044,gradnorm_only,gradnorm_only,concat_mlp,1,0,True,0.8131145218606439,0.8911141758520728,gradnorm_only,1,0.07799965399142883,35.0,61.0,gradnorm_only,1.0,26.0,4.781833066041455,5.58438475175888,gradnorm_only,1.0,0.8025516857174253,19.0,21.8,gradnorm_only,1.0,2.8000000000000007,0.1228843005583193,0.10482799874918569,concat_mlp,0,-0.018056301809133604,6.525549151519473,6.883476659028335,gradnorm_only,1,0.3579275075088617
yelp,concat_mlp,gradnorm_only,diversity,797,concat_mlp,gradnorm_only,concat_mlp,0,1,True,0.9564195576690624,0.7563053719671684,concat_mlp,1,0.200114185701894,44.0,18.0,concat_mlp,1.0,26.0,5.137602043731117,3.5630573888904165,concat_mlp,1.0,1.5745446548407003,17.9,11.7,concat_mlp,1.0,6.199999999999999,0.05399032861416757,0.16423811490829385,gradnorm_only,0,-0.11024778629412628,3.5932773290401827,3.713988293215702,gradnorm_only,0,-0.1207109641755193
yelp,concat_mlp,gradnorm_only,diversity,23067,gradnorm_only,gradnorm_only,concat_mlp,1,0,True,0.8767586359948824,0.7405354815127799,concat_mlp,0,-0.13622315448210243,22.0,27.0,gradnorm_only,1.0,5.0,4.0709505944546684,4.2661327293772775,gradnorm_only,1.0,0.19518213492260905,11.6,15.6,gradnorm_only,1.0,4.0,0.13563020254044644,0.20726655702509908,gradnorm_only,1,0.07163635448465264,4.035686814891188,5.332383246753554,gradnorm_only,1,1.2966964318623653
yelp,concat_mlp,gradnorm_only,diversity,94832,concat_mlp,gradnorm_only,concat_mlp,0,1,True,0.8838231059406224,0.8978824441435796,gradnorm_only,0,-0.014059338202957239,42.0,32.0,concat_mlp,1.0,10.0,5.003701696057348,4.614605144924189,concat_mlp,1.0,0.389096551133159,19.6,14.5,concat_mlp,1.0,5.100000000000001,0.07799991426034587,0.07180109072206034,concat_mlp,1,0.006198823538285533,4.677626847635734,5.3165858315209436,gradnorm_only,0,-0.6389589838852094
yelp,concat_mlp,gradnorm_only,diversity,73732,concat_mlp,gradnorm_only,concat_mlp,0,1,True,0.9068946531681271,0.8184952703195554,concat_mlp,1,0.08839938284857174,27.0,24.0,concat_mlp,1.0,3.0,4.349275070710715,4.155498040834077,concat_mlp,1.0,0.19377702987663792,13.2,11.2,concat_mlp,1.0,2.0,0.09853909644707366,0.13722697107823775,gradnorm_only,0,-0.03868787463116409,4.648647670806239,5.130486618591109,gradnorm_only,0,-0.4818389477848699
yelp,concat_mlp,gradnorm_only,diversity,97264,gradnorm_only,gradnorm_only,concat_mlp,1,0,True,0.9257421943012973,0.8734685516928244,concat_mlp,0,-0.05227364260847289,36.0,62.0,gradnorm_only,1.0,26.0,4.809808796515998,5.551474941315671,gradnorm_only,1.0,0.7416661447996731,14.2,22.6,gradnorm_only,1.0,8.400000000000002,0.08430757776015721,0.1172894020779226,gradnorm_only,1,0.03298182431776539,5.523787787162411,6.777500175722007,gradnorm_only,1,1.2537123885595953
yelp,concat_mlp,gradnorm_only,diversity,20211,concat_mlp,gradnorm_only,concat_mlp,0,1,True,0.8724801315366637,0.8207089167590611,concat_mlp,1,0.0517712147776026,32.0,33.0,gradnorm_only,0.0,-1.0,4.608095716770613,4.624356037593426,gradnorm_only,0.0,-0.0162603208228127,15.9,17.4,gradnorm_only,0.0,-1.4999999999999982,0.11842478344370362,0.14584140498908985,gradnorm_only,0,-0.027416621545386224,5.291026512529024,5.628629365421351,gradnorm_only,0,-0.33760285289232694
yelp,concat_mlp,gradnorm_only,diversity,5457,concat_mlp,gradnorm_only,concat_mlp,0,1,True,0.8778644559498219,0.82738338692547,concat_mlp,1,0.0504810690243519,33.0,24.0,concat_mlp,1.0,9.0,4.723856189774724,4.10752381283357,concat_mlp,1.0,0.6163323769411546,12.4,11.9,concat_mlp,1.0,0.5,0.10589508510164905,0.12751647511043218,gradnorm_only,0,-0.02162139000878313,3.783969824325068,4.383275665779641,gradnorm_only,0,-0.5993058414545724
yelp,concat_mlp,gradnorm_only,novelty,24594,gradnorm_only,gradnorm_only,concat_mlp,1,0,True,0.9314482109948953,0.9499847730597676,gradnorm_only,1,0.01853656206487231,26.0,30.0,gradnorm_only,1.0,4.0,4.32672486320344,4.611768795973196,gradnorm_only,1.0,0.2850439327697565,11.7,12.1,gradnorm_only,1.0,0.40000000000000036,0.03670605779099934,0.04358479067011158,gradnorm_only,1,0.00687873287911224,3.8514732331868826,4.017511131039055,gradnorm_only,1,0.16603789785217238
yelp,concat_mlp,gradnorm_only,novelty,78602,gradnorm_only,gradnorm_only,concat_mlp,1,0,True,0.9494810936577195,0.9330692381224813,concat_mlp,0,-0.016411855535238162,29.0,31.0,gradnorm_only,1.0,2.0,4.465077584342487,4.452319049799812,concat_mlp,0.0,-0.012758534542674838,14.4,13.0,concat_mlp,0.0,-1.4000000000000004,0.05759407095197229,0.05776229989535635,gradnorm_only,1,0.0001682289433840578,4.5275252881956,6.042074152516734,gradnorm_only,1,1.5145488643211342
yelp,concat_mlp,gradnorm_only,novelty,33987,gradnorm_only,gradnorm_only,concat_mlp,1,0,True,0.9185779074386982,0.9149985575834664,concat_mlp,0,-0.0035793498552317837,21.0,27.0,gradnorm_only,1.0,6.0,4.002701394334311,4.426162273553422,gradnorm_only,1.0,0.42346087921911124,11.8,12.9,gradnorm_only,1.0,1.0999999999999996,0.037439039521469444,0.10059645469160997,gradnorm_only,1,0.06315741517014052,3.179262381936671,4.586607955454951,gradnorm_only,1,1.4073455735182794
yelp,concat_mlp,gradnorm_only,novelty,362,concat_mlp,gradnorm_only,concat_mlp,0,1,True,0.9445053325690427,0.7956211604580075,concat_mlp,1,0.14888417211103522,26.0,19.0,concat_mlp,1.0,7.0,4.235448437472884,3.94256359378133,concat_mlp,1.0,0.29288484369155343,12.7,13.5,gradnorm_only,0.0,-0.8000000000000007,0.05006855021912701,0.08658084880910943,gradnorm_only,0,-0.03651229858998242,4.246945660057366,5.99721678485706,gradnorm_only,0,-1.7502711247996938
yelp,concat_mlp,gradnorm_only,novelty,92790,concat_mlp,gradnorm_only,concat_mlp,0,1,True,0.9442041322909948,0.8840531395802123,concat_mlp,1,0.0601509927107825,35.0,34.0,concat_mlp,1.0,1.0,4.749922332557376,4.670717305549791,concat_mlp,1.0,0.07920502700758547,14.3,15.7,gradnorm_only,0.0,-1.3999999999999986,0.05764757532632105,0.0846207381740927,gradnorm_only,0,-0.026973162847771646,5.212247876902448,5.652681242044457,gradnorm_only,0,-0.4404333651420087
yelp,concat_mlp,gradnorm_only,novelty,1779,concat_mlp,gradnorm_only,concat_mlp,0,1,True,0.9304443184145421,0.8665439777535763,concat_mlp,1,0.06390034066096584,30.0,28.0,concat_mlp,1.0,2.0,4.484372820753984,4.39340996488017,concat_mlp,1.0,0.0909628558738147,13.1,14.2,gradnorm_only,0.0,-1.0999999999999996,0.0629748541470193,0.1062665826465838,gradnorm_only,0,-0.0432917284995645,4.4168419484988934,5.956262204626306,gradnorm_only,0,-1.5394202561274124
yelp,concat_mlp,gradnorm_only,novelty,79676,gradnorm_only,gradnorm_only,concat_mlp,1,0,True,0.9257413710762548,0.8791563113277846,concat_mlp,0,-0.04658505974847016,27.0,29.0,gradnorm_only,1.0,2.0,4.30130677156408,4.496037706877015,gradnorm_only,1.0,0.1947309353129354,14.6,15.3,gradnorm_only,1.0,0.7000000000000011,0.06339981499832271,0.07321649411396336,gradnorm_only,1,0.009816679115640645,4.963770696050285,5.830463224318757,gradnorm_only,1,0.8666925282684721
yelp,concat_mlp,gradnorm_only,novelty,58992,gradnorm_only,gradnorm_only,concat_mlp,1,0,True,0.9409255757075176,0.936601810559382,concat_mlp,0,-0.004323765148135594,26.0,37.0,gradnorm_only,1.0,11.0,4.250075316801687,4.865548177193445,gradnorm_only,1.0,0.6154728603917583,12.2,14.8,gradnorm_only,1.0,2.6000000000000014,0.05146101338340404,0.06169184301468501,gradnorm_only,1,0.010230829631280976,4.268018237572986,6.516378025526841,gradnorm_only,1,2.248359787953855
yelp,concat_mlp,gradnorm_only,novelty,37335,concat_mlp,gradnorm_only,concat_mlp,0,1,True,0.9050098715660666,0.8880244444066144,concat_mlp,1,0.01698542715945217,52.0,27.0,concat_mlp,1.0,25.0,5.358992202471736,4.325026896545276,concat_mlp,1.0,1.0339653059264604,20.1,13.1,concat_mlp,1.0,7.000000000000002,0.0728429344400758,0.08352614881186406,gradnorm_only,0,-0.010683214371788263,6.5746543018580965,6.182058188422958,concat_mlp,1,0.3925961134351388
yelp,concat_mlp,gradnorm_only,novelty,83855,concat_mlp,gradnorm_only,concat_mlp,0,1,True,0.9173120818572099,0.8814160205797021,concat_mlp,1,0.035896061277507774,32.0,23.0,concat_mlp,1.0,9.0,4.7084573552056845,3.992778107459938,concat_mlp,1.0,0.7156792477457463,14.4,9.7,concat_mlp,1.0,4.700000000000001,0.047260168283586354,0.03953948225976709,concat_mlp,1,0.0077206860238192634,3.677195481771411,4.4561277352921715,gradnorm_only,0,-0.7789322535207606
yelp,concat_mlp,gradnorm_only,novelty,68812,concat_mlp,gradnorm_only,concat_mlp,0,1,True,0.9191645705210376,0.8028766239513594,concat_mlp,1,0.11628794656967822,27.0,31.0,gradnorm_only,0.0,-4.0,4.4148325477994685,4.590113614491535,gradnorm_only,0.0,-0.1752810666920661,12.4,12.9,gradnorm_only,0.0,-0.5,0.0756443295211518,0.11126672418895144,gradnorm_only,0,-0.03562239466779964,4.265640530933146,4.30616223632623,gradnorm_only,0,-0.04052170539308442
yelp,concat_mlp,gradnorm_only,novelty,17415,gradnorm_only,gradnorm_only,concat_mlp,1,0,True,0.8872718468339618,0.8717090744860888,concat_mlp,0,-0.015562772347872955,25.0,29.0,gradnorm_only,1.0,4.0,4.2595682659220415,4.418833991324552,gradnorm_only,1.0,0.15926572540251005,12.4,13.8,gradnorm_only,1.0,1.4000000000000004,0.09029766519204252,0.07842826082299231,concat_mlp,0,-0.011869404369050207,5.200167684478044,5.7359384026974585,gradnorm_only,1,0.5357707182194149
yelp,concat_mlp,gradnorm_only,novelty,45970,concat_mlp,gradnorm_only,concat_mlp,0,1,True,0.9551277838504016,0.9088452743857861,concat_mlp,1,0.04628250946461554,29.0,26.0,concat_mlp,1.0,3.0,4.489213200706534,4.286370130156181,concat_mlp,1.0,0.20284307055035367,13.7,14.8,gradnorm_only,0.0,-1.1000000000000014,0.02653798544358765,0.028493112916047777,gradnorm_only,0,-0.0019551274724601275,4.19064066257966,6.089675530143159,gradnorm_only,0,-1.8990348675634996
yelp,concat_mlp,gradnorm_only,novelty,13763,concat_mlp,gradnorm_only,concat_mlp,0,1,True,0.907676384676131,0.8459225830081041,concat_mlp,1,0.06175380166802691,18.0,25.0,gradnorm_only,0.0,-7.0,3.730855395239781,4.230358405772797,gradnorm_only,0.0,-0.4995030105330165,12.3,12.0,concat_mlp,1.0,0.3000000000000007,0.08949259036431757,0.08981548706383302,gradnorm_only,0,-0.00032289669951544864,3.7993312153915584,4.334542342941914,gradnorm_only,0,-0.5352111275503555
yelp,concat_mlp,gradnorm_only,novelty,15173,concat_mlp,gradnorm_only,concat_mlp,0,1,True,0.8789195271142662,0.8188947076133368,concat_mlp,1,0.060024819500929416,27.0,28.0,gradnorm_only,0.0,-1.0,4.307117985122875,4.320694094905527,gradnorm_only,0.0,-0.01357610978265189,14.6,13.6,concat_mlp,1.0,1.0,0.13195316851039815,0.13347749641547707,gradnorm_only,0,-0.0015243279050789205,5.620751469882618,6.071097170176406,gradnorm_only,0,-0.45034570029378784
yelp,concat_mlp,gradnorm_only,novelty,78002,gradnorm_only,gradnorm_only,concat_mlp,1,0,True,0.9332199689241846,0.9058608916297343,concat_mlp,0,-0.027359077294450307,20.0,35.0,gradnorm_only,1.0,15.0,3.8914460711655217,4.780418149928216,gradnorm_only,1.0,0.888972078762694,12.1,17.9,gradnorm_only,1.0,5.799999999999999,0.05915597195589083,0.06756859719637727,gradnorm_only,1,0.008412625240486436,4.132845339853654,4.426691188777848,gradnorm_only,1,0.2938458489241942
yelp,concat_mlp,gradnorm_only,novelty,47816,concat_mlp,gradnorm_only,concat_mlp,0,1,True,0.906646728201848,0.810195962108938,concat_mlp,1,0.09645076609291003,37.0,14.0,concat_mlp,1.0,23.0,4.883488614899737,3.543137170091115,concat_mlp,1.0,1.340351444808622,14.6,12.7,concat_mlp,1.0,1.9000000000000004,0.0804175947668926,0.10777953937178507,gradnorm_only,0,-0.02736194460489247,4.500862089429645,3.0547889716778025,concat_mlp,1,1.4460731177518422
yelp,concat_mlp,gradnorm_only,novelty,83363,concat_mlp,gradnorm_only,concat_mlp,0,1,True,0.833247242072648,0.817204858052234,concat_mlp,1,0.016042384020414024,34.0,30.0,concat_mlp,1.0,4.0,4.738608500731241,4.435755433941627,concat_mlp,1.0,0.30285306678961366,16.3,13.9,concat_mlp,1.0,2.4000000000000004,0.1532895193376796,0.18979543858299242,gradnorm_only,0,-0.03650591924531282,4.713318962772416,5.062684960902371,gradnorm_only,0,-0.3493659981299553
yelp,concat_mlp,gradnorm_only,novelty,61591,gradnorm_only,gradnorm_only,concat_mlp,1,0,True,0.8771022854600661,0.8822775932363733,gradnorm_only,1,0.005175307776307259,35.0,67.0,gradnorm_only,1.0,32.0,4.686994464322286,5.636431183059768,gradnorm_only,1.0,0.9494367187374824,17.2,23.0,gradnorm_only,1.0,5.800000000000001,0.07924377496416429,0.07711971454774162,concat_mlp,0,-0.002124060416422671,5.647646320105222,6.581361205645789,gradnorm_only,1,0.9337148855405664
yelp,concat_mlp,gradnorm_only,novelty,51956,gradnorm_only,gradnorm_only,concat_mlp,1,0,True,0.904073330094193,0.9264491020704105,gradnorm_only,1,0.02237577197621754,32.0,58.0,gradnorm_only,1.0,26.0,4.540677064198123,5.54107219099905,gradnorm_only,1.0,1.0003951268009272,13.9,17.9,gradnorm_only,1.0,3.9999999999999982,0.0740082628889244,0.10086887078429015,gradnorm_only,1,0.02686060789536575,6.224203261090361,7.045347318614979,gradnorm_only,1,0.8211440575246183
yelp,concat_mlp,gradnorm_only,novelty,34176,gradnorm_only,gradnorm_only,concat_mlp,1,0,True,0.9117551415691273,0.936849742597695,gradnorm_only,1,0.025094601028567753,25.0,36.0,gradnorm_only,1.0,11.0,4.262758923112445,4.812272812808844,gradnorm_only,1.0,0.5495138896963994,13.5,13.6,gradnorm_only,1.0,0.09999999999999964,0.08098617135645185,0.07233771074751993,concat_mlp,0,-0.008648460608931915,4.731450368226478,6.02011875383899,gradnorm_only,1,1.288668385612512
yelp,concat_mlp,gradnorm_only,novelty,88044,gradnorm_only,gradnorm_only,concat_mlp,1,0,True,0.8131145218606439,0.8911141758520728,gradnorm_only,1,0.07799965399142883,35.0,61.0,gradnorm_only,1.0,26.0,4.781833066041455,5.58438475175888,gradnorm_only,1.0,0.8025516857174253,19.0,21.8,gradnorm_only,1.0,2.8000000000000007,0.1228843005583193,0.10482799874918569,concat_mlp,0,-0.018056301809133604,6.525549151519473,6.883476659028335,gradnorm_only,1,0.3579275075088617
yelp,concat_mlp,gradnorm_only,novelty,797,concat_mlp,gradnorm_only,concat_mlp,0,1,True,0.9564195576690624,0.7563053719671684,concat_mlp,1,0.200114185701894,44.0,18.0,concat_mlp,1.0,26.0,5.137602043731117,3.5630573888904165,concat_mlp,1.0,1.5745446548407003,17.9,11.7,concat_mlp,1.0,6.199999999999999,0.05399032861416757,0.16423811490829385,gradnorm_only,0,-0.11024778629412628,3.5932773290401827,3.713988293215702,gradnorm_only,0,-0.1207109641755193
yelp,concat_mlp,gradnorm_only,novelty,23067,gradnorm_only,gradnorm_only,concat_mlp,1,0,True,0.8767586359948824,0.7405354815127799,concat_mlp,0,-0.13622315448210243,22.0,27.0,gradnorm_only,1.0,5.0,4.0709505944546684,4.2661327293772775,gradnorm_only,1.0,0.19518213492260905,11.6,15.6,gradnorm_only,1.0,4.0,0.13563020254044644,0.20726655702509908,gradnorm_only,1,0.07163635448465264,4.035686814891188,5.332383246753554,gradnorm_only,1,1.2966964318623653
yelp,concat_mlp,gradnorm_only,novelty,4565,gradnorm_only,gradnorm_only,concat_mlp,1,0,True,0.8127620202767043,0.7846275422119984,concat_mlp,0,-0.028134478064705926,26.0,28.0,gradnorm_only,1.0,2.0,4.308647310430094,4.295616567528032,concat_mlp,0.0,-0.013030742902062187,17.0,15.4,concat_mlp,0.0,-1.5999999999999996,0.18273519024044949,0.19854609877873208,gradnorm_only,1,0.015810908538282598,4.736419800657184,5.37961449809676,gradnorm_only,1,0.6431946974395766
yelp,concat_mlp,gradnorm_only,novelty,92688,concat_mlp,gradnorm_only,concat_mlp,0,1,True,0.9339097645458042,0.8963808578943046,concat_mlp,1,0.03752890665149966,34.0,58.0,gradnorm_only,0.0,-24.0,4.677944218869905,5.53352811023413,gradnorm_only,0.0,-0.8555838913642244,13.9,23.9,gradnorm_only,0.0,-9.999999999999998,0.06281289987408557,0.07699688997359401,gradnorm_only,0,-0.014183990099508437,5.15256049977989,6.707831288528398,gradnorm_only,0,-1.5552707887485084
yelp,concat_mlp,gradnorm_only,novelty,88855,concat_mlp,gradnorm_only,concat_mlp,0,1,True,0.8381803265620914,0.8242567588123267,concat_mlp,1,0.013923567749764665,29.0,28.0,concat_mlp,1.0,1.0,4.37970604880628,4.37256074160895,concat_mlp,1.0,0.007145307197329309,14.5,13.2,concat_mlp,1.0,1.3000000000000007,0.13358987463669325,0.12875808052454904,concat_mlp,1,0.004831794112144211,4.7103299094736855,6.108345756365248,gradnorm_only,0,-1.3980158468915622
yelp,concat_mlp,gradnorm_only,novelty,73732,concat_mlp,gradnorm_only,concat_mlp,0,1,True,0.9068946531681271,0.8184952703195554,concat_mlp,1,0.08839938284857174,27.0,24.0,concat_mlp,1.0,3.0,4.349275070710715,4.155498040834077,concat_mlp,1.0,0.19377702987663792,13.2,11.2,concat_mlp,1.0,2.0,0.09853909644707366,0.13722697107823775,gradnorm_only,0,-0.03868787463116409,4.648647670806239,5.130486618591109,gradnorm_only,0,-0.4818389477848699
yelp,concat_mlp,gradnorm_only,novelty,64669,concat_mlp,gradnorm_only,concat_mlp,0,1,True,0.8875969520216814,0.8943922960002105,gradnorm_only,0,-0.0067953439785291,28.0,33.0,gradnorm_only,0.0,-5.0,4.336526894582073,4.4877044943098365,gradnorm_only,0.0,-0.15117759972776312,14.6,15.0,gradnorm_only,0.0,-0.40000000000000036,0.0815523051005862,0.0889212942688663,gradnorm_only,0,-0.0073689891682801045,5.5145658398252015,5.291482031525346,concat_mlp,1,0.2230838082998554
yelp,concat_mlp,gradnorm_only,novelty,5457,concat_mlp,gradnorm_only,concat_mlp,0,1,True,0.8778644559498219,0.82738338692547,concat_mlp,1,0.0504810690243519,33.0,24.0,concat_mlp,1.0,9.0,4.723856189774724,4.10752381283357,concat_mlp,1.0,0.6163323769411546,12.4,11.9,concat_mlp,1.0,0.5,0.10589508510164905,0.12751647511043218,gradnorm_only,0,-0.02162139000878313,3.783969824325068,4.383275665779641,gradnorm_only,0,-0.5993058414545724
yelp,concat_mlp,gradnorm_only,novelty,74193,gradnorm_only,gradnorm_only,concat_mlp,1,0,True,0.7838601556226207,0.7293845715979568,concat_mlp,0,-0.0544755840246639,23.0,24.0,gradnorm_only,1.0,1.0,4.106536013653885,4.072695382172511,concat_mlp,0.0,-0.033840631481374395,15.2,14.1,concat_mlp,0.0,-1.0999999999999996,0.17713631572261768,0.1792567036837194,gradnorm_only,1,0.0021203879611017273,5.471257203377581,6.662523885600547,gradnorm_only,1,1.1912666822229658
yelp,concat_mlp,gradnorm_only,relevance,18930,gradnorm_only,gradnorm_only,concat_mlp,1,0,True,0.8812143681556331,0.8357578507894374,concat_mlp,0,-0.045456517366195714,31.0,27.0,concat_mlp,0.0,-4.0,4.520970228554427,4.369166091391515,concat_mlp,0.0,-0.1518041371629124,14.0,17.4,gradnorm_only,1.0,3.3999999999999986,0.08710531614279272,0.10100712255906208,gradnorm_only,1,0.013901806416269355,5.351805084536688,6.074392606820382,gradnorm_only,1,0.7225875222836944
yelp,concat_mlp,gradnorm_only,relevance,78602,concat_mlp,gradnorm_only,concat_mlp,0,1,True,0.9494810936577195,0.9330692381224813,concat_mlp,1,0.016411855535238162,29.0,31.0,gradnorm_only,0.0,-2.0,4.465077584342487,4.452319049799812,concat_mlp,1.0,0.012758534542674838,14.4,13.0,concat_mlp,1.0,1.4000000000000004,0.05759407095197229,0.05776229989535635,gradnorm_only,0,-0.0001682289433840578,4.5275252881956,6.042074152516734,gradnorm_only,0,-1.5145488643211342
yelp,concat_mlp,gradnorm_only,relevance,362,gradnorm_only,gradnorm_only,concat_mlp,1,0,True,0.9445053325690427,0.7956211604580075,concat_mlp,0,-0.14888417211103522,26.0,19.0,concat_mlp,0.0,-7.0,4.235448437472884,3.94256359378133,concat_mlp,0.0,-0.29288484369155343,12.7,13.5,gradnorm_only,1.0,0.8000000000000007,0.05006855021912701,0.08658084880910943,gradnorm_only,1,0.03651229858998242,4.246945660057366,5.99721678485706,gradnorm_only,1,1.7502711247996938
yelp,concat_mlp,gradnorm_only,relevance,90313,gradnorm_only,gradnorm_only,concat_mlp,1,0,True,0.898727139970917,0.7544961641672783,concat_mlp,0,-0.14423097580363875,29.0,23.0,concat_mlp,0.0,-6.0,4.467660956898044,3.9302573228194713,concat_mlp,0.0,-0.5374036340785726,14.2,16.2,gradnorm_only,1.0,2.0,0.08758919231336167,0.16897833688599725,gradnorm_only,1,0.08138914457263559,5.01767938306237,5.446630353898916,gradnorm_only,1,0.42895097083654665
yelp,concat_mlp,gradnorm_only,relevance,46092,concat_mlp,gradnorm_only,concat_mlp,0,1,True,0.8971144334940866,0.8767593547108288,concat_mlp,1,0.02035507878325782,33.0,44.0,gradnorm_only,0.0,-11.0,4.690542241765325,5.155072017616527,gradnorm_only,0.0,-0.4645297758512017,14.8,23.0,gradnorm_only,0.0,-8.2,0.06027408133405854,0.08232285289006258,gradnorm_only,0,-0.022048771556004043,4.046864732382523,5.601312680718371,gradnorm_only,0,-1.5544479483358478
yelp,concat_mlp,gradnorm_only,relevance,1779,gradnorm_only,gradnorm_only,concat_mlp,1,0,True,0.9304443184145421,0.8665439777535763,concat_mlp,0,-0.06390034066096584,30.0,28.0,concat_mlp,0.0,-2.0,4.484372820753984,4.39340996488017,concat_mlp,0.0,-0.0909628558738147,13.1,14.2,gradnorm_only,1.0,1.0999999999999996,0.0629748541470193,0.1062665826465838,gradnorm_only,1,0.0432917284995645,4.4168419484988934,5.956262204626306,gradnorm_only,1,1.5394202561274124
yelp,concat_mlp,gradnorm_only,relevance,79676,concat_mlp,gradnorm_only,concat_mlp,0,1,True,0.9257413710762548,0.8791563113277846,concat_mlp,1,0.04658505974847016,27.0,29.0,gradnorm_only,0.0,-2.0,4.30130677156408,4.496037706877015,gradnorm_only,0.0,-0.1947309353129354,14.6,15.3,gradnorm_only,0.0,-0.7000000000000011,0.06339981499832271,0.07321649411396336,gradnorm_only,0,-0.009816679115640645,4.963770696050285,5.830463224318757,gradnorm_only,0,-0.8666925282684721
yelp,concat_mlp,gradnorm_only,relevance,58992,gradnorm_only,gradnorm_only,concat_mlp,1,0,True,0.9409255757075176,0.936601810559382,concat_mlp,0,-0.004323765148135594,26.0,37.0,gradnorm_only,1.0,11.0,4.250075316801687,4.865548177193445,gradnorm_only,1.0,0.6154728603917583,12.2,14.8,gradnorm_only,1.0,2.6000000000000014,0.05146101338340404,0.06169184301468501,gradnorm_only,1,0.010230829631280976,4.268018237572986,6.516378025526841,gradnorm_only,1,2.248359787953855
yelp,concat_mlp,gradnorm_only,relevance,93796,gradnorm_only,gradnorm_only,concat_mlp,1,0,True,0.926572636074106,0.8253470390868318,concat_mlp,0,-0.10122559698727418,36.0,28.0,concat_mlp,0.0,-8.0,4.741009150817866,4.3933834148403434,concat_mlp,0.0,-0.34762573597752233,13.1,13.5,gradnorm_only,1.0,0.40000000000000036,0.07015452113560912,0.1161644637690083,gradnorm_only,1,0.04600994263339918,4.247108521384995,4.850626907083172,gradnorm_only,1,0.6035183856981776
yelp,concat_mlp,gradnorm_only,relevance,45970,gradnorm_only,gradnorm_only,concat_mlp,1,0,True,0.9551277838504016,0.9088452743857861,concat_mlp,0,-0.04628250946461554,29.0,26.0,concat_mlp,0.0,-3.0,4.489213200706534,4.286370130156181,concat_mlp,0.0,-0.20284307055035367,13.7,14.8,gradnorm_only,1.0,1.1000000000000014,0.02653798544358765,0.028493112916047777,gradnorm_only,1,0.0019551274724601275,4.19064066257966,6.089675530143159,gradnorm_only,1,1.8990348675634996
yelp,concat_mlp,gradnorm_only,relevance,9482,concat_mlp,gradnorm_only,concat_mlp,0,1,True,0.860067872114771,0.8717707140691584,gradnorm_only,0,-0.011702841954387422,30.0,51.0,gradnorm_only,0.0,-21.0,4.53311540744139,5.311300227277554,gradnorm_only,0.0,-0.7781848198361638,15.6,20.3,gradnorm_only,0.0,-4.700000000000001,0.0985761023945084,0.08610881050429536,concat_mlp,1,0.012467291890213034,5.287763592726426,5.018458351271165,concat_mlp,1,0.26930524145526125
yelp,concat_mlp,gradnorm_only,relevance,78002,gradnorm_only,gradnorm_only,concat_mlp,1,0,True,0.9332199689241846,0.9058608916297343,concat_mlp,0,-0.027359077294450307,20.0,35.0,gradnorm_only,1.0,15.0,3.8914460711655217,4.780418149928216,gradnorm_only,1.0,0.888972078762694,12.1,17.9,gradnorm_only,1.0,5.799999999999999,0.05915597195589083,0.06756859719637727,gradnorm_only,1,0.008412625240486436,4.132845339853654,4.426691188777848,gradnorm_only,1,0.2938458489241942
yelp,concat_mlp,gradnorm_only,relevance,83363,gradnorm_only,gradnorm_only,concat_mlp,1,0,True,0.833247242072648,0.817204858052234,concat_mlp,0,-0.016042384020414024,34.0,30.0,concat_mlp,0.0,-4.0,4.738608500731241,4.435755433941627,concat_mlp,0.0,-0.30285306678961366,16.3,13.9,concat_mlp,0.0,-2.4000000000000004,0.1532895193376796,0.18979543858299242,gradnorm_only,1,0.03650591924531282,4.713318962772416,5.062684960902371,gradnorm_only,1,0.3493659981299553
yelp,concat_mlp,gradnorm_only,relevance,51956,concat_mlp,gradnorm_only,concat_mlp,0,1,True,0.904073330094193,0.9264491020704105,gradnorm_only,0,-0.02237577197621754,32.0,58.0,gradnorm_only,0.0,-26.0,4.540677064198123,5.54107219099905,gradnorm_only,0.0,-1.0003951268009272,13.9,17.9,gradnorm_only,0.0,-3.9999999999999982,0.0740082628889244,0.10086887078429015,gradnorm_only,0,-0.02686060789536575,6.224203261090361,7.045347318614979,gradnorm_only,0,-0.8211440575246183
yelp,concat_mlp,gradnorm_only,relevance,34176,concat_mlp,gradnorm_only,concat_mlp,0,1,True,0.9117551415691273,0.936849742597695,gradnorm_only,0,-0.025094601028567753,25.0,36.0,gradnorm_only,0.0,-11.0,4.262758923112445,4.812272812808844,gradnorm_only,0.0,-0.5495138896963994,13.5,13.6,gradnorm_only,0.0,-0.09999999999999964,0.08098617135645185,0.07233771074751993,concat_mlp,1,0.008648460608931915,4.731450368226478,6.02011875383899,gradnorm_only,0,-1.288668385612512
yelp,concat_mlp,gradnorm_only,relevance,797,gradnorm_only,gradnorm_only,concat_mlp,1,0,True,0.9564195576690624,0.7563053719671684,concat_mlp,0,-0.200114185701894,44.0,18.0,concat_mlp,0.0,-26.0,5.137602043731117,3.5630573888904165,concat_mlp,0.0,-1.5745446548407003,17.9,11.7,concat_mlp,0.0,-6.199999999999999,0.05399032861416757,0.16423811490829385,gradnorm_only,1,0.11024778629412628,3.5932773290401827,3.713988293215702,gradnorm_only,1,0.1207109641755193
yelp,concat_mlp,gradnorm_only,relevance,23067,concat_mlp,gradnorm_only,concat_mlp,0,1,True,0.8767586359948824,0.7405354815127799,concat_mlp,1,0.13622315448210243,22.0,27.0,gradnorm_only,0.0,-5.0,4.0709505944546684,4.2661327293772775,gradnorm_only,0.0,-0.19518213492260905,11.6,15.6,gradnorm_only,0.0,-4.0,0.13563020254044644,0.20726655702509908,gradnorm_only,0,-0.07163635448465264,4.035686814891188,5.332383246753554,gradnorm_only,0,-1.2966964318623653
yelp,concat_mlp,gradnorm_only,relevance,94832,gradnorm_only,gradnorm_only,concat_mlp,1,0,True,0.8838231059406224,0.8978824441435796,gradnorm_only,1,0.014059338202957239,42.0,32.0,concat_mlp,0.0,-10.0,5.003701696057348,4.614605144924189,concat_mlp,0.0,-0.389096551133159,19.6,14.5,concat_mlp,0.0,-5.100000000000001,0.07799991426034587,0.07180109072206034,concat_mlp,0,-0.006198823538285533,4.677626847635734,5.3165858315209436,gradnorm_only,1,0.6389589838852094
yelp,concat_mlp,gradnorm_only,relevance,52301,concat_mlp,gradnorm_only,concat_mlp,0,1,True,0.9404582342388548,0.9372985304440561,concat_mlp,1,0.003159703794798685,30.0,60.0,gradnorm_only,0.0,-30.0,4.560769595330946,5.629664004902595,gradnorm_only,0.0,-1.0688944095716488,12.9,20.6,gradnorm_only,0.0,-7.700000000000001,0.047087812973743655,0.0458600968823442,concat_mlp,1,0.0012277160913994542,5.045958820529955,6.238312279365805,gradnorm_only,0,-1.19235345883585
yelp,concat_mlp,gradnorm_only,relevance,88855,gradnorm_only,gradnorm_only,concat_mlp,1,0,True,0.8381803265620914,0.8242567588123267,concat_mlp,0,-0.013923567749764665,29.0,28.0,concat_mlp,0.0,-1.0,4.37970604880628,4.37256074160895,concat_mlp,0.0,-0.007145307197329309,14.5,13.2,concat_mlp,0.0,-1.3000000000000007,0.13358987463669325,0.12875808052454904,concat_mlp,0,-0.004831794112144211,4.7103299094736855,6.108345756365248,gradnorm_only,1,1.3980158468915622
yelp,concat_mlp,gradnorm_only,relevance,97264,concat_mlp,gradnorm_only,concat_mlp,0,1,True,0.9257421943012973,0.8734685516928244,concat_mlp,1,0.05227364260847289,36.0,62.0,gradnorm_only,0.0,-26.0,4.809808796515998,5.551474941315671,gradnorm_only,0.0,-0.7416661447996731,14.2,22.6,gradnorm_only,0.0,-8.400000000000002,0.08430757776015721,0.1172894020779226,gradnorm_only,0,-0.03298182431776539,5.523787787162411,6.777500175722007,gradnorm_only,0,-1.2537123885595953
yelp,gbaf,concat_mlp,balanced,19308,concat_mlp,gbaf,concat_mlp,0,1,True,0.8954516076172911,0.9027806899124875,concat_mlp,1,0.007329082295196354,58.0,36.0,gbaf,0.0,-22.0,5.480806511773303,4.693997169697762,gbaf,0.0,-0.7868093420755411,22.7,15.6,gbaf,0.0,-7.1,0.0714536607857312,0.06812826345363658,gbaf,0,-0.0033253973320946234,6.805190897653295,6.156999542415003,gbaf,0,-0.6481913552382927
yelp,gbaf,concat_mlp,balanced,33987,gbaf,gbaf,concat_mlp,1,0,True,0.7676764061104568,0.9185779074386982,concat_mlp,0,-0.15090150132824132,21.0,21.0,TIE,,0.0,3.8814893607725276,4.002701394334311,concat_mlp,0.0,-0.12121203356178345,14.2,11.8,gbaf,1.0,2.3999999999999986,0.13676142712524336,0.037439039521469444,gbaf,1,0.09932238760377392,4.704295586191661,3.179262381936671,gbaf,1,1.5250332042549894
yelp,gbaf,concat_mlp,balanced,47111,gbaf,gbaf,concat_mlp,1,0,True,0.9338026820064842,0.9321562471639189,gbaf,1,0.0016464348425653252,36.0,26.0,gbaf,1.0,10.0,4.788341339656748,4.489877254551159,gbaf,1.0,0.2984640851055893,13.6,11.9,gbaf,1.0,1.6999999999999993,0.0525398774293367,0.06943364282972135,concat_mlp,0,-0.016893765400384654,6.915922363367419,4.172915580645435,gbaf,1,2.7430067827219835
yelp,gbaf,concat_mlp,balanced,362,gbaf,gbaf,concat_mlp,1,0,True,0.8672883834393748,0.9445053325690427,concat_mlp,0,-0.07721694912966792,34.0,26.0,gbaf,1.0,8.0,4.605692157010925,4.235448437472884,gbaf,1.0,0.370243719538041,16.3,12.7,gbaf,1.0,3.6000000000000014,0.08314142527735985,0.05006855021912701,gbaf,1,0.03307287505823284,5.90051992242807,4.246945660057366,gbaf,1,1.6535742623707037
yelp,gbaf,concat_mlp,balanced,92790,gbaf,gbaf,concat_mlp,1,0,True,0.9197931470250247,0.9442041322909948,concat_mlp,0,-0.024410985265970075,40.0,35.0,gbaf,1.0,5.0,4.9121356958251114,4.749922332557376,gbaf,1.0,0.1622133632677354,16.2,14.3,gbaf,1.0,1.8999999999999986,0.08350560620932036,0.05764757532632105,gbaf,1,0.02585803088299931,5.605623867000028,5.212247876902448,gbaf,1,0.39337599009757973
yelp,gbaf,concat_mlp,balanced,90313,concat_mlp,gbaf,concat_mlp,0,1,True,0.8436425586951606,0.898727139970917,concat_mlp,1,0.05508458127575644,32.0,29.0,gbaf,0.0,-3.0,4.577546228440225,4.467660956898044,gbaf,0.0,-0.10988527154218097,16.1,14.2,gbaf,0.0,-1.9000000000000021,0.11399744874786318,0.08758919231336167,gbaf,0,-0.02640825643450151,6.2591754057558955,5.01767938306237,gbaf,0,-1.2414960226935259
yelp,gbaf,concat_mlp,balanced,46092,gbaf,gbaf,concat_mlp,1,0,True,0.8595091275130546,0.8971144334940866,concat_mlp,0,-0.037605305981031956,38.0,33.0,gbaf,1.0,5.0,5.010472438183795,4.690542241765325,gbaf,1.0,0.3199301964184702,20.5,14.8,gbaf,1.0,5.699999999999999,0.08115175641100693,0.06027408133405854,gbaf,1,0.02087767507694839,5.235401725675257,4.046864732382523,gbaf,1,1.1885369932927343
yelp,gbaf,concat_mlp,balanced,58992,gbaf,gbaf,concat_mlp,1,0,True,0.9643948365987606,0.9409255757075176,gbaf,1,0.023469260891243016,24.0,26.0,concat_mlp,0.0,-2.0,4.106577386784374,4.250075316801687,concat_mlp,0.0,-0.14349793001731292,10.1,12.2,concat_mlp,0.0,-2.0999999999999996,0.05519198622523192,0.05146101338340404,gbaf,1,0.0037309728418278842,6.1213726409806295,4.268018237572986,gbaf,1,1.8533544034076437
yelp,gbaf,concat_mlp,balanced,66818,gbaf,gbaf,concat_mlp,1,0,True,0.9181310783139697,0.9054251484496253,gbaf,1,0.012705929864344379,35.0,32.0,gbaf,1.0,3.0,4.758868161719356,4.6349899593311,gbaf,1.0,0.12387820238825586,17.3,17.2,gbaf,1.0,0.10000000000000142,0.0689747643194306,0.0832357486393525,concat_mlp,0,-0.014260984319921899,5.759091451223723,5.364921642410307,gbaf,1,0.394169808813416
yelp,gbaf,concat_mlp,balanced,68812,gbaf,gbaf,concat_mlp,1,0,True,0.782618088479448,0.9191645705210376,concat_mlp,0,-0.1365464820415896,27.0,27.0,TIE,,0.0,4.303206594361432,4.4148325477994685,concat_mlp,0.0,-0.11162595343803616,15.2,12.4,gbaf,1.0,2.799999999999999,0.12325721045982556,0.0756443295211518,gbaf,1,0.04761288093867376,4.986298513665787,4.265640530933146,gbaf,1,0.7206579827326411
yelp,gbaf,concat_mlp,balanced,17415,concat_mlp,gbaf,concat_mlp,0,1,True,0.8037698073162209,0.8872718468339618,concat_mlp,1,0.08350203951774082,33.0,25.0,gbaf,0.0,-8.0,4.584822603013426,4.2595682659220415,gbaf,0.0,-0.3252543370913843,15.9,12.4,gbaf,0.0,-3.5,0.0836693414295686,0.09029766519204252,concat_mlp,1,0.006628323762473923,6.1624536428365255,5.200167684478044,gbaf,0,-0.962285958358482
yelp,gbaf,concat_mlp,balanced,93796,gbaf,gbaf,concat_mlp,1,0,True,0.8551858779073285,0.926572636074106,concat_mlp,0,-0.07138675816677753,19.0,36.0,concat_mlp,0.0,-17.0,3.75748398981288,4.741009150817866,concat_mlp,0.0,-0.983525161004986,9.8,13.1,concat_mlp,0.0,-3.299999999999999,0.11556621872563767,0.07015452113560912,gbaf,1,0.045411697590028555,4.652229239100558,4.247108521384995,gbaf,1,0.40512071771556357
yelp,gbaf,concat_mlp,balanced,45970,gbaf,gbaf,concat_mlp,1,0,True,0.8740403658254371,0.9551277838504016,concat_mlp,0,-0.08108741802496455,19.0,29.0,concat_mlp,0.0,-10.0,3.801076880026372,4.489213200706534,concat_mlp,0.0,-0.6881363206801625,14.9,13.7,gbaf,1.0,1.200000000000001,0.03675616047374051,0.02653798544358765,gbaf,1,0.010218175030152859,5.088292438972742,4.19064066257966,gbaf,1,0.897651776393082
yelp,gbaf,concat_mlp,balanced,15173,gbaf,gbaf,concat_mlp,1,0,True,0.8274479566667116,0.8789195271142662,concat_mlp,0,-0.05147157044755468,26.0,27.0,concat_mlp,0.0,-1.0,4.1484024481209705,4.307117985122875,concat_mlp,0.0,-0.15871553700190422,15.3,14.6,gbaf,1.0,0.7000000000000011,0.11683514731225297,0.13195316851039815,concat_mlp,0,-0.015118021198145176,5.890681304273065,5.620751469882618,gbaf,1,0.2699298343904468
yelp,gbaf,concat_mlp,balanced,47816,concat_mlp,gbaf,concat_mlp,0,1,True,0.9110974363123375,0.906646728201848,gbaf,0,-0.004450708110489532,36.0,37.0,concat_mlp,1.0,1.0,4.875728750643392,4.883488614899737,concat_mlp,1.0,0.007759864256344784,13.2,14.6,concat_mlp,1.0,1.4000000000000004,0.08586405368575278,0.0804175947668926,gbaf,0,-0.005446458918860184,4.234194971921021,4.500862089429645,concat_mlp,1,0.26666711750862415
yelp,gbaf,concat_mlp,balanced,83363,concat_mlp,gbaf,concat_mlp,0,1,True,0.7868182819431537,0.833247242072648,concat_mlp,1,0.04642896012949427,27.0,34.0,concat_mlp,1.0,7.0,4.339822782008756,4.738608500731241,concat_mlp,1.0,0.39878571872248436,12.9,16.3,concat_mlp,1.0,3.4000000000000004,0.19142240349043935,0.1532895193376796,gbaf,0,-0.038132884152759755,4.070152172205026,4.713318962772416,concat_mlp,1,0.6431667905673901
yelp,gbaf,concat_mlp,balanced,61591,gbaf,gbaf,concat_mlp,1,0,True,0.8958271310987265,0.8771022854600661,gbaf,1,0.018724845638660392,60.0,35.0,gbaf,1.0,25.0,5.514671736921347,4.686994464322286,gbaf,1.0,0.8276772725990611,22.8,17.2,gbaf,1.0,5.600000000000001,0.07215592331589556,0.07924377496416429,concat_mlp,0,-0.0070878516482687365,6.633429716021401,5.647646320105222,gbaf,1,0.9857833959161786
yelp,gbaf,concat_mlp,balanced,797,gbaf,gbaf,concat_mlp,1,0,True,0.6227666012872305,0.9564195576690624,concat_mlp,0,-0.3336529563818319,17.0,44.0,concat_mlp,0.0,-27.0,3.547461626222474,5.137602043731117,concat_mlp,0.0,-1.5901404175086427,12.7,17.9,concat_mlp,0.0,-5.199999999999999,0.20945565821798304,0.05399032861416757,gbaf,1,0.15546532960381548,3.3737940486509075,3.5932773290401827,concat_mlp,0,-0.21948328038927523
yelp,gbaf,concat_mlp,balanced,94832,concat_mlp,gbaf,concat_mlp,0,1,True,0.8891353674591818,0.8838231059406224,gbaf,0,-0.005312261518559347,33.0,42.0,concat_mlp,1.0,9.0,4.6219975301118374,5.003701696057348,concat_mlp,1.0,0.3817041659455107,14.8,19.6,concat_mlp,1.0,4.800000000000001,0.10244089860763891,0.07799991426034587,gbaf,0,-0.02444098434729304,4.920407934104086,4.677626847635734,gbaf,0,-0.2427810864683515
yelp,gbaf,concat_mlp,balanced,92688,gbaf,gbaf,concat_mlp,1,0,True,0.9080173409625568,0.9339097645458042,concat_mlp,0,-0.025892423583247393,33.0,34.0,concat_mlp,0.0,-1.0,4.640723149067329,4.677944218869905,concat_mlp,0.0,-0.03722106980257678,14.7,13.9,gbaf,1.0,0.7999999999999989,0.0674502286643957,0.06281289987408557,gbaf,1,0.004637328790310133,6.419899233952464,5.15256049977989,gbaf,1,1.267338734172574
yelp,gbaf,concat_mlp,balanced,88855,gbaf,gbaf,concat_mlp,1,0,True,0.8676696179876321,0.8381803265620914,gbaf,1,0.029489291425540687,37.0,29.0,gbaf,1.0,8.0,4.759421368203101,4.37970604880628,gbaf,1.0,0.379715319396821,16.4,14.5,gbaf,1.0,1.8999999999999986,0.11716048022895335,0.13358987463669325,concat_mlp,0,-0.016429394407739897,6.479602200872746,4.7103299094736855,gbaf,1,1.7692722913990604
yelp,gbaf,concat_mlp,balanced,97264,concat_mlp,gbaf,concat_mlp,0,1,True,0.8838217875987243,0.9257421943012973,concat_mlp,1,0.04192040670257302,59.0,36.0,gbaf,0.0,-23.0,5.55833185240747,4.809808796515998,gbaf,0.0,-0.7485230558914715,20.3,14.2,gbaf,0.0,-6.100000000000001,0.08879981633896565,0.08430757776015721,gbaf,0,-0.004492238578808441,6.698548370759139,5.523787787162411,gbaf,0,-1.1747605835967274
yelp,gbaf,concat_mlp,balanced,20211,concat_mlp,gbaf,concat_mlp,0,1,True,0.8834487709295722,0.8724801315366637,gbaf,0,-0.010968639392908486,35.0,32.0,gbaf,0.0,-3.0,4.764945619552432,4.608095716770613,gbaf,0.0,-0.15684990278181843,16.3,15.9,gbaf,0.0,-0.40000000000000036,0.08800173983584197,0.11842478344370362,concat_mlp,1,0.030423043607861647,6.411190784082008,5.291026512529024,gbaf,0,-1.1201642715529836
yelp,gbaf,concat_mlp,diversity,19308,gbaf,gbaf,concat_mlp,1,0,True,0.8954516076172911,0.9027806899124875,concat_mlp,0,-0.007329082295196354,58.0,36.0,gbaf,1.0,22.0,5.480806511773303,4.693997169697762,gbaf,1.0,0.7868093420755411,22.7,15.6,gbaf,1.0,7.1,0.0714536607857312,0.06812826345363658,gbaf,1,0.0033253973320946234,6.805190897653295,6.156999542415003,gbaf,1,0.6481913552382927
yelp,gbaf,concat_mlp,diversity,24594,gbaf,gbaf,concat_mlp,1,0,True,0.95503051633553,0.9314482109948953,gbaf,1,0.023582305340634768,29.0,26.0,gbaf,1.0,3.0,4.418833991324551,4.32672486320344,gbaf,1.0,0.09210912812111083,12.4,11.7,gbaf,1.0,0.7000000000000011,0.033025735697906906,0.03670605779099934,concat_mlp,0,-0.0036803220930924363,3.9780624651411642,3.8514732331868826,gbaf,1,0.12658923195428162
yelp,gbaf,concat_mlp,diversity,18392,gbaf,gbaf,concat_mlp,1,0,True,0.856095638253162,0.9048629551028881,concat_mlp,0,-0.04876731684972602,31.0,27.0,gbaf,1.0,4.0,4.452644353612962,4.375582881433895,gbaf,1.0,0.077061472179067,14.1,14.7,concat_mlp,0.0,-0.5999999999999996,0.15762151649569955,0.11009783565912722,gbaf,1,0.04752368083657234,5.2370110628694135,3.1571671047013377,gbaf,1,2.079843958168076
yelp,gbaf,concat_mlp,diversity,81116,gbaf,gbaf,concat_mlp,1,0,True,0.912298670665333,0.9543826479721306,concat_mlp,0,-0.04208397730679758,33.0,39.0,concat_mlp,0.0,-6.0,4.629875233960101,4.963402098405836,concat_mlp,0.0,-0.33352686444573454,15.9,16.3,concat_mlp,0.0,-0.40000000000000036,0.06542602554198669,0.05270452927115229,gbaf,1,0.012721496270834402,6.07155772927985,4.47401207891627,gbaf,1,1.59754565036358
yelp,gbaf,concat_mlp,diversity,2600,concat_mlp,gbaf,concat_mlp,0,1,True,0.9004288494694058,0.8983343178394102,gbaf,0,-0.002094531629995622,28.0,31.0,concat_mlp,1.0,3.0,4.4590695678850025,4.447073510283903,gbaf,0.0,-0.011996057601099785,13.0,14.6,concat_mlp,1.0,1.5999999999999996,0.10605284595270799,0.09047251739453069,gbaf,0,-0.0155803285581773,5.8038353053591845,5.465732710942754,gbaf,0,-0.33810259441643087
yelp,gbaf,concat_mlp,diversity,47111,gbaf,gbaf,concat_mlp,1,0,True,0.9338026820064842,0.9321562471639189,gbaf,1,0.0016464348425653252,36.0,26.0,gbaf,1.0,10.0,4.788341339656748,4.489877254551159,gbaf,1.0,0.2984640851055893,13.6,11.9,gbaf,1.0,1.6999999999999993,0.0525398774293367,0.06943364282972135,concat_mlp,0,-0.016893765400384654,6.915922363367419,4.172915580645435,gbaf,1,2.7430067827219835
yelp,gbaf,concat_mlp,diversity,362,gbaf,gbaf,concat_mlp,1,0,True,0.8672883834393748,0.9445053325690427,concat_mlp,0,-0.07721694912966792,34.0,26.0,gbaf,1.0,8.0,4.605692157010925,4.235448437472884,gbaf,1.0,0.370243719538041,16.3,12.7,gbaf,1.0,3.6000000000000014,0.08314142527735985,0.05006855021912701,gbaf,1,0.03307287505823284,5.90051992242807,4.246945660057366,gbaf,1,1.6535742623707037
yelp,gbaf,concat_mlp,diversity,92790,concat_mlp,gbaf,concat_mlp,0,1,True,0.9197931470250247,0.9442041322909948,concat_mlp,1,0.024410985265970075,40.0,35.0,gbaf,0.0,-5.0,4.9121356958251114,4.749922332557376,gbaf,0.0,-0.1622133632677354,16.2,14.3,gbaf,0.0,-1.8999999999999986,0.08350560620932036,0.05764757532632105,gbaf,0,-0.02585803088299931,5.605623867000028,5.212247876902448,gbaf,0,-0.39337599009757973
yelp,gbaf,concat_mlp,diversity,90313,concat_mlp,gbaf,concat_mlp,0,1,True,0.8436425586951606,0.898727139970917,concat_mlp,1,0.05508458127575644,32.0,29.0,gbaf,0.0,-3.0,4.577546228440225,4.467660956898044,gbaf,0.0,-0.10988527154218097,16.1,14.2,gbaf,0.0,-1.9000000000000021,0.11399744874786318,0.08758919231336167,gbaf,0,-0.02640825643450151,6.2591754057558955,5.01767938306237,gbaf,0,-1.2414960226935259
yelp,gbaf,concat_mlp,diversity,46092,gbaf,gbaf,concat_mlp,1,0,True,0.8595091275130546,0.8971144334940866,concat_mlp,0,-0.037605305981031956,38.0,33.0,gbaf,1.0,5.0,5.010472438183795,4.690542241765325,gbaf,1.0,0.3199301964184702,20.5,14.8,gbaf,1.0,5.699999999999999,0.08115175641100693,0.06027408133405854,gbaf,1,0.02087767507694839,5.235401725675257,4.046864732382523,gbaf,1,1.1885369932927343
yelp,gbaf,concat_mlp,diversity,1779,concat_mlp,gbaf,concat_mlp,0,1,True,0.8229915247756315,0.9304443184145421,concat_mlp,1,0.10745279363891058,25.0,30.0,concat_mlp,1.0,5.0,4.12554324176603,4.484372820753984,concat_mlp,1.0,0.35882957898795453,12.1,13.1,concat_mlp,1.0,1.0,0.096097789400415,0.0629748541470193,gbaf,0,-0.0331229352533957,5.3935987242927,4.4168419484988934,gbaf,0,-0.9767567757938069
yelp,gbaf,concat_mlp,diversity,27182,gbaf,gbaf,concat_mlp,1,0,True,0.8905192054812989,0.9090652442491514,concat_mlp,0,-0.018546038767852435,41.0,35.0,gbaf,1.0,6.0,4.9535149808907075,4.671779124752557,gbaf,1.0,0.2817358561381509,17.9,16.6,gbaf,1.0,1.2999999999999972,0.07376148072744215,0.08254821468791555,concat_mlp,0,-0.0087867339604734,6.438310681997453,5.687022938339825,gbaf,1,0.7512877436576275
yelp,gbaf,concat_mlp,diversity,37335,gbaf,gbaf,concat_mlp,1,0,True,0.9373562851213117,0.9050098715660666,gbaf,1,0.032346413555245146,59.0,52.0,gbaf,1.0,7.0,5.5689308519716265,5.358992202471736,gbaf,1.0,0.2099386494998905,19.2,20.1,concat_mlp,0.0,-0.9000000000000021,0.06418779247444763,0.0728429344400758,concat_mlp,0,-0.008655141965628166,7.06907368909808,6.5746543018580965,gbaf,1,0.4944193872399838
yelp,gbaf,concat_mlp,diversity,66818,gbaf,gbaf,concat_mlp,1,0,True,0.9181310783139697,0.9054251484496253,gbaf,1,0.012705929864344379,35.0,32.0,gbaf,1.0,3.0,4.758868161719356,4.6349899593311,gbaf,1.0,0.12387820238825586,17.3,17.2,gbaf,1.0,0.10000000000000142,0.0689747643194306,0.0832357486393525,concat_mlp,0,-0.014260984319921899,5.759091451223723,5.364921642410307,gbaf,1,0.394169808813416
yelp,gbaf,concat_mlp,diversity,83855,concat_mlp,gbaf,concat_mlp,0,1,True,0.9469265505279784,0.9173120818572099,gbaf,0,-0.029614468670768446,25.0,32.0,concat_mlp,1.0,7.0,4.210439608363361,4.7084573552056845,concat_mlp,1.0,0.4980177468423239,11.3,14.4,concat_mlp,1.0,3.0999999999999996,0.02482922601046048,0.047260168283586354,concat_mlp,1,0.022430942273125875,5.1940852269968145,3.677195481771411,gbaf,0,-1.5168897452254035
yelp,gbaf,concat_mlp,diversity,68812,concat_mlp,gbaf,concat_mlp,0,1,True,0.782618088479448,0.9191645705210376,concat_mlp,1,0.1365464820415896,27.0,27.0,TIE,,0.0,4.303206594361432,4.4148325477994685,concat_mlp,1.0,0.11162595343803616,15.2,12.4,gbaf,0.0,-2.799999999999999,0.12325721045982556,0.0756443295211518,gbaf,0,-0.04761288093867376,4.986298513665787,4.265640530933146,gbaf,0,-0.7206579827326411
yelp,gbaf,concat_mlp,diversity,17415,concat_mlp,gbaf,concat_mlp,0,1,True,0.8037698073162209,0.8872718468339618,concat_mlp,1,0.08350203951774082,33.0,25.0,gbaf,0.0,-8.0,4.584822603013426,4.2595682659220415,gbaf,0.0,-0.3252543370913843,15.9,12.4,gbaf,0.0,-3.5,0.0836693414295686,0.09029766519204252,concat_mlp,1,0.006628323762473923,6.1624536428365255,5.200167684478044,gbaf,0,-0.962285958358482
yelp,gbaf,concat_mlp,diversity,93796,concat_mlp,gbaf,concat_mlp,0,1,True,0.8551858779073285,0.926572636074106,concat_mlp,1,0.07138675816677753,19.0,36.0,concat_mlp,1.0,17.0,3.75748398981288,4.741009150817866,concat_mlp,1.0,0.983525161004986,9.8,13.1,concat_mlp,1.0,3.299999999999999,0.11556621872563767,0.07015452113560912,gbaf,0,-0.045411697590028555,4.652229239100558,4.247108521384995,gbaf,0,-0.40512071771556357
yelp,gbaf,concat_mlp,diversity,45970,concat_mlp,gbaf,concat_mlp,0,1,True,0.8740403658254371,0.9551277838504016,concat_mlp,1,0.08108741802496455,19.0,29.0,concat_mlp,1.0,10.0,3.801076880026372,4.489213200706534,concat_mlp,1.0,0.6881363206801625,14.9,13.7,gbaf,0.0,-1.200000000000001,0.03675616047374051,0.02653798544358765,gbaf,0,-0.010218175030152859,5.088292438972742,4.19064066257966,gbaf,0,-0.897651776393082
yelp,gbaf,concat_mlp,diversity,13763,gbaf,gbaf,concat_mlp,1,0,True,0.8707836702733088,0.907676384676131,concat_mlp,0,-0.03689271440282216,23.0,18.0,gbaf,1.0,5.0,4.072573883611435,3.730855395239781,gbaf,1.0,0.341718488371654,11.5,12.3,concat_mlp,0.0,-0.8000000000000007,0.07883522003509592,0.08949259036431757,concat_mlp,0,-0.01065737032922165,4.054287641361394,3.7993312153915584,gbaf,1,0.25495642596983537
yelp,gbaf,concat_mlp,diversity,15173,gbaf,gbaf,concat_mlp,1,0,True,0.8274479566667116,0.8789195271142662,concat_mlp,0,-0.05147157044755468,26.0,27.0,concat_mlp,0.0,-1.0,4.1484024481209705,4.307117985122875,concat_mlp,0.0,-0.15871553700190422,15.3,14.6,gbaf,1.0,0.7000000000000011,0.11683514731225297,0.13195316851039815,concat_mlp,0,-0.015118021198145176,5.890681304273065,5.620751469882618,gbaf,1,0.2699298343904468
yelp,gbaf,concat_mlp,diversity,78002,gbaf,gbaf,concat_mlp,1,0,True,0.9060521384158187,0.9332199689241846,concat_mlp,0,-0.02716783050836591,37.0,20.0,gbaf,1.0,17.0,4.735597625851954,3.8914460711655217,gbaf,1.0,0.844151554686432,16.6,12.1,gbaf,1.0,4.500000000000002,0.08879766719103271,0.05915597195589083,gbaf,1,0.02964169523514188,4.678824373533724,4.132845339853654,gbaf,1,0.5459790336800694
yelp,gbaf,concat_mlp,diversity,83363,concat_mlp,gbaf,concat_mlp,0,1,True,0.7868182819431537,0.833247242072648,concat_mlp,1,0.04642896012949427,27.0,34.0,concat_mlp,1.0,7.0,4.339822782008756,4.738608500731241,concat_mlp,1.0,0.39878571872248436,12.9,16.3,concat_mlp,1.0,3.4000000000000004,0.19142240349043935,0.1532895193376796,gbaf,0,-0.038132884152759755,4.070152172205026,4.713318962772416,concat_mlp,1,0.6431667905673901
yelp,gbaf,concat_mlp,diversity,61591,gbaf,gbaf,concat_mlp,1,0,True,0.8958271310987265,0.8771022854600661,gbaf,1,0.018724845638660392,60.0,35.0,gbaf,1.0,25.0,5.514671736921347,4.686994464322286,gbaf,1.0,0.8276772725990611,22.8,17.2,gbaf,1.0,5.600000000000001,0.07215592331589556,0.07924377496416429,concat_mlp,0,-0.0070878516482687365,6.633429716021401,5.647646320105222,gbaf,1,0.9857833959161786
yelp,gbaf,concat_mlp,diversity,51956,gbaf,gbaf,concat_mlp,1,0,True,0.917083594720655,0.904073330094193,gbaf,1,0.013010264626462043,57.0,32.0,gbaf,1.0,25.0,5.5107504430081615,4.540677064198123,gbaf,1.0,0.9700733788100386,19.6,13.9,gbaf,1.0,5.700000000000001,0.09102284452686496,0.0740082628889244,gbaf,1,0.017014581637940562,6.977089000025276,6.224203261090361,gbaf,1,0.7528857389349151
yelp,gbaf,concat_mlp,diversity,34176,gbaf,gbaf,concat_mlp,1,0,True,0.9079911485351329,0.9117551415691273,concat_mlp,0,-0.0037639930339944394,32.0,25.0,gbaf,1.0,7.0,4.625814583693911,4.262758923112445,gbaf,1.0,0.3630556605814661,13.5,13.5,TIE,,0.0,0.0747072428823472,0.08098617135645185,concat_mlp,0,-0.0062789284741046475,5.810416173613705,4.731450368226478,gbaf,1,1.0789658053872264
yelp,gbaf,concat_mlp,diversity,88044,concat_mlp,gbaf,concat_mlp,0,1,True,0.7150946963215767,0.8131145218606439,concat_mlp,1,0.09801982553906718,26.0,35.0,concat_mlp,1.0,9.0,4.222464452110132,4.781833066041455,concat_mlp,1.0,0.5593686139313228,15.6,19.0,concat_mlp,1.0,3.4000000000000004,0.13462794422641686,0.1228843005583193,gbaf,0,-0.011743643668097561,6.92788551788294,6.525549151519473,gbaf,0,-0.4023363663634667
yelp,gbaf,concat_mlp,diversity,797,concat_mlp,gbaf,concat_mlp,0,1,True,0.6227666012872305,0.9564195576690624,concat_mlp,1,0.3336529563818319,17.0,44.0,concat_mlp,1.0,27.0,3.547461626222474,5.137602043731117,concat_mlp,1.0,1.5901404175086427,12.7,17.9,concat_mlp,1.0,5.199999999999999,0.20945565821798304,0.05399032861416757,gbaf,0,-0.15546532960381548,3.3737940486509075,3.5932773290401827,concat_mlp,1,0.21948328038927523
yelp,gbaf,concat_mlp,diversity,23067,gbaf,gbaf,concat_mlp,1,0,True,0.7105442767163377,0.8767586359948824,concat_mlp,0,-0.16621435927854467,31.0,22.0,gbaf,1.0,9.0,4.459473673110791,4.0709505944546684,gbaf,1.0,0.3885230786561227,20.8,11.6,gbaf,1.0,9.200000000000001,0.19474851439087126,0.13563020254044644,gbaf,1,0.05911831185042482,5.295719359586295,4.035686814891188,gbaf,1,1.2600325446951066
yelp,gbaf,concat_mlp,diversity,94832,concat_mlp,gbaf,concat_mlp,0,1,True,0.8891353674591818,0.8838231059406224,gbaf,0,-0.005312261518559347,33.0,42.0,concat_mlp,1.0,9.0,4.6219975301118374,5.003701696057348,concat_mlp,1.0,0.3817041659455107,14.8,19.6,concat_mlp,1.0,4.800000000000001,0.10244089860763891,0.07799991426034587,gbaf,0,-0.02444098434729304,4.920407934104086,4.677626847635734,gbaf,0,-0.2427810864683515
yelp,gbaf,concat_mlp,diversity,50442,gbaf,gbaf,concat_mlp,1,0,True,0.8860959820236141,0.9337654657489995,concat_mlp,0,-0.047669483725385486,43.0,25.0,gbaf,1.0,18.0,5.172909100532566,4.239822782008756,gbaf,1.0,0.9330863185238103,15.4,11.7,gbaf,1.0,3.700000000000001,0.08982450703838404,0.08200699466660233,gbaf,1,0.007817512371781715,4.833789471094571,4.823311104294584,gbaf,1,0.010478366799986816
yelp,gbaf,concat_mlp,diversity,4565,gbaf,gbaf,concat_mlp,1,0,True,0.8040574731534511,0.8127620202767043,concat_mlp,0,-0.008704547123253192,32.0,26.0,gbaf,1.0,6.0,4.590021650946749,4.308647310430094,gbaf,1.0,0.28137434051665533,16.0,17.0,concat_mlp,0.0,-1.0,0.18112274835543934,0.18273519024044949,concat_mlp,0,-0.0016124418850101407,4.860265578162096,4.736419800657184,gbaf,1,0.12384577750491221
yelp,gbaf,concat_mlp,diversity,92688,gbaf,gbaf,concat_mlp,1,0,True,0.9080173409625568,0.9339097645458042,concat_mlp,0,-0.025892423583247393,33.0,34.0,concat_mlp,0.0,-1.0,4.640723149067329,4.677944218869905,concat_mlp,0.0,-0.03722106980257678,14.7,13.9,gbaf,1.0,0.7999999999999989,0.0674502286643957,0.06281289987408557,gbaf,1,0.004637328790310133,6.419899233952464,5.15256049977989,gbaf,1,1.267338734172574
yelp,gbaf,concat_mlp,diversity,88855,gbaf,gbaf,concat_mlp,1,0,True,0.8676696179876321,0.8381803265620914,gbaf,1,0.029489291425540687,37.0,29.0,gbaf,1.0,8.0,4.759421368203101,4.37970604880628,gbaf,1.0,0.379715319396821,16.4,14.5,gbaf,1.0,1.8999999999999986,0.11716048022895335,0.13358987463669325,concat_mlp,0,-0.016429394407739897,6.479602200872746,4.7103299094736855,gbaf,1,1.7692722913990604
yelp,gbaf,concat_mlp,diversity,73732,gbaf,gbaf,concat_mlp,1,0,True,0.8010779256070397,0.9068946531681271,concat_mlp,0,-0.1058167275610874,29.0,27.0,gbaf,1.0,2.0,4.411342601791829,4.349275070710715,gbaf,1.0,0.06206753108111407,14.9,13.2,gbaf,1.0,1.700000000000001,0.13799337615047497,0.09853909644707366,gbaf,1,0.039454279703401304,5.240941948598339,4.648647670806239,gbaf,1,0.5922942777920994
yelp,gbaf,concat_mlp,diversity,20211,concat_mlp,gbaf,concat_mlp,0,1,True,0.8834487709295722,0.8724801315366637,gbaf,0,-0.010968639392908486,35.0,32.0,gbaf,0.0,-3.0,4.764945619552432,4.608095716770613,gbaf,0.0,-0.15684990278181843,16.3,15.9,gbaf,0.0,-0.40000000000000036,0.08800173983584197,0.11842478344370362,concat_mlp,1,0.030423043607861647,6.411190784082008,5.291026512529024,gbaf,0,-1.1201642715529836
yelp,gbaf,concat_mlp,diversity,64669,concat_mlp,gbaf,concat_mlp,0,1,True,0.8823033766514837,0.8875969520216814,concat_mlp,1,0.005293575370197701,31.0,28.0,gbaf,0.0,-3.0,4.626990803617331,4.336526894582073,gbaf,0.0,-0.29046390903525765,17.0,14.6,gbaf,0.0,-2.4000000000000004,0.079097249206509,0.0815523051005862,concat_mlp,1,0.002455055894077199,5.468588720097221,5.5145658398252015,concat_mlp,1,0.04597711972798013
yelp,gbaf,concat_mlp,novelty,19308,gbaf,gbaf,concat_mlp,1,0,True,0.8954516076172911,0.9027806899124875,concat_mlp,0,-0.007329082295196354,58.0,36.0,gbaf,1.0,22.0,5.480806511773303,4.693997169697762,gbaf,1.0,0.7868093420755411,22.7,15.6,gbaf,1.0,7.1,0.0714536607857312,0.06812826345363658,gbaf,1,0.0033253973320946234,6.805190897653295,6.156999542415003,gbaf,1,0.6481913552382927
yelp,gbaf,concat_mlp,novelty,24594,gbaf,gbaf,concat_mlp,1,0,True,0.95503051633553,0.9314482109948953,gbaf,1,0.023582305340634768,29.0,26.0,gbaf,1.0,3.0,4.418833991324551,4.32672486320344,gbaf,1.0,0.09210912812111083,12.4,11.7,gbaf,1.0,0.7000000000000011,0.033025735697906906,0.03670605779099934,concat_mlp,0,-0.0036803220930924363,3.9780624651411642,3.8514732331868826,gbaf,1,0.12658923195428162
yelp,gbaf,concat_mlp,novelty,78602,gbaf,gbaf,concat_mlp,1,0,True,0.9134019109811273,0.9494810936577195,concat_mlp,0,-0.03607918267659216,31.0,29.0,gbaf,1.0,2.0,4.5386066613968294,4.465077584342487,gbaf,1.0,0.0735290770543422,14.4,14.4,TIE,,0.0,0.07085227312031962,0.05759407095197229,gbaf,1,0.013258202168347333,5.020574375572624,4.5275252881956,gbaf,1,0.4930490873770248
yelp,gbaf,concat_mlp,novelty,2600,concat_mlp,gbaf,concat_mlp,0,1,True,0.9004288494694058,0.8983343178394102,gbaf,0,-0.002094531629995622,28.0,31.0,concat_mlp,1.0,3.0,4.4590695678850025,4.447073510283903,gbaf,0.0,-0.011996057601099785,13.0,14.6,concat_mlp,1.0,1.5999999999999996,0.10605284595270799,0.09047251739453069,gbaf,0,-0.0155803285581773,5.8038353053591845,5.465732710942754,gbaf,0,-0.33810259441643087
yelp,gbaf,concat_mlp,novelty,47111,gbaf,gbaf,concat_mlp,1,0,True,0.9338026820064842,0.9321562471639189,gbaf,1,0.0016464348425653252,36.0,26.0,gbaf,1.0,10.0,4.788341339656748,4.489877254551159,gbaf,1.0,0.2984640851055893,13.6,11.9,gbaf,1.0,1.6999999999999993,0.0525398774293367,0.06943364282972135,concat_mlp,0,-0.016893765400384654,6.915922363367419,4.172915580645435,gbaf,1,2.7430067827219835
yelp,gbaf,concat_mlp,novelty,362,gbaf,gbaf,concat_mlp,1,0,True,0.8672883834393748,0.9445053325690427,concat_mlp,0,-0.07721694912966792,34.0,26.0,gbaf,1.0,8.0,4.605692157010925,4.235448437472884,gbaf,1.0,0.370243719538041,16.3,12.7,gbaf,1.0,3.6000000000000014,0.08314142527735985,0.05006855021912701,gbaf,1,0.03307287505823284,5.90051992242807,4.246945660057366,gbaf,1,1.6535742623707037
yelp,gbaf,concat_mlp,novelty,90313,concat_mlp,gbaf,concat_mlp,0,1,True,0.8436425586951606,0.898727139970917,concat_mlp,1,0.05508458127575644,32.0,29.0,gbaf,0.0,-3.0,4.577546228440225,4.467660956898044,gbaf,0.0,-0.10988527154218097,16.1,14.2,gbaf,0.0,-1.9000000000000021,0.11399744874786318,0.08758919231336167,gbaf,0,-0.02640825643450151,6.2591754057558955,5.01767938306237,gbaf,0,-1.2414960226935259
yelp,gbaf,concat_mlp,novelty,1779,concat_mlp,gbaf,concat_mlp,0,1,True,0.8229915247756315,0.9304443184145421,concat_mlp,1,0.10745279363891058,25.0,30.0,concat_mlp,1.0,5.0,4.12554324176603,4.484372820753984,concat_mlp,1.0,0.35882957898795453,12.1,13.1,concat_mlp,1.0,1.0,0.096097789400415,0.0629748541470193,gbaf,0,-0.0331229352533957,5.3935987242927,4.4168419484988934,gbaf,0,-0.9767567757938069
yelp,gbaf,concat_mlp,novelty,79676,gbaf,gbaf,concat_mlp,1,0,True,0.9040439984548224,0.9257413710762548,concat_mlp,0,-0.021697372621432343,29.0,27.0,gbaf,1.0,2.0,4.497073456788037,4.30130677156408,gbaf,1.0,0.19576668522395746,13.1,14.6,concat_mlp,0.0,-1.5,0.06934389739735371,0.06339981499832271,gbaf,1,0.005944082399030992,6.44140489249572,4.963770696050285,gbaf,1,1.4776341964454351
yelp,gbaf,concat_mlp,novelty,37335,gbaf,gbaf,concat_mlp,1,0,True,0.9373562851213117,0.9050098715660666,gbaf,1,0.032346413555245146,59.0,52.0,gbaf,1.0,7.0,5.5689308519716265,5.358992202471736,gbaf,1.0,0.2099386494998905,19.2,20.1,concat_mlp,0.0,-0.9000000000000021,0.06418779247444763,0.0728429344400758,concat_mlp,0,-0.008655141965628166,7.06907368909808,6.5746543018580965,gbaf,1,0.4944193872399838
yelp,gbaf,concat_mlp,novelty,66818,gbaf,gbaf,concat_mlp,1,0,True,0.9181310783139697,0.9054251484496253,gbaf,1,0.012705929864344379,35.0,32.0,gbaf,1.0,3.0,4.758868161719356,4.6349899593311,gbaf,1.0,0.12387820238825586,17.3,17.2,gbaf,1.0,0.10000000000000142,0.0689747643194306,0.0832357486393525,concat_mlp,0,-0.014260984319921899,5.759091451223723,5.364921642410307,gbaf,1,0.394169808813416
yelp,gbaf,concat_mlp,novelty,83855,concat_mlp,gbaf,concat_mlp,0,1,True,0.9469265505279784,0.9173120818572099,gbaf,0,-0.029614468670768446,25.0,32.0,concat_mlp,1.0,7.0,4.210439608363361,4.7084573552056845,concat_mlp,1.0,0.4980177468423239,11.3,14.4,concat_mlp,1.0,3.0999999999999996,0.02482922601046048,0.047260168283586354,concat_mlp,1,0.022430942273125875,5.1940852269968145,3.677195481771411,gbaf,0,-1.5168897452254035
yelp,gbaf,concat_mlp,novelty,68812,concat_mlp,gbaf,concat_mlp,0,1,True,0.782618088479448,0.9191645705210376,concat_mlp,1,0.1365464820415896,27.0,27.0,TIE,,0.0,4.303206594361432,4.4148325477994685,concat_mlp,1.0,0.11162595343803616,15.2,12.4,gbaf,0.0,-2.799999999999999,0.12325721045982556,0.0756443295211518,gbaf,0,-0.04761288093867376,4.986298513665787,4.265640530933146,gbaf,0,-0.7206579827326411
yelp,gbaf,concat_mlp,novelty,17415,concat_mlp,gbaf,concat_mlp,0,1,True,0.8037698073162209,0.8872718468339618,concat_mlp,1,0.08350203951774082,33.0,25.0,gbaf,0.0,-8.0,4.584822603013426,4.2595682659220415,gbaf,0.0,-0.3252543370913843,15.9,12.4,gbaf,0.0,-3.5,0.0836693414295686,0.09029766519204252,concat_mlp,1,0.006628323762473923,6.1624536428365255,5.200167684478044,gbaf,0,-0.962285958358482
yelp,gbaf,concat_mlp,novelty,93796,concat_mlp,gbaf,concat_mlp,0,1,True,0.8551858779073285,0.926572636074106,concat_mlp,1,0.07138675816677753,19.0,36.0,concat_mlp,1.0,17.0,3.75748398981288,4.741009150817866,concat_mlp,1.0,0.983525161004986,9.8,13.1,concat_mlp,1.0,3.299999999999999,0.11556621872563767,0.07015452113560912,gbaf,0,-0.045411697590028555,4.652229239100558,4.247108521384995,gbaf,0,-0.40512071771556357
yelp,gbaf,concat_mlp,novelty,45970,concat_mlp,gbaf,concat_mlp,0,1,True,0.8740403658254371,0.9551277838504016,concat_mlp,1,0.08108741802496455,19.0,29.0,concat_mlp,1.0,10.0,3.801076880026372,4.489213200706534,concat_mlp,1.0,0.6881363206801625,14.9,13.7,gbaf,0.0,-1.200000000000001,0.03675616047374051,0.02653798544358765,gbaf,0,-0.010218175030152859,5.088292438972742,4.19064066257966,gbaf,0,-0.897651776393082
yelp,gbaf,concat_mlp,novelty,13763,concat_mlp,gbaf,concat_mlp,0,1,True,0.8707836702733088,0.907676384676131,concat_mlp,1,0.03689271440282216,23.0,18.0,gbaf,0.0,-5.0,4.072573883611435,3.730855395239781,gbaf,0.0,-0.341718488371654,11.5,12.3,concat_mlp,1.0,0.8000000000000007,0.07883522003509592,0.08949259036431757,concat_mlp,1,0.01065737032922165,4.054287641361394,3.7993312153915584,gbaf,0,-0.25495642596983537
yelp,gbaf,concat_mlp,novelty,9482,concat_mlp,gbaf,concat_mlp,0,1,True,0.8467398768205476,0.860067872114771,concat_mlp,1,0.01332799529422335,31.0,30.0,gbaf,0.0,-1.0,4.542449864961815,4.53311540744139,gbaf,0.0,-0.009334457520424166,16.7,15.6,gbaf,0.0,-1.0999999999999996,0.09256766061376406,0.0985761023945084,concat_mlp,1,0.0060084417807443335,6.309251959925723,5.287763592726426,gbaf,0,-1.0214883671992965
yelp,gbaf,concat_mlp,novelty,78002,gbaf,gbaf,concat_mlp,1,0,True,0.9060521384158187,0.9332199689241846,concat_mlp,0,-0.02716783050836591,37.0,20.0,gbaf,1.0,17.0,4.735597625851954,3.8914460711655217,gbaf,1.0,0.844151554686432,16.6,12.1,gbaf,1.0,4.500000000000002,0.08879766719103271,0.05915597195589083,gbaf,1,0.02964169523514188,4.678824373533724,4.132845339853654,gbaf,1,0.5459790336800694
yelp,gbaf,concat_mlp,novelty,47816,gbaf,gbaf,concat_mlp,1,0,True,0.9110974363123375,0.906646728201848,gbaf,1,0.004450708110489532,36.0,37.0,concat_mlp,0.0,-1.0,4.875728750643392,4.883488614899737,concat_mlp,0.0,-0.007759864256344784,13.2,14.6,concat_mlp,0.0,-1.4000000000000004,0.08586405368575278,0.0804175947668926,gbaf,1,0.005446458918860184,4.234194971921021,4.500862089429645,concat_mlp,0,-0.26666711750862415
yelp,gbaf,concat_mlp,novelty,83363,concat_mlp,gbaf,concat_mlp,0,1,True,0.7868182819431537,0.833247242072648,concat_mlp,1,0.04642896012949427,27.0,34.0,concat_mlp,1.0,7.0,4.339822782008756,4.738608500731241,concat_mlp,1.0,0.39878571872248436,12.9,16.3,concat_mlp,1.0,3.4000000000000004,0.19142240349043935,0.1532895193376796,gbaf,0,-0.038132884152759755,4.070152172205026,4.713318962772416,concat_mlp,1,0.6431667905673901
yelp,gbaf,concat_mlp,novelty,61591,gbaf,gbaf,concat_mlp,1,0,True,0.8958271310987265,0.8771022854600661,gbaf,1,0.018724845638660392,60.0,35.0,gbaf,1.0,25.0,5.514671736921347,4.686994464322286,gbaf,1.0,0.8276772725990611,22.8,17.2,gbaf,1.0,5.600000000000001,0.07215592331589556,0.07924377496416429,concat_mlp,0,-0.0070878516482687365,6.633429716021401,5.647646320105222,gbaf,1,0.9857833959161786
yelp,gbaf,concat_mlp,novelty,51956,gbaf,gbaf,concat_mlp,1,0,True,0.917083594720655,0.904073330094193,gbaf,1,0.013010264626462043,57.0,32.0,gbaf,1.0,25.0,5.5107504430081615,4.540677064198123,gbaf,1.0,0.9700733788100386,19.6,13.9,gbaf,1.0,5.700000000000001,0.09102284452686496,0.0740082628889244,gbaf,1,0.017014581637940562,6.977089000025276,6.224203261090361,gbaf,1,0.7528857389349151
yelp,gbaf,concat_mlp,novelty,34176,gbaf,gbaf,concat_mlp,1,0,True,0.9079911485351329,0.9117551415691273,concat_mlp,0,-0.0037639930339944394,32.0,25.0,gbaf,1.0,7.0,4.625814583693911,4.262758923112445,gbaf,1.0,0.3630556605814661,13.5,13.5,TIE,,0.0,0.0747072428823472,0.08098617135645185,concat_mlp,0,-0.0062789284741046475,5.810416173613705,4.731450368226478,gbaf,1,1.0789658053872264
yelp,gbaf,concat_mlp,novelty,88044,concat_mlp,gbaf,concat_mlp,0,1,True,0.7150946963215767,0.8131145218606439,concat_mlp,1,0.09801982553906718,26.0,35.0,concat_mlp,1.0,9.0,4.222464452110132,4.781833066041455,concat_mlp,1.0,0.5593686139313228,15.6,19.0,concat_mlp,1.0,3.4000000000000004,0.13462794422641686,0.1228843005583193,gbaf,0,-0.011743643668097561,6.92788551788294,6.525549151519473,gbaf,0,-0.4023363663634667
yelp,gbaf,concat_mlp,novelty,797,concat_mlp,gbaf,concat_mlp,0,1,True,0.6227666012872305,0.9564195576690624,concat_mlp,1,0.3336529563818319,17.0,44.0,concat_mlp,1.0,27.0,3.547461626222474,5.137602043731117,concat_mlp,1.0,1.5901404175086427,12.7,17.9,concat_mlp,1.0,5.199999999999999,0.20945565821798304,0.05399032861416757,gbaf,0,-0.15546532960381548,3.3737940486509075,3.5932773290401827,concat_mlp,1,0.21948328038927523
yelp,gbaf,concat_mlp,novelty,23067,gbaf,gbaf,concat_mlp,1,0,True,0.7105442767163377,0.8767586359948824,concat_mlp,0,-0.16621435927854467,31.0,22.0,gbaf,1.0,9.0,4.459473673110791,4.0709505944546684,gbaf,1.0,0.3885230786561227,20.8,11.6,gbaf,1.0,9.200000000000001,0.19474851439087126,0.13563020254044644,gbaf,1,0.05911831185042482,5.295719359586295,4.035686814891188,gbaf,1,1.2600325446951066
yelp,gbaf,concat_mlp,novelty,94832,concat_mlp,gbaf,concat_mlp,0,1,True,0.8891353674591818,0.8838231059406224,gbaf,0,-0.005312261518559347,33.0,42.0,concat_mlp,1.0,9.0,4.6219975301118374,5.003701696057348,concat_mlp,1.0,0.3817041659455107,14.8,19.6,concat_mlp,1.0,4.800000000000001,0.10244089860763891,0.07799991426034587,gbaf,0,-0.02444098434729304,4.920407934104086,4.677626847635734,gbaf,0,-0.2427810864683515
yelp,gbaf,concat_mlp,novelty,4565,gbaf,gbaf,concat_mlp,1,0,True,0.8040574731534511,0.8127620202767043,concat_mlp,0,-0.008704547123253192,32.0,26.0,gbaf,1.0,6.0,4.590021650946749,4.308647310430094,gbaf,1.0,0.28137434051665533,16.0,17.0,concat_mlp,0.0,-1.0,0.18112274835543934,0.18273519024044949,concat_mlp,0,-0.0016124418850101407,4.860265578162096,4.736419800657184,gbaf,1,0.12384577750491221
yelp,gbaf,concat_mlp,novelty,92688,concat_mlp,gbaf,concat_mlp,0,1,True,0.9080173409625568,0.9339097645458042,concat_mlp,1,0.025892423583247393,33.0,34.0,concat_mlp,1.0,1.0,4.640723149067329,4.677944218869905,concat_mlp,1.0,0.03722106980257678,14.7,13.9,gbaf,0.0,-0.7999999999999989,0.0674502286643957,0.06281289987408557,gbaf,0,-0.004637328790310133,6.419899233952464,5.15256049977989,gbaf,0,-1.267338734172574
yelp,gbaf,concat_mlp,novelty,73732,concat_mlp,gbaf,concat_mlp,0,1,True,0.8010779256070397,0.9068946531681271,concat_mlp,1,0.1058167275610874,29.0,27.0,gbaf,0.0,-2.0,4.411342601791829,4.349275070710715,gbaf,0.0,-0.06206753108111407,14.9,13.2,gbaf,0.0,-1.700000000000001,0.13799337615047497,0.09853909644707366,gbaf,0,-0.039454279703401304,5.240941948598339,4.648647670806239,gbaf,0,-0.5922942777920994
yelp,gbaf,concat_mlp,novelty,64669,concat_mlp,gbaf,concat_mlp,0,1,True,0.8823033766514837,0.8875969520216814,concat_mlp,1,0.005293575370197701,31.0,28.0,gbaf,0.0,-3.0,4.626990803617331,4.336526894582073,gbaf,0.0,-0.29046390903525765,17.0,14.6,gbaf,0.0,-2.4000000000000004,0.079097249206509,0.0815523051005862,concat_mlp,1,0.002455055894077199,5.468588720097221,5.5145658398252015,concat_mlp,1,0.04597711972798013
yelp,gbaf,concat_mlp,novelty,5457,concat_mlp,gbaf,concat_mlp,0,1,True,0.8683122209814688,0.8778644559498219,concat_mlp,1,0.009552234968353113,27.0,33.0,concat_mlp,1.0,6.0,4.3091145696042465,4.723856189774724,concat_mlp,1.0,0.4147416201704779,12.4,12.4,TIE,,0.0,0.1122579563596836,0.10589508510164905,gbaf,0,-0.006362871258034544,4.5846005045667795,3.783969824325068,gbaf,0,-0.8006306802417114
yelp,gbaf,concat_mlp,relevance,19308,concat_mlp,gbaf,concat_mlp,0,1,True,0.8954516076172911,0.9027806899124875,concat_mlp,1,0.007329082295196354,58.0,36.0,gbaf,0.0,-22.0,5.480806511773303,4.693997169697762,gbaf,0.0,-0.7868093420755411,22.7,15.6,gbaf,0.0,-7.1,0.0714536607857312,0.06812826345363658,gbaf,0,-0.0033253973320946234,6.805190897653295,6.156999542415003,gbaf,0,-0.6481913552382927
yelp,gbaf,concat_mlp,relevance,24594,concat_mlp,gbaf,concat_mlp,0,1,True,0.95503051633553,0.9314482109948953,gbaf,0,-0.023582305340634768,29.0,26.0,gbaf,0.0,-3.0,4.418833991324551,4.32672486320344,gbaf,0.0,-0.09210912812111083,12.4,11.7,gbaf,0.0,-0.7000000000000011,0.033025735697906906,0.03670605779099934,concat_mlp,1,0.0036803220930924363,3.9780624651411642,3.8514732331868826,gbaf,0,-0.12658923195428162
yelp,gbaf,concat_mlp,relevance,18930,gbaf,gbaf,concat_mlp,1,0,True,0.831315661230475,0.8812143681556331,concat_mlp,0,-0.04989870692515819,25.0,31.0,concat_mlp,0.0,-6.0,4.234303777695201,4.520970228554427,concat_mlp,0.0,-0.2866664508592258,14.6,14.0,gbaf,1.0,0.5999999999999996,0.10102623323010841,0.08710531614279272,gbaf,1,0.013920917087315687,6.135161610035295,5.351805084536688,gbaf,1,0.7833565254986077
yelp,gbaf,concat_mlp,relevance,81116,concat_mlp,gbaf,concat_mlp,0,1,True,0.912298670665333,0.9543826479721306,concat_mlp,1,0.04208397730679758,33.0,39.0,concat_mlp,1.0,6.0,4.629875233960101,4.963402098405836,concat_mlp,1.0,0.33352686444573454,15.9,16.3,concat_mlp,1.0,0.40000000000000036,0.06542602554198669,0.05270452927115229,gbaf,0,-0.012721496270834402,6.07155772927985,4.47401207891627,gbaf,0,-1.59754565036358
yelp,gbaf,concat_mlp,relevance,2600,gbaf,gbaf,concat_mlp,1,0,True,0.9004288494694058,0.8983343178394102,gbaf,1,0.002094531629995622,28.0,31.0,concat_mlp,0.0,-3.0,4.4590695678850025,4.447073510283903,gbaf,1.0,0.011996057601099785,13.0,14.6,concat_mlp,0.0,-1.5999999999999996,0.10605284595270799,0.09047251739453069,gbaf,1,0.0155803285581773,5.8038353053591845,5.465732710942754,gbaf,1,0.33810259441643087
yelp,gbaf,concat_mlp,relevance,33987,gbaf,gbaf,concat_mlp,1,0,True,0.7676764061104568,0.9185779074386982,concat_mlp,0,-0.15090150132824132,21.0,21.0,TIE,,0.0,3.8814893607725276,4.002701394334311,concat_mlp,0.0,-0.12121203356178345,14.2,11.8,gbaf,1.0,2.3999999999999986,0.13676142712524336,0.037439039521469444,gbaf,1,0.09932238760377392,4.704295586191661,3.179262381936671,gbaf,1,1.5250332042549894
yelp,gbaf,concat_mlp,relevance,362,gbaf,gbaf,concat_mlp,1,0,True,0.8672883834393748,0.9445053325690427,concat_mlp,0,-0.07721694912966792,34.0,26.0,gbaf,1.0,8.0,4.605692157010925,4.235448437472884,gbaf,1.0,0.370243719538041,16.3,12.7,gbaf,1.0,3.6000000000000014,0.08314142527735985,0.05006855021912701,gbaf,1,0.03307287505823284,5.90051992242807,4.246945660057366,gbaf,1,1.6535742623707037
yelp,gbaf,concat_mlp,relevance,92790,gbaf,gbaf,concat_mlp,1,0,True,0.9197931470250247,0.9442041322909948,concat_mlp,0,-0.024410985265970075,40.0,35.0,gbaf,1.0,5.0,4.9121356958251114,4.749922332557376,gbaf,1.0,0.1622133632677354,16.2,14.3,gbaf,1.0,1.8999999999999986,0.08350560620932036,0.05764757532632105,gbaf,1,0.02585803088299931,5.605623867000028,5.212247876902448,gbaf,1,0.39337599009757973
yelp,gbaf,concat_mlp,relevance,49896,concat_mlp,gbaf,concat_mlp,0,1,True,0.8870297066204852,0.9141940435648371,concat_mlp,1,0.02716433694435194,35.0,36.0,concat_mlp,1.0,1.0,4.704638702203759,4.749922332557375,concat_mlp,1.0,0.045283630353615933,13.2,13.4,concat_mlp,1.0,0.20000000000000107,0.10711101190206486,0.09001720247274529,gbaf,0,-0.017093809429319567,6.425711869535846,5.862666058863166,gbaf,0,-0.5630458106726799
yelp,gbaf,concat_mlp,relevance,79676,concat_mlp,gbaf,concat_mlp,0,1,True,0.9040439984548224,0.9257413710762548,concat_mlp,1,0.021697372621432343,29.0,27.0,gbaf,0.0,-2.0,4.497073456788037,4.30130677156408,gbaf,0.0,-0.19576668522395746,13.1,14.6,concat_mlp,1.0,1.5,0.06934389739735371,0.06339981499832271,gbaf,0,-0.005944082399030992,6.44140489249572,4.963770696050285,gbaf,0,-1.4776341964454351
yelp,gbaf,concat_mlp,relevance,58992,gbaf,gbaf,concat_mlp,1,0,True,0.9643948365987606,0.9409255757075176,gbaf,1,0.023469260891243016,24.0,26.0,concat_mlp,0.0,-2.0,4.106577386784374,4.250075316801687,concat_mlp,0.0,-0.14349793001731292,10.1,12.2,concat_mlp,0.0,-2.0999999999999996,0.05519198622523192,0.05146101338340404,gbaf,1,0.0037309728418278842,6.1213726409806295,4.268018237572986,gbaf,1,1.8533544034076437
yelp,gbaf,concat_mlp,relevance,66818,gbaf,gbaf,concat_mlp,1,0,True,0.9181310783139697,0.9054251484496253,gbaf,1,0.012705929864344379,35.0,32.0,gbaf,1.0,3.0,4.758868161719356,4.6349899593311,gbaf,1.0,0.12387820238825586,17.3,17.2,gbaf,1.0,0.10000000000000142,0.0689747643194306,0.0832357486393525,concat_mlp,0,-0.014260984319921899,5.759091451223723,5.364921642410307,gbaf,1,0.394169808813416
yelp,gbaf,concat_mlp,relevance,83855,concat_mlp,gbaf,concat_mlp,0,1,True,0.9469265505279784,0.9173120818572099,gbaf,0,-0.029614468670768446,25.0,32.0,concat_mlp,1.0,7.0,4.210439608363361,4.7084573552056845,concat_mlp,1.0,0.4980177468423239,11.3,14.4,concat_mlp,1.0,3.0999999999999996,0.02482922601046048,0.047260168283586354,concat_mlp,1,0.022430942273125875,5.1940852269968145,3.677195481771411,gbaf,0,-1.5168897452254035
yelp,gbaf,concat_mlp,relevance,68812,gbaf,gbaf,concat_mlp,1,0,True,0.782618088479448,0.9191645705210376,concat_mlp,0,-0.1365464820415896,27.0,27.0,TIE,,0.0,4.303206594361432,4.4148325477994685,concat_mlp,0.0,-0.11162595343803616,15.2,12.4,gbaf,1.0,2.799999999999999,0.12325721045982556,0.0756443295211518,gbaf,1,0.04761288093867376,4.986298513665787,4.265640530933146,gbaf,1,0.7206579827326411
yelp,gbaf,concat_mlp,relevance,93796,gbaf,gbaf,concat_mlp,1,0,True,0.8551858779073285,0.926572636074106,concat_mlp,0,-0.07138675816677753,19.0,36.0,concat_mlp,0.0,-17.0,3.75748398981288,4.741009150817866,concat_mlp,0.0,-0.983525161004986,9.8,13.1,concat_mlp,0.0,-3.299999999999999,0.11556621872563767,0.07015452113560912,gbaf,1,0.045411697590028555,4.652229239100558,4.247108521384995,gbaf,1,0.40512071771556357
yelp,gbaf,concat_mlp,relevance,45970,gbaf,gbaf,concat_mlp,1,0,True,0.8740403658254371,0.9551277838504016,concat_mlp,0,-0.08108741802496455,19.0,29.0,concat_mlp,0.0,-10.0,3.801076880026372,4.489213200706534,concat_mlp,0.0,-0.6881363206801625,14.9,13.7,gbaf,1.0,1.200000000000001,0.03675616047374051,0.02653798544358765,gbaf,1,0.010218175030152859,5.088292438972742,4.19064066257966,gbaf,1,0.897651776393082
yelp,gbaf,concat_mlp,relevance,78002,gbaf,gbaf,concat_mlp,1,0,True,0.9060521384158187,0.9332199689241846,concat_mlp,0,-0.02716783050836591,37.0,20.0,gbaf,1.0,17.0,4.735597625851954,3.8914460711655217,gbaf,1.0,0.844151554686432,16.6,12.1,gbaf,1.0,4.500000000000002,0.08879766719103271,0.05915597195589083,gbaf,1,0.02964169523514188,4.678824373533724,4.132845339853654,gbaf,1,0.5459790336800694
yelp,gbaf,concat_mlp,relevance,47816,concat_mlp,gbaf,concat_mlp,0,1,True,0.9110974363123375,0.906646728201848,gbaf,0,-0.004450708110489532,36.0,37.0,concat_mlp,1.0,1.0,4.875728750643392,4.883488614899737,concat_mlp,1.0,0.007759864256344784,13.2,14.6,concat_mlp,1.0,1.4000000000000004,0.08586405368575278,0.0804175947668926,gbaf,0,-0.005446458918860184,4.234194971921021,4.500862089429645,concat_mlp,1,0.26666711750862415
yelp,gbaf,concat_mlp,relevance,23620,concat_mlp,gbaf,concat_mlp,0,1,True,0.8937392132252685,0.9330148766439402,concat_mlp,1,0.039275663418671725,19.0,23.0,concat_mlp,1.0,4.0,3.7506920561414607,4.073261473269281,concat_mlp,1.0,0.3225694171278204,10.9,11.9,concat_mlp,1.0,1.0,0.044482312596565904,0.04912479189432953,concat_mlp,1,0.004642479297763624,4.264625658337707,3.7329947328041406,gbaf,0,-0.5316309255335661
yelp,gbaf,concat_mlp,relevance,83363,gbaf,gbaf,concat_mlp,1,0,True,0.7868182819431537,0.833247242072648,concat_mlp,0,-0.04642896012949427,27.0,34.0,concat_mlp,0.0,-7.0,4.339822782008756,4.738608500731241,concat_mlp,0.0,-0.39878571872248436,12.9,16.3,concat_mlp,0.0,-3.4000000000000004,0.19142240349043935,0.1532895193376796,gbaf,1,0.038132884152759755,4.070152172205026,4.713318962772416,concat_mlp,0,-0.6431667905673901
yelp,gbaf,concat_mlp,relevance,61591,gbaf,gbaf,concat_mlp,1,0,True,0.8958271310987265,0.8771022854600661,gbaf,1,0.018724845638660392,60.0,35.0,gbaf,1.0,25.0,5.514671736921347,4.686994464322286,gbaf,1.0,0.8276772725990611,22.8,17.2,gbaf,1.0,5.600000000000001,0.07215592331589556,0.07924377496416429,concat_mlp,0,-0.0070878516482687365,6.633429716021401,5.647646320105222,gbaf,1,0.9857833959161786
yelp,gbaf,concat_mlp,relevance,34176,concat_mlp,gbaf,concat_mlp,0,1,True,0.9079911485351329,0.9117551415691273,concat_mlp,1,0.0037639930339944394,32.0,25.0,gbaf,0.0,-7.0,4.625814583693911,4.262758923112445,gbaf,0.0,-0.3630556605814661,13.5,13.5,TIE,,0.0,0.0747072428823472,0.08098617135645185,concat_mlp,1,0.0062789284741046475,5.810416173613705,4.731450368226478,gbaf,0,-1.0789658053872264
yelp,gbaf,concat_mlp,relevance,797,gbaf,gbaf,concat_mlp,1,0,True,0.6227666012872305,0.9564195576690624,concat_mlp,0,-0.3336529563818319,17.0,44.0,concat_mlp,0.0,-27.0,3.547461626222474,5.137602043731117,concat_mlp,0.0,-1.5901404175086427,12.7,17.9,concat_mlp,0.0,-5.199999999999999,0.20945565821798304,0.05399032861416757,gbaf,1,0.15546532960381548,3.3737940486509075,3.5932773290401827,concat_mlp,0,-0.21948328038927523
yelp,gbaf,concat_mlp,relevance,23067,concat_mlp,gbaf,concat_mlp,0,1,True,0.7105442767163377,0.8767586359948824,concat_mlp,1,0.16621435927854467,31.0,22.0,gbaf,0.0,-9.0,4.459473673110791,4.0709505944546684,gbaf,0.0,-0.3885230786561227,20.8,11.6,gbaf,0.0,-9.200000000000001,0.19474851439087126,0.13563020254044644,gbaf,0,-0.05911831185042482,5.295719359586295,4.035686814891188,gbaf,0,-1.2600325446951066
yelp,gbaf,concat_mlp,relevance,94832,gbaf,gbaf,concat_mlp,1,0,True,0.8891353674591818,0.8838231059406224,gbaf,1,0.005312261518559347,33.0,42.0,concat_mlp,0.0,-9.0,4.6219975301118374,5.003701696057348,concat_mlp,0.0,-0.3817041659455107,14.8,19.6,concat_mlp,0.0,-4.800000000000001,0.10244089860763891,0.07799991426034587,gbaf,1,0.02444098434729304,4.920407934104086,4.677626847635734,gbaf,1,0.2427810864683515
yelp,gbaf,concat_mlp,relevance,50442,gbaf,gbaf,concat_mlp,1,0,True,0.8860959820236141,0.9337654657489995,concat_mlp,0,-0.047669483725385486,43.0,25.0,gbaf,1.0,18.0,5.172909100532566,4.239822782008756,gbaf,1.0,0.9330863185238103,15.4,11.7,gbaf,1.0,3.700000000000001,0.08982450703838404,0.08200699466660233,gbaf,1,0.007817512371781715,4.833789471094571,4.823311104294584,gbaf,1,0.010478366799986816
yelp,gbaf,concat_mlp,relevance,4565,concat_mlp,gbaf,concat_mlp,0,1,True,0.8040574731534511,0.8127620202767043,concat_mlp,1,0.008704547123253192,32.0,26.0,gbaf,0.0,-6.0,4.590021650946749,4.308647310430094,gbaf,0.0,-0.28137434051665533,16.0,17.0,concat_mlp,1.0,1.0,0.18112274835543934,0.18273519024044949,concat_mlp,1,0.0016124418850101407,4.860265578162096,4.736419800657184,gbaf,0,-0.12384577750491221
yelp,gbaf,concat_mlp,relevance,88855,gbaf,gbaf,concat_mlp,1,0,True,0.8676696179876321,0.8381803265620914,gbaf,1,0.029489291425540687,37.0,29.0,gbaf,1.0,8.0,4.759421368203101,4.37970604880628,gbaf,1.0,0.379715319396821,16.4,14.5,gbaf,1.0,1.8999999999999986,0.11716048022895335,0.13358987463669325,concat_mlp,0,-0.016429394407739897,6.479602200872746,4.7103299094736855,gbaf,1,1.7692722913990604
yelp,gbaf,concat_mlp,relevance,97264,concat_mlp,gbaf,concat_mlp,0,1,True,0.8838217875987243,0.9257421943012973,concat_mlp,1,0.04192040670257302,59.0,36.0,gbaf,0.0,-23.0,5.55833185240747,4.809808796515998,gbaf,0.0,-0.7485230558914715,20.3,14.2,gbaf,0.0,-6.100000000000001,0.08879981633896565,0.08430757776015721,gbaf,0,-0.004492238578808441,6.698548370759139,5.523787787162411,gbaf,0,-1.1747605835967274
yelp,gbaf,concat_mlp,relevance,20211,concat_mlp,gbaf,concat_mlp,0,1,True,0.8834487709295722,0.8724801315366637,gbaf,0,-0.010968639392908486,35.0,32.0,gbaf,0.0,-3.0,4.764945619552432,4.608095716770613,gbaf,0.0,-0.15684990278181843,16.3,15.9,gbaf,0.0,-0.40000000000000036,0.08800173983584197,0.11842478344370362,concat_mlp,1,0.030423043607861647,6.411190784082008,5.291026512529024,gbaf,0,-1.1201642715529836
yelp,gbaf,fixed,balanced,24594,gbaf,gbaf,gbaf,1,1,False,0.95503051633553,0.9472476526376116,gbaf,1,0.007782863697918474,29.0,28.0,gbaf,1.0,1.0,4.418833991324551,4.352135539906904,gbaf,1.0,0.06669845141764696,12.4,14.8,fixed,0.0,-2.4000000000000004,0.033025735697906906,0.02848713110996086,gbaf,1,0.004538604587946048,3.9780624651411642,3.7981625104735386,gbaf,1,0.17989995466762565
yelp,gbaf,fixed,balanced,18930,gbaf,gbaf,gbaf,1,1,False,0.831315661230475,0.9168321435574467,fixed,0,-0.08551648232697173,25.0,28.0,fixed,0.0,-3.0,4.234303777695201,4.420830094435546,fixed,0.0,-0.1865263167403448,14.6,13.5,gbaf,1.0,1.0999999999999996,0.10102623323010841,0.07877940252109161,gbaf,1,0.0222468307090168,6.135161610035295,4.02082367573656,gbaf,1,2.114337934298735
yelp,gbaf,fixed,balanced,18392,gbaf,gbaf,gbaf,1,1,False,0.856095638253162,0.8311360773354097,gbaf,1,0.02495956091775231,31.0,24.0,gbaf,1.0,7.0,4.452644353612962,4.172923306112224,gbaf,1.0,0.2797210475007379,14.1,16.8,fixed,0.0,-2.700000000000001,0.15762151649569955,0.12460398354482233,gbaf,1,0.033017532950877226,5.2370110628694135,4.09792936499621,gbaf,1,1.1390816978732037
yelp,gbaf,fixed,balanced,47111,gbaf,gbaf,gbaf,1,1,False,0.9338026820064842,0.7790758172996292,gbaf,1,0.15472686470685504,36.0,53.0,fixed,0.0,-17.0,4.788341339656748,5.277242182760813,fixed,0.0,-0.4889008431040649,13.6,21.4,fixed,0.0,-7.799999999999999,0.0525398774293367,0.046972475092089565,gbaf,1,0.005567402337247132,6.915922363367419,5.84807658207932,gbaf,1,1.0678457812880993
yelp,gbaf,fixed,balanced,92790,gbaf,gbaf,gbaf,1,1,False,0.9197931470250247,0.8113177484291678,gbaf,1,0.10847539859585686,40.0,40.0,TIE,,0.0,4.9121356958251114,4.81984288189567,gbaf,1.0,0.09229281392944166,16.2,19.7,fixed,0.0,-3.5,0.08350560620932036,0.08381740406396791,fixed,0,-0.0003117978546475497,5.605623867000028,4.277437727426252,gbaf,1,1.3281861395737762
yelp,gbaf,fixed,balanced,90313,gbaf,gbaf,gbaf,1,1,False,0.8436425586951606,0.8240520039991461,gbaf,1,0.01959055469601445,32.0,29.0,gbaf,1.0,3.0,4.577546228440225,4.450089456697305,gbaf,1.0,0.1274567717429198,16.1,14.2,gbaf,1.0,1.9000000000000021,0.11399744874786318,0.09112922725269648,gbaf,1,0.022868221495166693,6.2591754057558955,4.254138038298451,gbaf,1,2.0050373674574447
yelp,gbaf,fixed,balanced,1779,fixed,gbaf,gbaf,0,0,False,0.8229915247756315,0.663771142128684,gbaf,0,-0.1592203826469475,25.0,20.0,gbaf,0.0,-5.0,4.12554324176603,3.8323879062535546,gbaf,0.0,-0.2931553355124752,12.1,14.0,fixed,1.0,1.9000000000000004,0.096097789400415,0.13263951239416827,fixed,1,0.03654172299375327,5.3935987242927,4.871403719619489,gbaf,0,-0.5221950046732111
yelp,gbaf,fixed,balanced,37335,gbaf,gbaf,gbaf,1,1,False,0.9373562851213117,0.7208354943075366,gbaf,1,0.21652079081377518,59.0,54.0,gbaf,1.0,5.0,5.5689308519716265,5.273673636887188,gbaf,1.0,0.2952572150844386,19.2,22.3,fixed,0.0,-3.1000000000000014,0.06418779247444763,0.06150475469836723,gbaf,1,0.0026830377760804006,7.06907368909808,6.104993363691478,gbaf,1,0.9640803254066022
yelp,gbaf,fixed,balanced,68812,gbaf,gbaf,gbaf,1,1,False,0.782618088479448,0.6391620082588907,gbaf,1,0.14345608022055734,27.0,17.0,gbaf,1.0,10.0,4.303206594361432,3.495691916134907,gbaf,1.0,0.8075146782265255,15.2,14.1,gbaf,1.0,1.0999999999999996,0.12325721045982556,0.11567133361655985,gbaf,1,0.0075858768432657125,4.986298513665787,4.109411106785439,gbaf,1,0.876887406880348
yelp,gbaf,fixed,balanced,93796,gbaf,gbaf,gbaf,1,1,False,0.8551858779073285,0.8704643326542066,fixed,0,-0.015278454746878167,19.0,19.0,TIE,,0.0,3.75748398981288,3.7230178469771475,gbaf,1.0,0.03446614283573224,9.8,10.7,fixed,0.0,-0.8999999999999986,0.11556621872563767,0.08761626573367465,gbaf,1,0.027949952991963026,4.652229239100558,3.1673809136484996,gbaf,1,1.4848483254520586
yelp,gbaf,fixed,balanced,13763,gbaf,gbaf,gbaf,1,1,False,0.8707836702733088,0.904661649526212,fixed,0,-0.033877979252903145,23.0,27.0,fixed,0.0,-4.0,4.072573883611435,4.291688760972385,fixed,0.0,-0.21911487736095037,11.5,13.8,fixed,0.0,-2.3000000000000007,0.07883522003509592,0.04946666426100529,gbaf,1,0.029368555774090636,4.054287641361394,3.7671172499172423,gbaf,1,0.28717039144415146
yelp,gbaf,fixed,balanced,9482,gbaf,gbaf,gbaf,1,1,False,0.8467398768205476,0.9143922831250733,fixed,0,-0.06765240630452563,31.0,32.0,fixed,0.0,-1.0,4.542449864961815,4.756328385912461,fixed,0.0,-0.2138785209506464,16.7,12.9,gbaf,1.0,3.799999999999999,0.09256766061376406,0.07631327687458571,gbaf,1,0.016254383739178355,6.309251959925723,3.128448878888896,gbaf,1,3.1808030810368266
yelp,gbaf,fixed,balanced,47816,fixed,gbaf,gbaf,0,0,False,0.9110974363123375,0.8953663855827065,gbaf,0,-0.01573105072963099,36.0,21.0,gbaf,0.0,-15.0,4.875728750643392,3.9209378720695263,gbaf,0.0,-0.9547908785738661,13.2,10.8,gbaf,0.0,-2.3999999999999986,0.08586405368575278,0.09567804025284136,fixed,1,0.009813986567088581,4.234194971921021,3.742274922678713,gbaf,0,-0.4919200492423075
yelp,gbaf,fixed,balanced,61591,gbaf,gbaf,gbaf,1,1,False,0.8958271310987265,0.8720107541435715,gbaf,1,0.023816376955154928,60.0,27.0,gbaf,1.0,33.0,5.514671736921347,4.293044600614918,gbaf,1.0,1.221627136306429,22.8,15.8,gbaf,1.0,7.0,0.07215592331589556,0.06558241196195472,gbaf,1,0.006573511353940839,6.633429716021401,5.295222659674497,gbaf,1,1.3382070563469037
yelp,gbaf,fixed,balanced,34176,gbaf,gbaf,gbaf,1,1,False,0.9079911485351329,0.8859945742222419,gbaf,1,0.021996574312890926,32.0,32.0,TIE,,0.0,4.625814583693911,4.613386137251933,gbaf,1.0,0.01242844644197838,13.5,15.1,fixed,0.0,-1.5999999999999996,0.0747072428823472,0.09388992511509033,fixed,0,-0.019182682232743123,5.810416173613705,4.906713086612016,gbaf,1,0.9037030870016887
yelp,gbaf,fixed,balanced,88044,gbaf,gbaf,gbaf,1,1,False,0.7150946963215767,0.7125710602325259,gbaf,1,0.002523636089050818,26.0,20.0,gbaf,1.0,6.0,4.222464452110132,3.8443645876860675,gbaf,1.0,0.3780998644240645,15.6,14.2,gbaf,1.0,1.4000000000000004,0.13462794422641686,0.13875458990128414,fixed,0,-0.004126645674867285,6.92788551788294,4.728237781674951,gbaf,1,2.1996477362079894
yelp,gbaf,fixed,balanced,797,gbaf,gbaf,gbaf,1,1,False,0.6227666012872305,0.797092816126757,fixed,0,-0.17432621483952648,17.0,20.0,fixed,0.0,-3.0,3.547461626222474,4.016673874241777,fixed,0.0,-0.4692122480193026,12.7,13.7,fixed,0.0,-1.0,0.20945565821798304,0.16073472370033987,gbaf,1,0.04872093451764317,3.3737940486509075,3.4112735971561,fixed,0,-0.03747954850519264
yelp,gbaf,fixed,balanced,94832,gbaf,gbaf,gbaf,1,1,False,0.8891353674591818,0.8964488630993681,fixed,0,-0.0073134956401863516,33.0,23.0,gbaf,1.0,10.0,4.6219975301118374,4.020122960058874,gbaf,1.0,0.6018745700529635,14.8,14.6,gbaf,1.0,0.20000000000000107,0.10244089860763891,0.04958525151672842,gbaf,1,0.05285564709091049,4.920407934104086,3.7138213736426438,gbaf,1,1.2065865604614419
yelp,gbaf,fixed,balanced,50442,gbaf,gbaf,gbaf,1,1,False,0.8860959820236141,0.8287405422941037,gbaf,1,0.057355439729510405,43.0,39.0,gbaf,1.0,4.0,5.172909100532566,4.837299423838764,gbaf,1.0,0.33560967669380215,15.4,16.6,fixed,0.0,-1.200000000000001,0.08982450703838404,0.10448592334488026,fixed,0,-0.014661416306496214,4.833789471094571,4.856963034923807,fixed,0,-0.02317356382923652
yelp,gbaf,fixed,balanced,92688,gbaf,gbaf,gbaf,1,1,False,0.9080173409625568,0.7851523846856692,gbaf,1,0.12286495627688765,33.0,55.0,fixed,0.0,-22.0,4.640723149067329,5.323563380781244,fixed,0.0,-0.6828402317139153,14.7,22.8,fixed,0.0,-8.100000000000001,0.0674502286643957,0.11367798714629997,fixed,0,-0.04622775848190426,6.419899233952464,6.121705910935639,gbaf,1,0.29819332301682433
yelp,gbaf,fixed,balanced,73732,gbaf,gbaf,gbaf,1,1,False,0.8010779256070397,0.8849094252478872,fixed,0,-0.08383149964084746,29.0,29.0,TIE,,0.0,4.411342601791829,4.463888030795445,fixed,0.0,-0.05254542900361603,14.9,12.7,gbaf,1.0,2.200000000000001,0.13799337615047497,0.11077067426868431,gbaf,1,0.027222701881790656,5.240941948598339,4.056364225798542,gbaf,1,1.184577722799797
yelp,gbaf,fixed,balanced,97264,fixed,gbaf,gbaf,0,0,False,0.8838217875987243,0.8034321481380186,gbaf,0,-0.08038963946070576,59.0,58.0,gbaf,0.0,-1.0,5.55833185240747,5.415826051251887,gbaf,0.0,-0.14250580115558265,20.3,22.4,fixed,1.0,2.099999999999998,0.08879981633896565,0.10277461177894304,fixed,1,0.013974795439977386,6.698548370759139,6.645279954261021,gbaf,0,-0.053268416498117865
yelp,gbaf,fixed,balanced,64669,gbaf,gbaf,gbaf,1,1,False,0.8823033766514837,0.7037952781400837,gbaf,1,0.17850809851140004,31.0,25.0,gbaf,1.0,6.0,4.626990803617331,4.000367174292821,gbaf,1.0,0.6266236293245102,17.0,16.6,gbaf,1.0,0.3999999999999986,0.079097249206509,0.11675632685657253,fixed,0,-0.03765907765006353,5.468588720097221,4.886510680760127,gbaf,1,0.5820780393370946
yelp,gbaf,fixed,balanced,5457,gbaf,gbaf,gbaf,1,1,False,0.8683122209814688,0.859250444150375,gbaf,1,0.00906177683109377,27.0,31.0,fixed,0.0,-4.0,4.3091145696042465,4.621115365169274,fixed,0.0,-0.31200079556502747,12.4,11.6,gbaf,1.0,0.8000000000000007,0.1122579563596836,0.0753130024153086,gbaf,1,0.036944953944375,4.5846005045667795,3.4558500928325615,gbaf,1,1.128750411734218
yelp,gbaf,fixed,balanced,74193,gbaf,gbaf,gbaf,1,1,False,0.8130948082360032,0.7377860068248767,gbaf,1,0.0753088014111265,25.0,16.0,gbaf,1.0,9.0,4.172660202681805,3.5628249576553053,gbaf,1.0,0.6098352450264999,14.0,12.1,gbaf,1.0,1.9000000000000004,0.16327867912049945,0.1538368679248676,gbaf,1,0.009441811195631866,6.425231792607709,3.8309842220863963,gbaf,1,2.594247570521313
yelp,gbaf,fixed,diversity,24594,gbaf,gbaf,gbaf,1,1,False,0.95503051633553,0.9472476526376116,gbaf,1,0.007782863697918474,29.0,28.0,gbaf,1.0,1.0,4.418833991324551,4.352135539906904,gbaf,1.0,0.06669845141764696,12.4,14.8,fixed,0.0,-2.4000000000000004,0.033025735697906906,0.02848713110996086,gbaf,1,0.004538604587946048,3.9780624651411642,3.7981625104735386,gbaf,1,0.17989995466762565
yelp,gbaf,fixed,diversity,18392,gbaf,gbaf,gbaf,1,1,False,0.856095638253162,0.8311360773354097,gbaf,1,0.02495956091775231,31.0,24.0,gbaf,1.0,7.0,4.452644353612962,4.172923306112224,gbaf,1.0,0.2797210475007379,14.1,16.8,fixed,0.0,-2.700000000000001,0.15762151649569955,0.12460398354482233,gbaf,1,0.033017532950877226,5.2370110628694135,4.09792936499621,gbaf,1,1.1390816978732037
yelp,gbaf,fixed,diversity,81116,gbaf,gbaf,gbaf,1,1,False,0.912298670665333,0.7202558232835123,gbaf,1,0.19204284738182065,33.0,31.0,gbaf,1.0,2.0,4.629875233960101,4.4323860276756655,gbaf,1.0,0.19748920628443578,15.9,17.1,fixed,0.0,-1.200000000000001,0.06542602554198669,0.07863547556890753,fixed,0,-0.013209450026920838,6.07155772927985,4.1575410387083975,gbaf,1,1.9140166905714526
yelp,gbaf,fixed,diversity,2600,fixed,gbaf,gbaf,0,0,False,0.9004288494694058,0.8830563839510426,gbaf,0,-0.017372465518363245,28.0,24.0,gbaf,0.0,-4.0,4.4590695678850025,4.114649352973295,gbaf,0.0,-0.3444202149117075,13.0,11.9,gbaf,0.0,-1.0999999999999996,0.10605284595270799,0.08818859659262017,gbaf,0,-0.01786424936008782,5.8038353053591845,3.724598999448991,gbaf,0,-2.0792363059101935
yelp,gbaf,fixed,diversity,33987,fixed,gbaf,gbaf,0,0,False,0.7676764061104568,0.8826324255945597,fixed,1,0.11495601948410283,21.0,60.0,fixed,1.0,39.0,3.8814893607725276,5.563157134005793,fixed,1.0,1.681667773233265,14.2,21.2,fixed,1.0,7.0,0.13676142712524336,0.06874988985911959,gbaf,0,-0.06801153726612377,4.704295586191661,4.7914316742856204,fixed,1,0.08713608809395978
yelp,gbaf,fixed,diversity,92790,gbaf,gbaf,gbaf,1,1,False,0.9197931470250247,0.8113177484291678,gbaf,1,0.10847539859585686,40.0,40.0,TIE,,0.0,4.9121356958251114,4.81984288189567,gbaf,1.0,0.09229281392944166,16.2,19.7,fixed,0.0,-3.5,0.08350560620932036,0.08381740406396791,fixed,0,-0.0003117978546475497,5.605623867000028,4.277437727426252,gbaf,1,1.3281861395737762
yelp,gbaf,fixed,diversity,49896,gbaf,gbaf,gbaf,1,1,False,0.8870297066204852,0.8663194523647583,gbaf,1,0.020710254255726923,35.0,30.0,gbaf,1.0,5.0,4.704638702203759,4.472753889405451,gbaf,1.0,0.23188481279830864,13.2,13.3,fixed,0.0,-0.10000000000000142,0.10711101190206486,0.10785895921302334,fixed,0,-0.00074794731095848,6.425711869535846,4.338005187532429,gbaf,1,2.087706682003417
yelp,gbaf,fixed,diversity,79676,fixed,gbaf,gbaf,0,0,False,0.9040439984548224,0.9237728798105305,fixed,1,0.01972888135570805,29.0,59.0,fixed,1.0,30.0,4.497073456788037,5.482816239080335,fixed,1.0,0.9857427822922977,13.1,20.4,fixed,1.0,7.299999999999999,0.06934389739735371,0.05356989777529447,gbaf,0,-0.015773999622059234,6.44140489249572,5.7925349559240145,gbaf,0,-0.6488699365717059
yelp,gbaf,fixed,diversity,27182,gbaf,gbaf,gbaf,1,1,False,0.8905192054812989,0.7371870744786084,gbaf,1,0.1533321310026905,41.0,22.0,gbaf,1.0,19.0,4.9535149808907075,3.9579315684040273,gbaf,1.0,0.9955834124866803,17.9,16.9,gbaf,1.0,1.0,0.07376148072744215,0.1043838556143292,fixed,0,-0.030622374886887044,6.438310681997453,3.787557127936452,gbaf,1,2.6507535540610005
yelp,gbaf,fixed,diversity,37335,gbaf,gbaf,gbaf,1,1,False,0.9373562851213117,0.7208354943075366,gbaf,1,0.21652079081377518,59.0,54.0,gbaf,1.0,5.0,5.5689308519716265,5.273673636887188,gbaf,1.0,0.2952572150844386,19.2,22.3,fixed,0.0,-3.1000000000000014,0.06418779247444763,0.06150475469836723,gbaf,1,0.0026830377760804006,7.06907368909808,6.104993363691478,gbaf,1,0.9640803254066022
yelp,gbaf,fixed,diversity,83855,gbaf,gbaf,gbaf,1,1,False,0.9469265505279784,0.9518480777555063,fixed,0,-0.004921527227527922,25.0,21.0,gbaf,1.0,4.0,4.210439608363361,3.9708400131019848,gbaf,1.0,0.23959959526137586,11.3,11.2,gbaf,1.0,0.10000000000000142,0.02482922601046048,0.03233108562587138,fixed,0,-0.007501859615410899,5.1940852269968145,3.4255604519201315,gbaf,1,1.768524775076683
yelp,gbaf,fixed,diversity,68812,gbaf,gbaf,gbaf,1,1,False,0.782618088479448,0.6391620082588907,gbaf,1,0.14345608022055734,27.0,17.0,gbaf,1.0,10.0,4.303206594361432,3.495691916134907,gbaf,1.0,0.8075146782265255,15.2,14.1,gbaf,1.0,1.0999999999999996,0.12325721045982556,0.11567133361655985,gbaf,1,0.0075858768432657125,4.986298513665787,4.109411106785439,gbaf,1,0.876887406880348
yelp,gbaf,fixed,diversity,17415,gbaf,gbaf,gbaf,1,1,False,0.8037698073162209,0.8824297830037733,fixed,0,-0.07865997568755234,33.0,36.0,fixed,0.0,-3.0,4.584822603013426,4.783323083041606,fixed,0.0,-0.19850048002818,15.9,16.8,fixed,0.0,-0.9000000000000004,0.0836693414295686,0.07575646614569559,gbaf,1,0.007912875283873008,6.1624536428365255,5.64742101845693,gbaf,1,0.5150326243795957
yelp,gbaf,fixed,diversity,45970,fixed,gbaf,gbaf,0,0,False,0.8740403658254371,0.8399851800276336,gbaf,0,-0.03405518579780353,19.0,34.0,fixed,1.0,15.0,3.801076880026372,4.61694376402889,fixed,1.0,0.8158668840025181,14.9,19.9,fixed,1.0,4.999999999999998,0.03675616047374051,0.023344251716931733,gbaf,0,-0.013411908756808776,5.088292438972742,4.020951710603873,gbaf,0,-1.067340728368869
yelp,gbaf,fixed,diversity,9482,gbaf,gbaf,gbaf,1,1,False,0.8467398768205476,0.9143922831250733,fixed,0,-0.06765240630452563,31.0,32.0,fixed,0.0,-1.0,4.542449864961815,4.756328385912461,fixed,0.0,-0.2138785209506464,16.7,12.9,gbaf,1.0,3.799999999999999,0.09256766061376406,0.07631327687458571,gbaf,1,0.016254383739178355,6.309251959925723,3.128448878888896,gbaf,1,3.1808030810368266
yelp,gbaf,fixed,diversity,47816,gbaf,gbaf,gbaf,1,1,False,0.9110974363123375,0.8953663855827065,gbaf,1,0.01573105072963099,36.0,21.0,gbaf,1.0,15.0,4.875728750643392,3.9209378720695263,gbaf,1.0,0.9547908785738661,13.2,10.8,gbaf,1.0,2.3999999999999986,0.08586405368575278,0.09567804025284136,fixed,0,-0.009813986567088581,4.234194971921021,3.742274922678713,gbaf,1,0.4919200492423075
yelp,gbaf,fixed,diversity,23620,gbaf,gbaf,gbaf,1,1,False,0.8937392132252685,0.8986097278439416,fixed,0,-0.00487051461867305,19.0,11.0,gbaf,1.0,8.0,3.7506920561414607,2.9707721691551394,gbaf,1.0,0.7799198869863213,10.9,10.1,gbaf,1.0,0.8000000000000007,0.044482312596565904,0.05990223900949794,fixed,0,-0.015419926412932036,4.264625658337707,3.4510062450800456,gbaf,1,0.8136194132576611
yelp,gbaf,fixed,diversity,83363,fixed,gbaf,gbaf,0,0,False,0.7868182819431537,0.8148535192569042,fixed,1,0.02803523731375046,27.0,31.0,fixed,1.0,4.0,4.339822782008756,4.675728750643393,fixed,1.0,0.33590596863463684,12.9,14.5,fixed,1.0,1.5999999999999996,0.19142240349043935,0.15129136772717802,gbaf,0,-0.040131035763261325,4.070152172205026,3.317920343325234,gbaf,0,-0.7522318288797916
yelp,gbaf,fixed,diversity,61591,gbaf,gbaf,gbaf,1,1,False,0.8958271310987265,0.8720107541435715,gbaf,1,0.023816376955154928,60.0,27.0,gbaf,1.0,33.0,5.514671736921347,4.293044600614918,gbaf,1.0,1.221627136306429,22.8,15.8,gbaf,1.0,7.0,0.07215592331589556,0.06558241196195472,gbaf,1,0.006573511353940839,6.633429716021401,5.295222659674497,gbaf,1,1.3382070563469037
yelp,gbaf,fixed,diversity,34176,gbaf,gbaf,gbaf,1,1,False,0.9079911485351329,0.8859945742222419,gbaf,1,0.021996574312890926,32.0,32.0,TIE,,0.0,4.625814583693911,4.613386137251933,gbaf,1.0,0.01242844644197838,13.5,15.1,fixed,0.0,-1.5999999999999996,0.0747072428823472,0.09388992511509033,fixed,0,-0.019182682232743123,5.810416173613705,4.906713086612016,gbaf,1,0.9037030870016887
yelp,gbaf,fixed,diversity,88044,gbaf,gbaf,gbaf,1,1,False,0.7150946963215767,0.7125710602325259,gbaf,1,0.002523636089050818,26.0,20.0,gbaf,1.0,6.0,4.222464452110132,3.8443645876860675,gbaf,1.0,0.3780998644240645,15.6,14.2,gbaf,1.0,1.4000000000000004,0.13462794422641686,0.13875458990128414,fixed,0,-0.004126645674867285,6.92788551788294,4.728237781674951,gbaf,1,2.1996477362079894
yelp,gbaf,fixed,diversity,23067,gbaf,gbaf,gbaf,1,1,False,0.7105442767163377,0.7055938049372232,gbaf,1,0.0049504717791144515,31.0,24.0,gbaf,1.0,7.0,4.459473673110791,4.065945132377804,gbaf,1.0,0.39352854073298715,20.8,14.1,gbaf,1.0,6.700000000000001,0.19474851439087126,0.22134318956112187,fixed,0,-0.026594675170250603,5.295719359586295,4.863144632186901,gbaf,1,0.43257472739939384
yelp,gbaf,fixed,diversity,94832,gbaf,gbaf,gbaf,1,1,False,0.8891353674591818,0.8964488630993681,fixed,0,-0.0073134956401863516,33.0,23.0,gbaf,1.0,10.0,4.6219975301118374,4.020122960058874,gbaf,1.0,0.6018745700529635,14.8,14.6,gbaf,1.0,0.20000000000000107,0.10244089860763891,0.04958525151672842,gbaf,1,0.05285564709091049,4.920407934104086,3.7138213736426438,gbaf,1,1.2065865604614419
yelp,gbaf,fixed,diversity,88855,gbaf,gbaf,gbaf,1,1,False,0.8676696179876321,0.7354816762254177,gbaf,1,0.13218794176221438,37.0,20.0,gbaf,1.0,17.0,4.759421368203101,3.8459981596819315,gbaf,1.0,0.9134232085211691,16.4,14.1,gbaf,1.0,2.299999999999999,0.11716048022895335,0.14603273287773574,fixed,0,-0.02887225264878239,6.479602200872746,4.419551376183335,gbaf,1,2.0600508246894105
yelp,gbaf,fixed,diversity,5457,fixed,gbaf,gbaf,0,0,False,0.8683122209814688,0.859250444150375,gbaf,0,-0.00906177683109377,27.0,31.0,fixed,1.0,4.0,4.3091145696042465,4.621115365169274,fixed,1.0,0.31200079556502747,12.4,11.6,gbaf,0.0,-0.8000000000000007,0.1122579563596836,0.0753130024153086,gbaf,0,-0.036944953944375,4.5846005045667795,3.4558500928325615,gbaf,0,-1.128750411734218
yelp,gbaf,fixed,diversity,74193,gbaf,gbaf,gbaf,1,1,False,0.8130948082360032,0.7377860068248767,gbaf,1,0.0753088014111265,25.0,16.0,gbaf,1.0,9.0,4.172660202681805,3.5628249576553053,gbaf,1.0,0.6098352450264999,14.0,12.1,gbaf,1.0,1.9000000000000004,0.16327867912049945,0.1538368679248676,gbaf,1,0.009441811195631866,6.425231792607709,3.8309842220863963,gbaf,1,2.594247570521313
yelp,gbaf,fixed,novelty,24594,fixed,gbaf,gbaf,0,0,False,0.95503051633553,0.9472476526376116,gbaf,0,-0.007782863697918474,29.0,28.0,gbaf,0.0,-1.0,4.418833991324551,4.352135539906904,gbaf,0.0,-0.06669845141764696,12.4,14.8,fixed,1.0,2.4000000000000004,0.033025735697906906,0.02848713110996086,gbaf,0,-0.004538604587946048,3.9780624651411642,3.7981625104735386,gbaf,0,-0.17989995466762565
yelp,gbaf,fixed,novelty,81116,fixed,gbaf,gbaf,0,0,False,0.912298670665333,0.7202558232835123,gbaf,0,-0.19204284738182065,33.0,31.0,gbaf,0.0,-2.0,4.629875233960101,4.4323860276756655,gbaf,0.0,-0.19748920628443578,15.9,17.1,fixed,1.0,1.200000000000001,0.06542602554198669,0.07863547556890753,fixed,1,0.013209450026920838,6.07155772927985,4.1575410387083975,gbaf,0,-1.9140166905714526
yelp,gbaf,fixed,novelty,2600,fixed,gbaf,gbaf,0,0,False,0.9004288494694058,0.8830563839510426,gbaf,0,-0.017372465518363245,28.0,24.0,gbaf,0.0,-4.0,4.4590695678850025,4.114649352973295,gbaf,0.0,-0.3444202149117075,13.0,11.9,gbaf,0.0,-1.0999999999999996,0.10605284595270799,0.08818859659262017,gbaf,0,-0.01786424936008782,5.8038353053591845,3.724598999448991,gbaf,0,-2.0792363059101935
yelp,gbaf,fixed,novelty,92790,gbaf,gbaf,gbaf,1,1,False,0.9197931470250247,0.8113177484291678,gbaf,1,0.10847539859585686,40.0,40.0,TIE,,0.0,4.9121356958251114,4.81984288189567,gbaf,1.0,0.09229281392944166,16.2,19.7,fixed,0.0,-3.5,0.08350560620932036,0.08381740406396791,fixed,0,-0.0003117978546475497,5.605623867000028,4.277437727426252,gbaf,1,1.3281861395737762
yelp,gbaf,fixed,novelty,49896,gbaf,gbaf,gbaf,1,1,False,0.8870297066204852,0.8663194523647583,gbaf,1,0.020710254255726923,35.0,30.0,gbaf,1.0,5.0,4.704638702203759,4.472753889405451,gbaf,1.0,0.23188481279830864,13.2,13.3,fixed,0.0,-0.10000000000000142,0.10711101190206486,0.10785895921302334,fixed,0,-0.00074794731095848,6.425711869535846,4.338005187532429,gbaf,1,2.087706682003417
yelp,gbaf,fixed,novelty,58992,gbaf,gbaf,gbaf,1,1,False,0.9643948365987606,0.7839184126692147,gbaf,1,0.18047642392954588,24.0,41.0,fixed,0.0,-17.0,4.106577386784374,4.833567070323523,fixed,0.0,-0.7269896835391494,10.1,18.4,fixed,0.0,-8.299999999999999,0.05519198622523192,0.10219975522570154,fixed,0,-0.04700776900046962,6.1213726409806295,5.929728061624842,gbaf,1,0.1916445793557875
yelp,gbaf,fixed,novelty,37335,gbaf,gbaf,gbaf,1,1,False,0.9373562851213117,0.7208354943075366,gbaf,1,0.21652079081377518,59.0,54.0,gbaf,1.0,5.0,5.5689308519716265,5.273673636887188,gbaf,1.0,0.2952572150844386,19.2,22.3,fixed,0.0,-3.1000000000000014,0.06418779247444763,0.06150475469836723,gbaf,1,0.0026830377760804006,7.06907368909808,6.104993363691478,gbaf,1,0.9640803254066022
yelp,gbaf,fixed,novelty,83855,gbaf,gbaf,gbaf,1,1,False,0.9469265505279784,0.9518480777555063,fixed,0,-0.004921527227527922,25.0,21.0,gbaf,1.0,4.0,4.210439608363361,3.9708400131019848,gbaf,1.0,0.23959959526137586,11.3,11.2,gbaf,1.0,0.10000000000000142,0.02482922601046048,0.03233108562587138,fixed,0,-0.007501859615410899,5.1940852269968145,3.4255604519201315,gbaf,1,1.768524775076683
yelp,gbaf,fixed,novelty,68812,gbaf,gbaf,gbaf,1,1,False,0.782618088479448,0.6391620082588907,gbaf,1,0.14345608022055734,27.0,17.0,gbaf,1.0,10.0,4.303206594361432,3.495691916134907,gbaf,1.0,0.8075146782265255,15.2,14.1,gbaf,1.0,1.0999999999999996,0.12325721045982556,0.11567133361655985,gbaf,1,0.0075858768432657125,4.986298513665787,4.109411106785439,gbaf,1,0.876887406880348
yelp,gbaf,fixed,novelty,45970,fixed,gbaf,gbaf,0,0,False,0.8740403658254371,0.8399851800276336,gbaf,0,-0.03405518579780353,19.0,34.0,fixed,1.0,15.0,3.801076880026372,4.61694376402889,fixed,1.0,0.8158668840025181,14.9,19.9,fixed,1.0,4.999999999999998,0.03675616047374051,0.023344251716931733,gbaf,0,-0.013411908756808776,5.088292438972742,4.020951710603873,gbaf,0,-1.067340728368869
yelp,gbaf,fixed,novelty,13763,fixed,gbaf,gbaf,0,0,False,0.8707836702733088,0.904661649526212,fixed,1,0.033877979252903145,23.0,27.0,fixed,1.0,4.0,4.072573883611435,4.291688760972385,fixed,1.0,0.21911487736095037,11.5,13.8,fixed,1.0,2.3000000000000007,0.07883522003509592,0.04946666426100529,gbaf,0,-0.029368555774090636,4.054287641361394,3.7671172499172423,gbaf,0,-0.28717039144415146
yelp,gbaf,fixed,novelty,15173,fixed,gbaf,gbaf,0,0,False,0.8274479566667116,0.914461592464618,fixed,1,0.08701363579790644,26.0,22.0,gbaf,0.0,-4.0,4.1484024481209705,3.948420322246837,gbaf,0.0,-0.19998212587413366,15.3,9.8,gbaf,0.0,-5.5,0.11683514731225297,0.04973527143199556,gbaf,0,-0.06709987588025741,5.890681304273065,3.2530259252854927,gbaf,0,-2.6376553789875725
yelp,gbaf,fixed,novelty,78002,fixed,gbaf,gbaf,0,0,False,0.9060521384158187,0.9474330657387711,fixed,1,0.0413809273229524,37.0,40.0,fixed,1.0,3.0,4.735597625851954,4.918867931899244,fixed,1.0,0.18327030604729,16.6,16.8,fixed,1.0,0.1999999999999993,0.08879766719103271,0.06603339683006335,gbaf,0,-0.02276427036096937,4.678824373533724,4.394332033490703,gbaf,0,-0.2844923400430206
yelp,gbaf,fixed,novelty,47816,gbaf,gbaf,gbaf,1,1,False,0.9110974363123375,0.8953663855827065,gbaf,1,0.01573105072963099,36.0,21.0,gbaf,1.0,15.0,4.875728750643392,3.9209378720695263,gbaf,1.0,0.9547908785738661,13.2,10.8,gbaf,1.0,2.3999999999999986,0.08586405368575278,0.09567804025284136,fixed,0,-0.009813986567088581,4.234194971921021,3.742274922678713,gbaf,1,0.4919200492423075
yelp,gbaf,fixed,novelty,83363,fixed,gbaf,gbaf,0,0,False,0.7868182819431537,0.8148535192569042,fixed,1,0.02803523731375046,27.0,31.0,fixed,1.0,4.0,4.339822782008756,4.675728750643393,fixed,1.0,0.33590596863463684,12.9,14.5,fixed,1.0,1.5999999999999996,0.19142240349043935,0.15129136772717802,gbaf,0,-0.040131035763261325,4.070152172205026,3.317920343325234,gbaf,0,-0.7522318288797916
yelp,gbaf,fixed,novelty,61591,gbaf,gbaf,gbaf,1,1,False,0.8958271310987265,0.8720107541435715,gbaf,1,0.023816376955154928,60.0,27.0,gbaf,1.0,33.0,5.514671736921347,4.293044600614918,gbaf,1.0,1.221627136306429,22.8,15.8,gbaf,1.0,7.0,0.07215592331589556,0.06558241196195472,gbaf,1,0.006573511353940839,6.633429716021401,5.295222659674497,gbaf,1,1.3382070563469037
yelp,gbaf,fixed,novelty,88044,gbaf,gbaf,gbaf,1,1,False,0.7150946963215767,0.7125710602325259,gbaf,1,0.002523636089050818,26.0,20.0,gbaf,1.0,6.0,4.222464452110132,3.8443645876860675,gbaf,1.0,0.3780998644240645,15.6,14.2,gbaf,1.0,1.4000000000000004,0.13462794422641686,0.13875458990128414,fixed,0,-0.004126645674867285,6.92788551788294,4.728237781674951,gbaf,1,2.1996477362079894
yelp,gbaf,fixed,novelty,94832,gbaf,gbaf,gbaf,1,1,False,0.8891353674591818,0.8964488630993681,fixed,0,-0.0073134956401863516,33.0,23.0,gbaf,1.0,10.0,4.6219975301118374,4.020122960058874,gbaf,1.0,0.6018745700529635,14.8,14.6,gbaf,1.0,0.20000000000000107,0.10244089860763891,0.04958525151672842,gbaf,1,0.05285564709091049,4.920407934104086,3.7138213736426438,gbaf,1,1.2065865604614419
yelp,gbaf,fixed,novelty,92688,gbaf,gbaf,gbaf,1,1,False,0.9080173409625568,0.7851523846856692,gbaf,1,0.12286495627688765,33.0,55.0,fixed,0.0,-22.0,4.640723149067329,5.323563380781244,fixed,0.0,-0.6828402317139153,14.7,22.8,fixed,0.0,-8.100000000000001,0.0674502286643957,0.11367798714629997,fixed,0,-0.04622775848190426,6.419899233952464,6.121705910935639,gbaf,1,0.29819332301682433
yelp,gbaf,fixed,novelty,88855,gbaf,gbaf,gbaf,1,1,False,0.8676696179876321,0.7354816762254177,gbaf,1,0.13218794176221438,37.0,20.0,gbaf,1.0,17.0,4.759421368203101,3.8459981596819315,gbaf,1.0,0.9134232085211691,16.4,14.1,gbaf,1.0,2.299999999999999,0.11716048022895335,0.14603273287773574,fixed,0,-0.02887225264878239,6.479602200872746,4.419551376183335,gbaf,1,2.0600508246894105
yelp,gbaf,fixed,novelty,73732,fixed,gbaf,gbaf,0,0,False,0.8010779256070397,0.8849094252478872,fixed,1,0.08383149964084746,29.0,29.0,TIE,,0.0,4.411342601791829,4.463888030795445,fixed,1.0,0.05254542900361603,14.9,12.7,gbaf,0.0,-2.200000000000001,0.13799337615047497,0.11077067426868431,gbaf,0,-0.027222701881790656,5.240941948598339,4.056364225798542,gbaf,0,-1.184577722799797
yelp,gbaf,fixed,novelty,20211,gbaf,gbaf,gbaf,1,1,False,0.8834487709295722,0.6737963759518396,gbaf,1,0.20965239497773258,35.0,33.0,gbaf,1.0,2.0,4.764945619552432,4.522614836792084,gbaf,1.0,0.24233078276034714,16.3,17.7,fixed,0.0,-1.3999999999999986,0.08800173983584197,0.1337857828551006,fixed,0,-0.04578404301925862,6.411190784082008,4.175441153981307,gbaf,1,2.2357496301007007
yelp,gbaf,fixed,novelty,74193,gbaf,gbaf,gbaf,1,1,False,0.8130948082360032,0.7377860068248767,gbaf,1,0.0753088014111265,25.0,16.0,gbaf,1.0,9.0,4.172660202681805,3.5628249576553053,gbaf,1.0,0.6098352450264999,14.0,12.1,gbaf,1.0,1.9000000000000004,0.16327867912049945,0.1538368679248676,gbaf,1,0.009441811195631866,6.425231792607709,3.8309842220863963,gbaf,1,2.594247570521313
yelp,gbaf,fixed,relevance,24594,gbaf,gbaf,gbaf,1,1,False,0.95503051633553,0.9472476526376116,gbaf,1,0.007782863697918474,29.0,28.0,gbaf,1.0,1.0,4.418833991324551,4.352135539906904,gbaf,1.0,0.06669845141764696,12.4,14.8,fixed,0.0,-2.4000000000000004,0.033025735697906906,0.02848713110996086,gbaf,1,0.004538604587946048,3.9780624651411642,3.7981625104735386,gbaf,1,0.17989995466762565
yelp,gbaf,fixed,relevance,78602,gbaf,gbaf,gbaf,1,1,False,0.9134019109811273,0.8990924870210653,gbaf,1,0.014309423960062073,31.0,28.0,gbaf,1.0,3.0,4.5386066613968294,4.255299516000064,gbaf,1.0,0.2833071453967655,14.4,15.4,fixed,0.0,-1.0,0.07085227312031962,0.04457923178622751,gbaf,1,0.026273041334092112,5.020574375572624,5.093544115370986,fixed,0,-0.07296973979836174
yelp,gbaf,fixed,relevance,2600,gbaf,gbaf,gbaf,1,1,False,0.9004288494694058,0.8830563839510426,gbaf,1,0.017372465518363245,28.0,24.0,gbaf,1.0,4.0,4.4590695678850025,4.114649352973295,gbaf,1.0,0.3444202149117075,13.0,11.9,gbaf,1.0,1.0999999999999996,0.10605284595270799,0.08818859659262017,gbaf,1,0.01786424936008782,5.8038353053591845,3.724598999448991,gbaf,1,2.0792363059101935
yelp,gbaf,fixed,relevance,79676,gbaf,gbaf,gbaf,1,1,False,0.9040439984548224,0.9237728798105305,fixed,0,-0.01972888135570805,29.0,59.0,fixed,0.0,-30.0,4.497073456788037,5.482816239080335,fixed,0.0,-0.9857427822922977,13.1,20.4,fixed,0.0,-7.299999999999999,0.06934389739735371,0.05356989777529447,gbaf,1,0.015773999622059234,6.44140489249572,5.7925349559240145,gbaf,1,0.6488699365717059
yelp,gbaf,fixed,relevance,27182,fixed,gbaf,gbaf,0,0,False,0.8905192054812989,0.7371870744786084,gbaf,0,-0.1533321310026905,41.0,22.0,gbaf,0.0,-19.0,4.9535149808907075,3.9579315684040273,gbaf,0.0,-0.9955834124866803,17.9,16.9,gbaf,0.0,-1.0,0.07376148072744215,0.1043838556143292,fixed,1,0.030622374886887044,6.438310681997453,3.787557127936452,gbaf,0,-2.6507535540610005
yelp,gbaf,fixed,relevance,17415,fixed,gbaf,gbaf,0,0,False,0.8037698073162209,0.8824297830037733,fixed,1,0.07865997568755234,33.0,36.0,fixed,1.0,3.0,4.584822603013426,4.783323083041606,fixed,1.0,0.19850048002818,15.9,16.8,fixed,1.0,0.9000000000000004,0.0836693414295686,0.07575646614569559,gbaf,0,-0.007912875283873008,6.1624536428365255,5.64742101845693,gbaf,0,-0.5150326243795957
yelp,gbaf,fixed,relevance,93796,gbaf,gbaf,gbaf,1,1,False,0.8551858779073285,0.8704643326542066,fixed,0,-0.015278454746878167,19.0,19.0,TIE,,0.0,3.75748398981288,3.7230178469771475,gbaf,1.0,0.03446614283573224,9.8,10.7,fixed,0.0,-0.8999999999999986,0.11556621872563767,0.08761626573367465,gbaf,1,0.027949952991963026,4.652229239100558,3.1673809136484996,gbaf,1,1.4848483254520586
yelp,gbaf,fixed,relevance,45970,gbaf,gbaf,gbaf,1,1,False,0.8740403658254371,0.8399851800276336,gbaf,1,0.03405518579780353,19.0,34.0,fixed,0.0,-15.0,3.801076880026372,4.61694376402889,fixed,0.0,-0.8158668840025181,14.9,19.9,fixed,0.0,-4.999999999999998,0.03675616047374051,0.023344251716931733,gbaf,1,0.013411908756808776,5.088292438972742,4.020951710603873,gbaf,1,1.067340728368869
yelp,gbaf,fixed,relevance,13763,gbaf,gbaf,gbaf,1,1,False,0.8707836702733088,0.904661649526212,fixed,0,-0.033877979252903145,23.0,27.0,fixed,0.0,-4.0,4.072573883611435,4.291688760972385,fixed,0.0,-0.21911487736095037,11.5,13.8,fixed,0.0,-2.3000000000000007,0.07883522003509592,0.04946666426100529,gbaf,1,0.029368555774090636,4.054287641361394,3.7671172499172423,gbaf,1,0.28717039144415146
yelp,gbaf,fixed,relevance,9482,gbaf,gbaf,gbaf,1,1,False,0.8467398768205476,0.9143922831250733,fixed,0,-0.06765240630452563,31.0,32.0,fixed,0.0,-1.0,4.542449864961815,4.756328385912461,fixed,0.0,-0.2138785209506464,16.7,12.9,gbaf,1.0,3.799999999999999,0.09256766061376406,0.07631327687458571,gbaf,1,0.016254383739178355,6.309251959925723,3.128448878888896,gbaf,1,3.1808030810368266
yelp,gbaf,fixed,relevance,78002,gbaf,gbaf,gbaf,1,1,False,0.9060521384158187,0.9474330657387711,fixed,0,-0.0413809273229524,37.0,40.0,fixed,0.0,-3.0,4.735597625851954,4.918867931899244,fixed,0.0,-0.18327030604729,16.6,16.8,fixed,0.0,-0.1999999999999993,0.08879766719103271,0.06603339683006335,gbaf,1,0.02276427036096937,4.678824373533724,4.394332033490703,gbaf,1,0.2844923400430206
yelp,gbaf,fixed,relevance,47816,fixed,gbaf,gbaf,0,0,False,0.9110974363123375,0.8953663855827065,gbaf,0,-0.01573105072963099,36.0,21.0,gbaf,0.0,-15.0,4.875728750643392,3.9209378720695263,gbaf,0.0,-0.9547908785738661,13.2,10.8,gbaf,0.0,-2.3999999999999986,0.08586405368575278,0.09567804025284136,fixed,1,0.009813986567088581,4.234194971921021,3.742274922678713,gbaf,0,-0.4919200492423075
yelp,gbaf,fixed,relevance,23620,fixed,gbaf,gbaf,0,0,False,0.8937392132252685,0.8986097278439416,fixed,1,0.00487051461867305,19.0,11.0,gbaf,0.0,-8.0,3.7506920561414607,2.9707721691551394,gbaf,0.0,-0.7799198869863213,10.9,10.1,gbaf,0.0,-0.8000000000000007,0.044482312596565904,0.05990223900949794,fixed,1,0.015419926412932036,4.264625658337707,3.4510062450800456,gbaf,0,-0.8136194132576611
yelp,gbaf,fixed,relevance,61591,gbaf,gbaf,gbaf,1,1,False,0.8958271310987265,0.8720107541435715,gbaf,1,0.023816376955154928,60.0,27.0,gbaf,1.0,33.0,5.514671736921347,4.293044600614918,gbaf,1.0,1.221627136306429,22.8,15.8,gbaf,1.0,7.0,0.07215592331589556,0.06558241196195472,gbaf,1,0.006573511353940839,6.633429716021401,5.295222659674497,gbaf,1,1.3382070563469037
yelp,gbaf,fixed,relevance,34176,gbaf,gbaf,gbaf,1,1,False,0.9079911485351329,0.8859945742222419,gbaf,1,0.021996574312890926,32.0,32.0,TIE,,0.0,4.625814583693911,4.613386137251933,gbaf,1.0,0.01242844644197838,13.5,15.1,fixed,0.0,-1.5999999999999996,0.0747072428823472,0.09388992511509033,fixed,0,-0.019182682232743123,5.810416173613705,4.906713086612016,gbaf,1,0.9037030870016887
yelp,gbaf,fixed,relevance,88044,gbaf,gbaf,gbaf,1,1,False,0.7150946963215767,0.7125710602325259,gbaf,1,0.002523636089050818,26.0,20.0,gbaf,1.0,6.0,4.222464452110132,3.8443645876860675,gbaf,1.0,0.3780998644240645,15.6,14.2,gbaf,1.0,1.4000000000000004,0.13462794422641686,0.13875458990128414,fixed,0,-0.004126645674867285,6.92788551788294,4.728237781674951,gbaf,1,2.1996477362079894
yelp,gbaf,fixed,relevance,797,gbaf,gbaf,gbaf,1,1,False,0.6227666012872305,0.797092816126757,fixed,0,-0.17432621483952648,17.0,20.0,fixed,0.0,-3.0,3.547461626222474,4.016673874241777,fixed,0.0,-0.4692122480193026,12.7,13.7,fixed,0.0,-1.0,0.20945565821798304,0.16073472370033987,gbaf,1,0.04872093451764317,3.3737940486509075,3.4112735971561,fixed,0,-0.03747954850519264
yelp,gbaf,fixed,relevance,4565,fixed,gbaf,gbaf,0,0,False,0.8040574731534511,0.7139154605991109,gbaf,0,-0.09014201255434018,32.0,20.0,gbaf,0.0,-12.0,4.590021650946749,3.7762099383696817,gbaf,0.0,-0.8138117125770674,16.0,14.5,gbaf,0.0,-1.5,0.18112274835543934,0.2086025975022058,fixed,1,0.02747984914676646,4.860265578162096,3.9212710937015216,gbaf,0,-0.9389944844605744
yelp,gbaf,fixed,relevance,73732,gbaf,gbaf,gbaf,1,1,False,0.8010779256070397,0.8849094252478872,fixed,0,-0.08383149964084746,29.0,29.0,TIE,,0.0,4.411342601791829,4.463888030795445,fixed,0.0,-0.05254542900361603,14.9,12.7,gbaf,1.0,2.200000000000001,0.13799337615047497,0.11077067426868431,gbaf,1,0.027222701881790656,5.240941948598339,4.056364225798542,gbaf,1,1.184577722799797
yelp,gbaf,fixed,relevance,97264,fixed,gbaf,gbaf,0,0,False,0.8838217875987243,0.8034321481380186,gbaf,0,-0.08038963946070576,59.0,58.0,gbaf,0.0,-1.0,5.55833185240747,5.415826051251887,gbaf,0.0,-0.14250580115558265,20.3,22.4,fixed,1.0,2.099999999999998,0.08879981633896565,0.10277461177894304,fixed,1,0.013974795439977386,6.698548370759139,6.645279954261021,gbaf,0,-0.053268416498117865
yelp,lightgcn_only,fixed,balanced,24594,lightgcn_only,lightgcn_only,fixed,1,0,True,0.9282033308665403,0.9472476526376116,fixed,0,-0.019044321771071293,61.0,28.0,lightgcn_only,1.0,33.0,5.580429825942793,4.352135539906904,lightgcn_only,1.0,1.2282942860358892,20.2,14.8,lightgcn_only,1.0,5.399999999999999,0.01742660813843952,0.02848713110996086,fixed,0,-0.011060522971521339,7.141122702464412,3.7981625104735386,lightgcn_only,1,3.3429601919908736
yelp,lightgcn_only,fixed,balanced,18392,lightgcn_only,lightgcn_only,fixed,1,0,True,0.8894487598915569,0.8311360773354097,lightgcn_only,1,0.05831268255614719,35.0,24.0,lightgcn_only,1.0,11.0,4.692978219359807,4.172923306112224,lightgcn_only,1.0,0.5200549132475825,17.0,16.8,lightgcn_only,1.0,0.1999999999999993,0.10758693013857254,0.12460398354482233,fixed,0,-0.017017053406249788,6.377441649810779,4.09792936499621,lightgcn_only,1,2.279512284814569
yelp,lightgcn_only,fixed,balanced,78602,lightgcn_only,lightgcn_only,fixed,1,0,True,0.9236183372010734,0.8990924870210653,lightgcn_only,1,0.02452585018000819,59.0,28.0,lightgcn_only,1.0,31.0,5.580307540581811,4.255299516000064,lightgcn_only,1.0,1.3250080245817468,20.0,15.4,lightgcn_only,1.0,4.6,0.036962639269597995,0.04457923178622751,fixed,0,-0.007616592516629515,7.1926307828956855,5.093544115370986,lightgcn_only,1,2.0990866675246993
yelp,lightgcn_only,fixed,balanced,2600,lightgcn_only,lightgcn_only,fixed,1,0,True,0.8571412288139305,0.8830563839510426,fixed,0,-0.025915155137112067,30.0,24.0,lightgcn_only,1.0,6.0,4.459419394598415,4.114649352973295,lightgcn_only,1.0,0.3447700416251198,16.1,11.9,lightgcn_only,1.0,4.200000000000001,0.10818246917179376,0.08818859659262017,lightgcn_only,1,0.019993872579173594,6.093102978775111,3.724598999448991,lightgcn_only,1,2.36850397932612
yelp,lightgcn_only,fixed,balanced,47111,lightgcn_only,lightgcn_only,fixed,1,0,True,0.9236183372010734,0.7790758172996292,lightgcn_only,1,0.1445425199014443,59.0,53.0,lightgcn_only,1.0,6.0,5.58030754058181,5.277242182760813,lightgcn_only,1.0,0.303065357820997,20.0,21.4,fixed,0.0,-1.3999999999999986,0.04899101874249184,0.046972475092089565,lightgcn_only,1,0.0020185436504022783,7.192630782895686,5.84807658207932,lightgcn_only,1,1.3445542008163667
yelp,lightgcn_only,fixed,balanced,92790,lightgcn_only,lightgcn_only,fixed,1,0,True,0.8012516611572866,0.8113177484291678,fixed,0,-0.010066087271881186,42.0,40.0,lightgcn_only,1.0,2.0,4.9119168530423405,4.81984288189567,lightgcn_only,1.0,0.09207397114667071,21.1,19.7,lightgcn_only,1.0,1.4000000000000021,0.10399575074916668,0.08381740406396791,lightgcn_only,1,0.020178346685198773,6.331142453894422,4.277437727426252,lightgcn_only,1,2.0537047264681707
yelp,lightgcn_only,fixed,balanced,90313,lightgcn_only,lightgcn_only,fixed,1,0,True,0.839662376562033,0.8240520039991461,lightgcn_only,1,0.015610372562886887,31.0,29.0,lightgcn_only,1.0,2.0,4.440269437056366,4.450089456697305,fixed,0.0,-0.009820019640939037,16.1,14.2,lightgcn_only,1.0,1.9000000000000021,0.09974393243350359,0.09112922725269648,lightgcn_only,1,0.008614705180807106,6.567852407786927,4.254138038298451,lightgcn_only,1,2.3137143694884763
yelp,lightgcn_only,fixed,balanced,1779,lightgcn_only,lightgcn_only,fixed,1,0,True,0.8082287145768667,0.663771142128684,lightgcn_only,1,0.1444575724481827,35.0,20.0,lightgcn_only,1.0,15.0,4.745671435557252,3.8323879062535546,lightgcn_only,1.0,0.9132835293036976,17.4,14.0,lightgcn_only,1.0,3.3999999999999986,0.11305671142639616,0.13263951239416827,fixed,0,-0.01958280096777211,7.001389849615228,4.871403719619489,lightgcn_only,1,2.1299861299957383
yelp,lightgcn_only,fixed,balanced,49896,lightgcn_only,lightgcn_only,fixed,1,0,True,0.9088595276382196,0.8663194523647583,lightgcn_only,1,0.042540075273461375,44.0,30.0,lightgcn_only,1.0,14.0,5.120635070586276,4.472753889405451,lightgcn_only,1.0,0.6478811811808258,17.2,13.3,lightgcn_only,1.0,3.8999999999999986,0.09021192103089075,0.10785895921302334,fixed,0,-0.01764703818213259,6.624791429806082,4.338005187532429,lightgcn_only,1,2.286786242273654
yelp,lightgcn_only,fixed,balanced,37335,lightgcn_only,lightgcn_only,fixed,1,0,True,0.9291189855184618,0.7208354943075366,lightgcn_only,1,0.20828349121092526,60.0,54.0,lightgcn_only,1.0,6.0,5.562717914492451,5.273673636887188,lightgcn_only,1.0,0.28904427760526286,19.4,22.3,fixed,0.0,-2.900000000000002,0.06398467085947325,0.06150475469836723,lightgcn_only,1,0.002479916161106023,7.17137851429077,6.104993363691478,lightgcn_only,1,1.0663851505992916
yelp,lightgcn_only,fixed,balanced,66818,fixed,lightgcn_only,fixed,0,1,True,0.872026108744471,0.9143998227280978,fixed,1,0.04237371398362688,30.0,31.0,fixed,1.0,1.0,4.527174114425367,4.546973149067329,fixed,1.0,0.0197990346419612,17.6,16.6,lightgcn_only,0.0,-1.0,0.09318960850869912,0.07770118171098588,lightgcn_only,0,-0.015488426797713242,6.66392474500424,4.810339221297063,lightgcn_only,0,-1.853585523707177
yelp,lightgcn_only,fixed,balanced,68812,lightgcn_only,lightgcn_only,fixed,1,0,True,0.8082287145768667,0.6391620082588907,lightgcn_only,1,0.16906670631797605,35.0,17.0,lightgcn_only,1.0,18.0,4.745671435557252,3.495691916134907,lightgcn_only,1.0,1.2499795194223453,17.4,14.1,lightgcn_only,1.0,3.299999999999999,0.08160923314645364,0.11567133361655985,fixed,0,-0.0340621004701062,7.001389849615228,4.109411106785439,lightgcn_only,1,2.8919787428297887
yelp,lightgcn_only,fixed,balanced,17415,lightgcn_only,lightgcn_only,fixed,1,0,True,0.8722944787076373,0.8824297830037733,fixed,0,-0.01013530429613596,37.0,36.0,lightgcn_only,1.0,1.0,4.808805103879141,4.783323083041606,lightgcn_only,1.0,0.02548202083753548,17.2,16.8,lightgcn_only,1.0,0.3999999999999986,0.07209478038266595,0.07575646614569559,fixed,0,-0.0036616857630296373,6.429177893610185,5.64742101845693,lightgcn_only,1,0.7817568751532553
yelp,lightgcn_only,fixed,balanced,45970,lightgcn_only,lightgcn_only,fixed,1,0,True,0.8827086257713791,0.8399851800276336,lightgcn_only,1,0.042723445743745536,35.0,34.0,lightgcn_only,1.0,1.0,4.728940157838262,4.61694376402889,lightgcn_only,1.0,0.11199639380937221,15.8,19.9,fixed,0.0,-4.099999999999998,0.02708010349281492,0.023344251716931733,lightgcn_only,1,0.003735851775883186,7.1945978615168595,4.020951710603873,lightgcn_only,1,3.1736461509129867
yelp,lightgcn_only,fixed,balanced,13763,lightgcn_only,lightgcn_only,fixed,1,0,True,0.9320088295170749,0.904661649526212,lightgcn_only,1,0.02734717999086289,59.0,27.0,lightgcn_only,1.0,32.0,5.555467129755085,4.291688760972385,lightgcn_only,1.0,1.2637783687826998,19.7,13.8,lightgcn_only,1.0,5.899999999999999,0.05031314937346066,0.04946666426100529,lightgcn_only,1,0.0008464851124553724,7.139350653732275,3.7671172499172423,lightgcn_only,1,3.3722334038150326
yelp,lightgcn_only,fixed,balanced,9482,lightgcn_only,lightgcn_only,fixed,1,0,True,0.8134308182337557,0.9143922831250733,fixed,0,-0.10096146489131752,42.0,32.0,lightgcn_only,1.0,10.0,4.97988331953802,4.756328385912461,lightgcn_only,1.0,0.22355493362555912,21.3,12.9,lightgcn_only,1.0,8.4,0.0922480474090642,0.07631327687458571,lightgcn_only,1,0.01593477053447849,6.373000458913021,3.128448878888896,lightgcn_only,1,3.2445515800241247
yelp,lightgcn_only,fixed,balanced,47816,fixed,lightgcn_only,fixed,0,1,True,0.9071795290560896,0.8953663855827065,lightgcn_only,0,-0.011813143473383025,45.0,21.0,lightgcn_only,0.0,-24.0,5.14060992948011,3.9209378720695263,lightgcn_only,0.0,-1.219672057410584,16.6,10.8,lightgcn_only,0.0,-5.800000000000001,0.028737869868319863,0.09567804025284136,fixed,1,0.0669401703845215,6.7359082745899315,3.742274922678713,lightgcn_only,0,-2.9936333519112184
yelp,lightgcn_only,fixed,balanced,23620,lightgcn_only,lightgcn_only,fixed,1,0,True,0.92826225523746,0.8986097278439416,lightgcn_only,1,0.029652527393518424,60.0,11.0,lightgcn_only,1.0,49.0,5.539048454322628,2.9707721691551394,lightgcn_only,1.0,2.5682762851674883,19.4,10.1,lightgcn_only,1.0,9.299999999999999,0.045641951112667264,0.05990223900949794,fixed,0,-0.014260287896830676,7.127607260273466,3.4510062450800456,lightgcn_only,1,3.6766010151934205
yelp,lightgcn_only,fixed,balanced,83363,fixed,lightgcn_only,fixed,0,1,True,0.8520018480787662,0.8148535192569042,lightgcn_only,0,-0.03714832882186203,34.0,31.0,lightgcn_only,0.0,-3.0,4.715677442680786,4.675728750643393,lightgcn_only,0.0,-0.0399486920373926,18.5,14.5,lightgcn_only,0.0,-4.0,0.016772873777646614,0.15129136772717802,fixed,1,0.13451849394953141,7.012788132168372,3.317920343325234,lightgcn_only,0,-3.694867788843138
yelp,lightgcn_only,fixed,balanced,34176,lightgcn_only,lightgcn_only,fixed,1,0,True,0.9000989514041785,0.8859945742222419,lightgcn_only,1,0.014104377181936578,48.0,32.0,lightgcn_only,1.0,16.0,5.228047148503094,4.613386137251933,lightgcn_only,1.0,0.6146610112511617,19.5,15.1,lightgcn_only,1.0,4.4,0.08048440254546341,0.09388992511509033,fixed,0,-0.013405522569626918,6.603697199353823,4.906713086612016,lightgcn_only,1,1.6969841127418066
yelp,lightgcn_only,fixed,balanced,88044,lightgcn_only,lightgcn_only,fixed,1,0,True,0.830073250482568,0.7125710602325259,lightgcn_only,1,0.11750219025004205,58.0,20.0,lightgcn_only,1.0,38.0,5.507637729861137,3.8443645876860675,lightgcn_only,1.0,1.6632731421750693,22.7,14.2,lightgcn_only,1.0,8.5,0.11424820818350312,0.13875458990128414,fixed,0,-0.024506381717781023,7.070050717533462,4.728237781674951,lightgcn_only,1,2.3418129358585116
yelp,lightgcn_only,fixed,balanced,23067,fixed,lightgcn_only,fixed,0,1,True,0.8867738941422052,0.7055938049372232,lightgcn_only,0,-0.18118008920498196,32.0,24.0,lightgcn_only,0.0,-8.0,4.541667212304603,4.065945132377804,lightgcn_only,0.0,-0.4757220799267987,16.0,14.1,lightgcn_only,0.0,-1.9000000000000004,0.051432795291836746,0.22134318956112187,fixed,1,0.16991039426928511,6.21047200234862,4.863144632186901,lightgcn_only,0,-1.347327370161719
yelp,lightgcn_only,fixed,balanced,94832,lightgcn_only,lightgcn_only,fixed,1,0,True,0.8720149114200322,0.8964488630993681,fixed,0,-0.02443395167933593,35.0,23.0,lightgcn_only,1.0,12.0,4.723380936058875,4.020122960058874,lightgcn_only,1.0,0.7032579760000015,15.5,14.6,lightgcn_only,1.0,0.9000000000000004,0.06607549917171614,0.04958525151672842,lightgcn_only,1,0.016490247654987716,6.433067841571559,3.7138213736426438,lightgcn_only,1,2.7192464679289157
yelp,lightgcn_only,fixed,balanced,50442,lightgcn_only,lightgcn_only,fixed,1,0,True,0.8933739778649422,0.8287405422941037,lightgcn_only,1,0.06463343557083856,47.0,39.0,lightgcn_only,1.0,8.0,5.215634426587139,4.837299423838764,lightgcn_only,1.0,0.3783350027483747,19.0,16.6,lightgcn_only,1.0,2.3999999999999986,0.10227550092605155,0.10448592334488026,fixed,0,-0.0022104224188287114,6.744818274068535,4.856963034923807,lightgcn_only,1,1.887855239144728
yelp,lightgcn_only,fixed,balanced,4565,fixed,lightgcn_only,fixed,0,1,True,0.9071795290560896,0.7139154605991109,lightgcn_only,0,-0.19326406845697863,45.0,20.0,lightgcn_only,0.0,-25.0,5.14060992948011,3.7762099383696817,lightgcn_only,0.0,-1.3643999911104285,16.6,14.5,lightgcn_only,0.0,-2.1000000000000014,0.044397710541905375,0.2086025975022058,fixed,1,0.16420488696030044,6.7359082745899315,3.9212710937015216,lightgcn_only,0,-2.81463718088841
yelp,lightgcn_only,fixed,balanced,92688,lightgcn_only,lightgcn_only,fixed,1,0,True,0.9236183372010734,0.7851523846856692,lightgcn_only,1,0.13846595251540428,59.0,55.0,lightgcn_only,1.0,4.0,5.580307540581811,5.323563380781244,lightgcn_only,1.0,0.25674415980056686,20.0,22.8,fixed,0.0,-2.8000000000000007,0.07409699681265447,0.11367798714629997,fixed,0,-0.0395809903336455,7.1926307828956855,6.121705910935639,lightgcn_only,1,1.0709248719600462
yelp,lightgcn_only,fixed,balanced,73732,fixed,lightgcn_only,fixed,0,1,True,0.9032231164497678,0.8849094252478872,lightgcn_only,0,-0.018313691201880644,31.0,29.0,lightgcn_only,0.0,-2.0,4.517751294423244,4.463888030795445,lightgcn_only,0.0,-0.053863263627798474,13.9,12.7,lightgcn_only,0.0,-1.200000000000001,0.039145418574639025,0.11077067426868431,fixed,1,0.07162525569404529,6.101451187822739,4.056364225798542,lightgcn_only,0,-2.0450869620241967
yelp,lightgcn_only,fixed,balanced,64669,fixed,lightgcn_only,fixed,0,1,True,0.9071795290560896,0.7037952781400837,lightgcn_only,0,-0.20338425091600587,45.0,25.0,lightgcn_only,0.0,-20.0,5.14060992948011,4.000367174292821,lightgcn_only,0.0,-1.1402427551872893,16.6,16.6,TIE,,0.0,0.05114256163089946,0.11675632685657253,fixed,1,0.06561376522567307,6.7359082745899315,4.886510680760127,lightgcn_only,0,-1.8493975938298046
yelp,lightgcn_only,fixed,balanced,74193,lightgcn_only,lightgcn_only,fixed,1,0,True,0.7821071219756938,0.7377860068248767,lightgcn_only,1,0.04432111515081705,32.0,16.0,lightgcn_only,1.0,16.0,4.583284310020797,3.5628249576553053,lightgcn_only,1.0,1.0204593523654921,17.2,12.1,lightgcn_only,1.0,5.1,0.16129058326816975,0.1538368679248676,lightgcn_only,1,0.007453715343302164,6.969651991834665,3.8309842220863963,lightgcn_only,1,3.1386677697482686
yelp,lightgcn_only,fixed,diversity,24594,lightgcn_only,lightgcn_only,fixed,1,0,True,0.9282033308665403,0.9472476526376116,fixed,0,-0.019044321771071293,61.0,28.0,lightgcn_only,1.0,33.0,5.580429825942793,4.352135539906904,lightgcn_only,1.0,1.2282942860358892,20.2,14.8,lightgcn_only,1.0,5.399999999999999,0.01742660813843952,0.02848713110996086,fixed,0,-0.011060522971521339,7.141122702464412,3.7981625104735386,lightgcn_only,1,3.3429601919908736
yelp,lightgcn_only,fixed,diversity,18392,lightgcn_only,lightgcn_only,fixed,1,0,True,0.8894487598915569,0.8311360773354097,lightgcn_only,1,0.05831268255614719,35.0,24.0,lightgcn_only,1.0,11.0,4.692978219359807,4.172923306112224,lightgcn_only,1.0,0.5200549132475825,17.0,16.8,lightgcn_only,1.0,0.1999999999999993,0.10758693013857254,0.12460398354482233,fixed,0,-0.017017053406249788,6.377441649810779,4.09792936499621,lightgcn_only,1,2.279512284814569
yelp,lightgcn_only,fixed,diversity,81116,lightgcn_only,lightgcn_only,fixed,1,0,True,0.8838099521706064,0.7202558232835123,lightgcn_only,1,0.16355412888709409,44.0,31.0,lightgcn_only,1.0,13.0,5.104138369855338,4.4323860276756655,lightgcn_only,1.0,0.6717523421796727,17.5,17.1,lightgcn_only,1.0,0.3999999999999986,0.07606988373393565,0.07863547556890753,fixed,0,-0.0025655918349718754,7.093592472152018,4.1575410387083975,lightgcn_only,1,2.9360514334436205
yelp,lightgcn_only,fixed,diversity,78602,lightgcn_only,lightgcn_only,fixed,1,0,True,0.9236183372010734,0.8990924870210653,lightgcn_only,1,0.02452585018000819,59.0,28.0,lightgcn_only,1.0,31.0,5.580307540581811,4.255299516000064,lightgcn_only,1.0,1.3250080245817468,20.0,15.4,lightgcn_only,1.0,4.6,0.036962639269597995,0.04457923178622751,fixed,0,-0.007616592516629515,7.1926307828956855,5.093544115370986,lightgcn_only,1,2.0990866675246993
yelp,lightgcn_only,fixed,diversity,2600,lightgcn_only,lightgcn_only,fixed,1,0,True,0.8571412288139305,0.8830563839510426,fixed,0,-0.025915155137112067,30.0,24.0,lightgcn_only,1.0,6.0,4.459419394598415,4.114649352973295,lightgcn_only,1.0,0.3447700416251198,16.1,11.9,lightgcn_only,1.0,4.200000000000001,0.10818246917179376,0.08818859659262017,lightgcn_only,1,0.019993872579173594,6.093102978775111,3.724598999448991,lightgcn_only,1,2.36850397932612
yelp,lightgcn_only,fixed,diversity,47111,lightgcn_only,lightgcn_only,fixed,1,0,True,0.9236183372010734,0.7790758172996292,lightgcn_only,1,0.1445425199014443,59.0,53.0,lightgcn_only,1.0,6.0,5.58030754058181,5.277242182760813,lightgcn_only,1.0,0.303065357820997,20.0,21.4,fixed,0.0,-1.3999999999999986,0.04899101874249184,0.046972475092089565,lightgcn_only,1,0.0020185436504022783,7.192630782895686,5.84807658207932,lightgcn_only,1,1.3445542008163667
yelp,lightgcn_only,fixed,diversity,362,lightgcn_only,lightgcn_only,fixed,1,0,True,0.8473654063321061,0.8271087751293364,lightgcn_only,1,0.02025663120276966,31.0,25.0,lightgcn_only,1.0,6.0,4.520643571316486,4.26370835335654,lightgcn_only,1.0,0.25693521795994645,17.2,15.0,lightgcn_only,1.0,2.1999999999999993,0.06769319678183852,0.09533842525114107,fixed,0,-0.02764522846930255,6.919264331463809,4.171822773237104,lightgcn_only,1,2.747441558226705
yelp,lightgcn_only,fixed,diversity,92790,lightgcn_only,lightgcn_only,fixed,1,0,True,0.8012516611572866,0.8113177484291678,fixed,0,-0.010066087271881186,42.0,40.0,lightgcn_only,1.0,2.0,4.9119168530423405,4.81984288189567,lightgcn_only,1.0,0.09207397114667071,21.1,19.7,lightgcn_only,1.0,1.4000000000000021,0.10399575074916668,0.08381740406396791,lightgcn_only,1,0.020178346685198773,6.331142453894422,4.277437727426252,lightgcn_only,1,2.0537047264681707
yelp,lightgcn_only,fixed,diversity,46092,fixed,lightgcn_only,fixed,0,1,True,0.887725941047996,0.8652471207658868,lightgcn_only,0,-0.022478820282109124,34.0,48.0,fixed,1.0,14.0,4.675093945008262,5.355485819032438,fixed,1.0,0.6803918740241759,16.3,19.8,fixed,1.0,3.5,0.055084298788932465,0.07638615183310009,fixed,1,0.021301853044167623,6.593899345857058,4.915870227857649,lightgcn_only,0,-1.678029117999409
yelp,lightgcn_only,fixed,diversity,1779,lightgcn_only,lightgcn_only,fixed,1,0,True,0.8082287145768667,0.663771142128684,lightgcn_only,1,0.1444575724481827,35.0,20.0,lightgcn_only,1.0,15.0,4.745671435557252,3.8323879062535546,lightgcn_only,1.0,0.9132835293036976,17.4,14.0,lightgcn_only,1.0,3.3999999999999986,0.11305671142639616,0.13263951239416827,fixed,0,-0.01958280096777211,7.001389849615228,4.871403719619489,lightgcn_only,1,2.1299861299957383
yelp,lightgcn_only,fixed,diversity,49896,lightgcn_only,lightgcn_only,fixed,1,0,True,0.9088595276382196,0.8663194523647583,lightgcn_only,1,0.042540075273461375,44.0,30.0,lightgcn_only,1.0,14.0,5.120635070586276,4.472753889405451,lightgcn_only,1.0,0.6478811811808258,17.2,13.3,lightgcn_only,1.0,3.8999999999999986,0.09021192103089075,0.10785895921302334,fixed,0,-0.01764703818213259,6.624791429806082,4.338005187532429,lightgcn_only,1,2.286786242273654
yelp,lightgcn_only,fixed,diversity,58992,lightgcn_only,lightgcn_only,fixed,1,0,True,0.9269522953466489,0.7839184126692147,lightgcn_only,1,0.14303388267743422,62.0,41.0,lightgcn_only,1.0,21.0,5.652525154661985,4.833567070323523,lightgcn_only,1.0,0.8189580843384618,20.8,18.4,lightgcn_only,1.0,2.400000000000002,0.0687797932678632,0.10219975522570154,fixed,0,-0.03341996195783835,7.159427629319265,5.929728061624842,lightgcn_only,1,1.2296995676944231
yelp,lightgcn_only,fixed,diversity,27182,lightgcn_only,lightgcn_only,fixed,1,0,True,0.9014653389525201,0.7371870744786084,lightgcn_only,1,0.1642782644739117,40.0,22.0,lightgcn_only,1.0,18.0,4.955642210087811,3.9579315684040273,lightgcn_only,1.0,0.997710641683784,17.4,16.9,lightgcn_only,1.0,0.5,0.055717729413063834,0.1043838556143292,fixed,0,-0.04866612620126536,6.6477485286604034,3.787557127936452,lightgcn_only,1,2.8601914007239513
yelp,lightgcn_only,fixed,diversity,37335,lightgcn_only,lightgcn_only,fixed,1,0,True,0.9291189855184618,0.7208354943075366,lightgcn_only,1,0.20828349121092526,60.0,54.0,lightgcn_only,1.0,6.0,5.562717914492451,5.273673636887188,lightgcn_only,1.0,0.28904427760526286,19.4,22.3,fixed,0.0,-2.900000000000002,0.06398467085947325,0.06150475469836723,lightgcn_only,1,0.002479916161106023,7.17137851429077,6.104993363691478,lightgcn_only,1,1.0663851505992916
yelp,lightgcn_only,fixed,diversity,66818,lightgcn_only,lightgcn_only,fixed,1,0,True,0.872026108744471,0.9143998227280978,fixed,0,-0.04237371398362688,30.0,31.0,fixed,0.0,-1.0,4.527174114425367,4.546973149067329,fixed,0.0,-0.0197990346419612,17.6,16.6,lightgcn_only,1.0,1.0,0.09318960850869912,0.07770118171098588,lightgcn_only,1,0.015488426797713242,6.66392474500424,4.810339221297063,lightgcn_only,1,1.853585523707177
yelp,lightgcn_only,fixed,diversity,83855,lightgcn_only,lightgcn_only,fixed,1,0,True,0.9349500800853139,0.9518480777555063,fixed,0,-0.0168979976701924,61.0,21.0,lightgcn_only,1.0,40.0,5.606266068579932,3.9708400131019848,lightgcn_only,1.0,1.635426055477947,20.2,11.2,lightgcn_only,1.0,9.0,0.03613903195484131,0.03233108562587138,lightgcn_only,1,0.003807946328969934,7.167341112516193,3.4255604519201315,lightgcn_only,1,3.7417806605960617
yelp,lightgcn_only,fixed,diversity,68812,lightgcn_only,lightgcn_only,fixed,1,0,True,0.8082287145768667,0.6391620082588907,lightgcn_only,1,0.16906670631797605,35.0,17.0,lightgcn_only,1.0,18.0,4.745671435557252,3.495691916134907,lightgcn_only,1.0,1.2499795194223453,17.4,14.1,lightgcn_only,1.0,3.299999999999999,0.08160923314645364,0.11567133361655985,fixed,0,-0.0340621004701062,7.001389849615228,4.109411106785439,lightgcn_only,1,2.8919787428297887
yelp,lightgcn_only,fixed,diversity,17415,lightgcn_only,lightgcn_only,fixed,1,0,True,0.8722944787076373,0.8824297830037733,fixed,0,-0.01013530429613596,37.0,36.0,lightgcn_only,1.0,1.0,4.808805103879141,4.783323083041606,lightgcn_only,1.0,0.02548202083753548,17.2,16.8,lightgcn_only,1.0,0.3999999999999986,0.07209478038266595,0.07575646614569559,fixed,0,-0.0036616857630296373,6.429177893610185,5.64742101845693,lightgcn_only,1,0.7817568751532553
yelp,lightgcn_only,fixed,diversity,93796,lightgcn_only,lightgcn_only,fixed,1,0,True,0.8676812753118444,0.8704643326542066,fixed,0,-0.002783057342362283,30.0,19.0,lightgcn_only,1.0,11.0,4.441068585955439,3.7230178469771475,lightgcn_only,1.0,0.7180507389782917,16.1,10.7,lightgcn_only,1.0,5.400000000000002,0.03519291606021523,0.08761626573367465,fixed,0,-0.052423349673459414,6.13205178691842,3.1673809136484996,lightgcn_only,1,2.9646708732699203
yelp,lightgcn_only,fixed,diversity,13763,lightgcn_only,lightgcn_only,fixed,1,0,True,0.9320088295170749,0.904661649526212,lightgcn_only,1,0.02734717999086289,59.0,27.0,lightgcn_only,1.0,32.0,5.555467129755085,4.291688760972385,lightgcn_only,1.0,1.2637783687826998,19.7,13.8,lightgcn_only,1.0,5.899999999999999,0.05031314937346066,0.04946666426100529,lightgcn_only,1,0.0008464851124553724,7.139350653732275,3.7671172499172423,lightgcn_only,1,3.3722334038150326
yelp,lightgcn_only,fixed,diversity,9482,lightgcn_only,lightgcn_only,fixed,1,0,True,0.8134308182337557,0.9143922831250733,fixed,0,-0.10096146489131752,42.0,32.0,lightgcn_only,1.0,10.0,4.97988331953802,4.756328385912461,lightgcn_only,1.0,0.22355493362555912,21.3,12.9,lightgcn_only,1.0,8.4,0.0922480474090642,0.07631327687458571,lightgcn_only,1,0.01593477053447849,6.373000458913021,3.128448878888896,lightgcn_only,1,3.2445515800241247
yelp,lightgcn_only,fixed,diversity,15173,lightgcn_only,lightgcn_only,fixed,1,0,True,0.8134308182337557,0.914461592464618,fixed,0,-0.10103077423086226,42.0,22.0,lightgcn_only,1.0,20.0,4.979883319538019,3.948420322246837,lightgcn_only,1.0,1.0314629972911824,21.3,9.8,lightgcn_only,1.0,11.5,0.13262063002270705,0.04973527143199556,lightgcn_only,1,0.08288535859071149,6.373000458913021,3.2530259252854927,lightgcn_only,1,3.119974533627528
yelp,lightgcn_only,fixed,diversity,47816,lightgcn_only,lightgcn_only,fixed,1,0,True,0.9071795290560896,0.8953663855827065,lightgcn_only,1,0.011813143473383025,45.0,21.0,lightgcn_only,1.0,24.0,5.14060992948011,3.9209378720695263,lightgcn_only,1.0,1.219672057410584,16.6,10.8,lightgcn_only,1.0,5.800000000000001,0.028737869868319863,0.09567804025284136,fixed,0,-0.0669401703845215,6.7359082745899315,3.742274922678713,lightgcn_only,1,2.9936333519112184
yelp,lightgcn_only,fixed,diversity,23620,lightgcn_only,lightgcn_only,fixed,1,0,True,0.92826225523746,0.8986097278439416,lightgcn_only,1,0.029652527393518424,60.0,11.0,lightgcn_only,1.0,49.0,5.539048454322628,2.9707721691551394,lightgcn_only,1.0,2.5682762851674883,19.4,10.1,lightgcn_only,1.0,9.299999999999999,0.045641951112667264,0.05990223900949794,fixed,0,-0.014260287896830676,7.127607260273466,3.4510062450800456,lightgcn_only,1,3.6766010151934205
yelp,lightgcn_only,fixed,diversity,61591,lightgcn_only,lightgcn_only,fixed,1,0,True,0.9236183372010734,0.8720107541435715,lightgcn_only,1,0.051607583057501905,59.0,27.0,lightgcn_only,1.0,32.0,5.58030754058181,4.293044600614918,lightgcn_only,1.0,1.287262939966892,20.0,15.8,lightgcn_only,1.0,4.199999999999999,0.06554255423517995,0.06558241196195472,fixed,0,-3.985772677476962e-05,7.1926307828956855,5.295222659674497,lightgcn_only,1,1.8974081232211883
yelp,lightgcn_only,fixed,diversity,34176,lightgcn_only,lightgcn_only,fixed,1,0,True,0.9000989514041785,0.8859945742222419,lightgcn_only,1,0.014104377181936578,48.0,32.0,lightgcn_only,1.0,16.0,5.228047148503094,4.613386137251933,lightgcn_only,1.0,0.6146610112511617,19.5,15.1,lightgcn_only,1.0,4.4,0.08048440254546341,0.09388992511509033,fixed,0,-0.013405522569626918,6.603697199353823,4.906713086612016,lightgcn_only,1,1.6969841127418066
yelp,lightgcn_only,fixed,diversity,88044,lightgcn_only,lightgcn_only,fixed,1,0,True,0.830073250482568,0.7125710602325259,lightgcn_only,1,0.11750219025004205,58.0,20.0,lightgcn_only,1.0,38.0,5.507637729861137,3.8443645876860675,lightgcn_only,1.0,1.6632731421750693,22.7,14.2,lightgcn_only,1.0,8.5,0.11424820818350312,0.13875458990128414,fixed,0,-0.024506381717781023,7.070050717533462,4.728237781674951,lightgcn_only,1,2.3418129358585116
yelp,lightgcn_only,fixed,diversity,797,lightgcn_only,lightgcn_only,fixed,1,0,True,0.9215913469668335,0.797092816126757,lightgcn_only,1,0.12449853084007656,59.0,20.0,lightgcn_only,1.0,39.0,5.57119979653923,4.016673874241777,lightgcn_only,1.0,1.5545259222974535,19.2,13.7,lightgcn_only,1.0,5.5,0.024735615420928846,0.16073472370033987,fixed,0,-0.13599910827941103,7.199121071519228,3.4112735971561,lightgcn_only,1,3.7878474743631276
yelp,lightgcn_only,fixed,diversity,23067,lightgcn_only,lightgcn_only,fixed,1,0,True,0.8867738941422052,0.7055938049372232,lightgcn_only,1,0.18118008920498196,32.0,24.0,lightgcn_only,1.0,8.0,4.541667212304603,4.065945132377804,lightgcn_only,1.0,0.4757220799267987,16.0,14.1,lightgcn_only,1.0,1.9000000000000004,0.051432795291836746,0.22134318956112187,fixed,0,-0.16991039426928511,6.21047200234862,4.863144632186901,lightgcn_only,1,1.347327370161719
yelp,lightgcn_only,fixed,diversity,94832,lightgcn_only,lightgcn_only,fixed,1,0,True,0.8720149114200322,0.8964488630993681,fixed,0,-0.02443395167933593,35.0,23.0,lightgcn_only,1.0,12.0,4.723380936058875,4.020122960058874,lightgcn_only,1.0,0.7032579760000015,15.5,14.6,lightgcn_only,1.0,0.9000000000000004,0.06607549917171614,0.04958525151672842,lightgcn_only,1,0.016490247654987716,6.433067841571559,3.7138213736426438,lightgcn_only,1,2.7192464679289157
yelp,lightgcn_only,fixed,diversity,4565,lightgcn_only,lightgcn_only,fixed,1,0,True,0.9071795290560896,0.7139154605991109,lightgcn_only,1,0.19326406845697863,45.0,20.0,lightgcn_only,1.0,25.0,5.14060992948011,3.7762099383696817,lightgcn_only,1.0,1.3643999911104285,16.6,14.5,lightgcn_only,1.0,2.1000000000000014,0.044397710541905375,0.2086025975022058,fixed,0,-0.16420488696030044,6.7359082745899315,3.9212710937015216,lightgcn_only,1,2.81463718088841
yelp,lightgcn_only,fixed,diversity,88855,lightgcn_only,lightgcn_only,fixed,1,0,True,0.8082287145768667,0.7354816762254177,lightgcn_only,1,0.07274703835144902,35.0,20.0,lightgcn_only,1.0,15.0,4.745671435557252,3.8459981596819315,lightgcn_only,1.0,0.8996732758753208,17.4,14.1,lightgcn_only,1.0,3.299999999999999,0.11521575118059561,0.14603273287773574,fixed,0,-0.03081698169714013,7.001389849615228,4.419551376183335,lightgcn_only,1,2.581838473431892
yelp,lightgcn_only,fixed,diversity,64669,lightgcn_only,lightgcn_only,fixed,1,0,True,0.9071795290560896,0.7037952781400837,lightgcn_only,1,0.20338425091600587,45.0,25.0,lightgcn_only,1.0,20.0,5.14060992948011,4.000367174292821,lightgcn_only,1.0,1.1402427551872893,16.6,16.6,TIE,,0.0,0.05114256163089946,0.11675632685657253,fixed,0,-0.06561376522567307,6.7359082745899315,4.886510680760127,lightgcn_only,1,1.8493975938298046
yelp,lightgcn_only,fixed,diversity,5457,lightgcn_only,lightgcn_only,fixed,1,0,True,0.8780721133406274,0.859250444150375,lightgcn_only,1,0.01882166919025241,31.0,31.0,TIE,,0.0,4.501707443575656,4.621115365169274,fixed,0.0,-0.11940792159361813,16.7,11.6,lightgcn_only,1.0,5.1,0.0524553511110868,0.0753130024153086,fixed,0,-0.0228576513042218,6.14479139850671,3.4558500928325615,lightgcn_only,1,2.6889413056741485
yelp,lightgcn_only,fixed,diversity,74193,lightgcn_only,lightgcn_only,fixed,1,0,True,0.7821071219756938,0.7377860068248767,lightgcn_only,1,0.04432111515081705,32.0,16.0,lightgcn_only,1.0,16.0,4.583284310020797,3.5628249576553053,lightgcn_only,1.0,1.0204593523654921,17.2,12.1,lightgcn_only,1.0,5.1,0.16129058326816975,0.1538368679248676,lightgcn_only,1,0.007453715343302164,6.969651991834665,3.8309842220863963,lightgcn_only,1,3.1386677697482686
yelp,lightgcn_only,fixed,novelty,19308,fixed,lightgcn_only,fixed,0,1,True,0.9236183372010734,0.8878548310016856,lightgcn_only,0,-0.03576350619938784,59.0,66.0,fixed,1.0,7.0,5.58030754058181,5.640243488526192,fixed,1.0,0.05993594794438195,20.0,23.9,fixed,1.0,3.8999999999999986,0.06247151068492427,0.0720451687379116,fixed,1,0.009573658052987329,7.192630782895686,6.456857566731348,lightgcn_only,0,-0.735773216164338
yelp,lightgcn_only,fixed,novelty,24594,lightgcn_only,lightgcn_only,fixed,1,0,True,0.9282033308665403,0.9472476526376116,fixed,0,-0.019044321771071293,61.0,28.0,lightgcn_only,1.0,33.0,5.580429825942793,4.352135539906904,lightgcn_only,1.0,1.2282942860358892,20.2,14.8,lightgcn_only,1.0,5.399999999999999,0.01742660813843952,0.02848713110996086,fixed,0,-0.011060522971521339,7.141122702464412,3.7981625104735386,lightgcn_only,1,3.3429601919908736
yelp,lightgcn_only,fixed,novelty,18392,lightgcn_only,lightgcn_only,fixed,1,0,True,0.8894487598915569,0.8311360773354097,lightgcn_only,1,0.05831268255614719,35.0,24.0,lightgcn_only,1.0,11.0,4.692978219359807,4.172923306112224,lightgcn_only,1.0,0.5200549132475825,17.0,16.8,lightgcn_only,1.0,0.1999999999999993,0.10758693013857254,0.12460398354482233,fixed,0,-0.017017053406249788,6.377441649810779,4.09792936499621,lightgcn_only,1,2.279512284814569
yelp,lightgcn_only,fixed,novelty,81116,lightgcn_only,lightgcn_only,fixed,1,0,True,0.8838099521706064,0.7202558232835123,lightgcn_only,1,0.16355412888709409,44.0,31.0,lightgcn_only,1.0,13.0,5.104138369855338,4.4323860276756655,lightgcn_only,1.0,0.6717523421796727,17.5,17.1,lightgcn_only,1.0,0.3999999999999986,0.07606988373393565,0.07863547556890753,fixed,0,-0.0025655918349718754,7.093592472152018,4.1575410387083975,lightgcn_only,1,2.9360514334436205
yelp,lightgcn_only,fixed,novelty,78602,lightgcn_only,lightgcn_only,fixed,1,0,True,0.9236183372010734,0.8990924870210653,lightgcn_only,1,0.02452585018000819,59.0,28.0,lightgcn_only,1.0,31.0,5.580307540581811,4.255299516000064,lightgcn_only,1.0,1.3250080245817468,20.0,15.4,lightgcn_only,1.0,4.6,0.036962639269597995,0.04457923178622751,fixed,0,-0.007616592516629515,7.1926307828956855,5.093544115370986,lightgcn_only,1,2.0990866675246993
yelp,lightgcn_only,fixed,novelty,2600,fixed,lightgcn_only,fixed,0,1,True,0.8571412288139305,0.8830563839510426,fixed,1,0.025915155137112067,30.0,24.0,lightgcn_only,0.0,-6.0,4.459419394598415,4.114649352973295,lightgcn_only,0.0,-0.3447700416251198,16.1,11.9,lightgcn_only,0.0,-4.200000000000001,0.10818246917179376,0.08818859659262017,lightgcn_only,0,-0.019993872579173594,6.093102978775111,3.724598999448991,lightgcn_only,0,-2.36850397932612
yelp,lightgcn_only,fixed,novelty,33987,lightgcn_only,lightgcn_only,fixed,1,0,True,0.9236183372010734,0.8826324255945597,lightgcn_only,1,0.04098591160651377,59.0,60.0,fixed,0.0,-1.0,5.580307540581811,5.563157134005793,lightgcn_only,1.0,0.017150406576018185,20.0,21.2,fixed,0.0,-1.1999999999999993,0.05155965533364288,0.06874988985911959,fixed,0,-0.01719023452547671,7.1926307828956855,4.7914316742856204,lightgcn_only,1,2.401199108610065
yelp,lightgcn_only,fixed,novelty,362,lightgcn_only,lightgcn_only,fixed,1,0,True,0.8473654063321061,0.8271087751293364,lightgcn_only,1,0.02025663120276966,31.0,25.0,lightgcn_only,1.0,6.0,4.520643571316486,4.26370835335654,lightgcn_only,1.0,0.25693521795994645,17.2,15.0,lightgcn_only,1.0,2.1999999999999993,0.06769319678183852,0.09533842525114107,fixed,0,-0.02764522846930255,6.919264331463809,4.171822773237104,lightgcn_only,1,2.747441558226705
yelp,lightgcn_only,fixed,novelty,92790,lightgcn_only,lightgcn_only,fixed,1,0,True,0.8012516611572866,0.8113177484291678,fixed,0,-0.010066087271881186,42.0,40.0,lightgcn_only,1.0,2.0,4.9119168530423405,4.81984288189567,lightgcn_only,1.0,0.09207397114667071,21.1,19.7,lightgcn_only,1.0,1.4000000000000021,0.10399575074916668,0.08381740406396791,lightgcn_only,1,0.020178346685198773,6.331142453894422,4.277437727426252,lightgcn_only,1,2.0537047264681707
yelp,lightgcn_only,fixed,novelty,90313,lightgcn_only,lightgcn_only,fixed,1,0,True,0.839662376562033,0.8240520039991461,lightgcn_only,1,0.015610372562886887,31.0,29.0,lightgcn_only,1.0,2.0,4.440269437056366,4.450089456697305,fixed,0.0,-0.009820019640939037,16.1,14.2,lightgcn_only,1.0,1.9000000000000021,0.09974393243350359,0.09112922725269648,lightgcn_only,1,0.008614705180807106,6.567852407786927,4.254138038298451,lightgcn_only,1,2.3137143694884763
yelp,lightgcn_only,fixed,novelty,46092,fixed,lightgcn_only,fixed,0,1,True,0.887725941047996,0.8652471207658868,lightgcn_only,0,-0.022478820282109124,34.0,48.0,fixed,1.0,14.0,4.675093945008262,5.355485819032438,fixed,1.0,0.6803918740241759,16.3,19.8,fixed,1.0,3.5,0.055084298788932465,0.07638615183310009,fixed,1,0.021301853044167623,6.593899345857058,4.915870227857649,lightgcn_only,0,-1.678029117999409
yelp,lightgcn_only,fixed,novelty,1779,lightgcn_only,lightgcn_only,fixed,1,0,True,0.8082287145768667,0.663771142128684,lightgcn_only,1,0.1444575724481827,35.0,20.0,lightgcn_only,1.0,15.0,4.745671435557252,3.8323879062535546,lightgcn_only,1.0,0.9132835293036976,17.4,14.0,lightgcn_only,1.0,3.3999999999999986,0.11305671142639616,0.13263951239416827,fixed,0,-0.01958280096777211,7.001389849615228,4.871403719619489,lightgcn_only,1,2.1299861299957383
yelp,lightgcn_only,fixed,novelty,49896,lightgcn_only,lightgcn_only,fixed,1,0,True,0.9088595276382196,0.8663194523647583,lightgcn_only,1,0.042540075273461375,44.0,30.0,lightgcn_only,1.0,14.0,5.120635070586276,4.472753889405451,lightgcn_only,1.0,0.6478811811808258,17.2,13.3,lightgcn_only,1.0,3.8999999999999986,0.09021192103089075,0.10785895921302334,fixed,0,-0.01764703818213259,6.624791429806082,4.338005187532429,lightgcn_only,1,2.286786242273654
yelp,lightgcn_only,fixed,novelty,58992,lightgcn_only,lightgcn_only,fixed,1,0,True,0.9269522953466489,0.7839184126692147,lightgcn_only,1,0.14303388267743422,62.0,41.0,lightgcn_only,1.0,21.0,5.652525154661985,4.833567070323523,lightgcn_only,1.0,0.8189580843384618,20.8,18.4,lightgcn_only,1.0,2.400000000000002,0.0687797932678632,0.10219975522570154,fixed,0,-0.03341996195783835,7.159427629319265,5.929728061624842,lightgcn_only,1,1.2296995676944231
yelp,lightgcn_only,fixed,novelty,27182,lightgcn_only,lightgcn_only,fixed,1,0,True,0.9014653389525201,0.7371870744786084,lightgcn_only,1,0.1642782644739117,40.0,22.0,lightgcn_only,1.0,18.0,4.955642210087811,3.9579315684040273,lightgcn_only,1.0,0.997710641683784,17.4,16.9,lightgcn_only,1.0,0.5,0.055717729413063834,0.1043838556143292,fixed,0,-0.04866612620126536,6.6477485286604034,3.787557127936452,lightgcn_only,1,2.8601914007239513
yelp,lightgcn_only,fixed,novelty,66818,lightgcn_only,lightgcn_only,fixed,1,0,True,0.872026108744471,0.9143998227280978,fixed,0,-0.04237371398362688,30.0,31.0,fixed,0.0,-1.0,4.527174114425367,4.546973149067329,fixed,0.0,-0.0197990346419612,17.6,16.6,lightgcn_only,1.0,1.0,0.09318960850869912,0.07770118171098588,lightgcn_only,1,0.015488426797713242,6.66392474500424,4.810339221297063,lightgcn_only,1,1.853585523707177
yelp,lightgcn_only,fixed,novelty,83855,lightgcn_only,lightgcn_only,fixed,1,0,True,0.9349500800853139,0.9518480777555063,fixed,0,-0.0168979976701924,61.0,21.0,lightgcn_only,1.0,40.0,5.606266068579932,3.9708400131019848,lightgcn_only,1.0,1.635426055477947,20.2,11.2,lightgcn_only,1.0,9.0,0.03613903195484131,0.03233108562587138,lightgcn_only,1,0.003807946328969934,7.167341112516193,3.4255604519201315,lightgcn_only,1,3.7417806605960617
yelp,lightgcn_only,fixed,novelty,68812,lightgcn_only,lightgcn_only,fixed,1,0,True,0.8082287145768667,0.6391620082588907,lightgcn_only,1,0.16906670631797605,35.0,17.0,lightgcn_only,1.0,18.0,4.745671435557252,3.495691916134907,lightgcn_only,1.0,1.2499795194223453,17.4,14.1,lightgcn_only,1.0,3.299999999999999,0.08160923314645364,0.11567133361655985,fixed,0,-0.0340621004701062,7.001389849615228,4.109411106785439,lightgcn_only,1,2.8919787428297887
yelp,lightgcn_only,fixed,novelty,17415,lightgcn_only,lightgcn_only,fixed,1,0,True,0.8722944787076373,0.8824297830037733,fixed,0,-0.01013530429613596,37.0,36.0,lightgcn_only,1.0,1.0,4.808805103879141,4.783323083041606,lightgcn_only,1.0,0.02548202083753548,17.2,16.8,lightgcn_only,1.0,0.3999999999999986,0.07209478038266595,0.07575646614569559,fixed,0,-0.0036616857630296373,6.429177893610185,5.64742101845693,lightgcn_only,1,0.7817568751532553
yelp,lightgcn_only,fixed,novelty,93796,lightgcn_only,lightgcn_only,fixed,1,0,True,0.8676812753118444,0.8704643326542066,fixed,0,-0.002783057342362283,30.0,19.0,lightgcn_only,1.0,11.0,4.441068585955439,3.7230178469771475,lightgcn_only,1.0,0.7180507389782917,16.1,10.7,lightgcn_only,1.0,5.400000000000002,0.03519291606021523,0.08761626573367465,fixed,0,-0.052423349673459414,6.13205178691842,3.1673809136484996,lightgcn_only,1,2.9646708732699203
yelp,lightgcn_only,fixed,novelty,13763,lightgcn_only,lightgcn_only,fixed,1,0,True,0.9320088295170749,0.904661649526212,lightgcn_only,1,0.02734717999086289,59.0,27.0,lightgcn_only,1.0,32.0,5.555467129755085,4.291688760972385,lightgcn_only,1.0,1.2637783687826998,19.7,13.8,lightgcn_only,1.0,5.899999999999999,0.05031314937346066,0.04946666426100529,lightgcn_only,1,0.0008464851124553724,7.139350653732275,3.7671172499172423,lightgcn_only,1,3.3722334038150326
yelp,lightgcn_only,fixed,novelty,15173,fixed,lightgcn_only,fixed,0,1,True,0.8134308182337557,0.914461592464618,fixed,1,0.10103077423086226,42.0,22.0,lightgcn_only,0.0,-20.0,4.979883319538019,3.948420322246837,lightgcn_only,0.0,-1.0314629972911824,21.3,9.8,lightgcn_only,0.0,-11.5,0.13262063002270705,0.04973527143199556,lightgcn_only,0,-0.08288535859071149,6.373000458913021,3.2530259252854927,lightgcn_only,0,-3.119974533627528
yelp,lightgcn_only,fixed,novelty,47816,lightgcn_only,lightgcn_only,fixed,1,0,True,0.9071795290560896,0.8953663855827065,lightgcn_only,1,0.011813143473383025,45.0,21.0,lightgcn_only,1.0,24.0,5.14060992948011,3.9209378720695263,lightgcn_only,1.0,1.219672057410584,16.6,10.8,lightgcn_only,1.0,5.800000000000001,0.028737869868319863,0.09567804025284136,fixed,0,-0.0669401703845215,6.7359082745899315,3.742274922678713,lightgcn_only,1,2.9936333519112184
yelp,lightgcn_only,fixed,novelty,23620,lightgcn_only,lightgcn_only,fixed,1,0,True,0.92826225523746,0.8986097278439416,lightgcn_only,1,0.029652527393518424,60.0,11.0,lightgcn_only,1.0,49.0,5.539048454322628,2.9707721691551394,lightgcn_only,1.0,2.5682762851674883,19.4,10.1,lightgcn_only,1.0,9.299999999999999,0.045641951112667264,0.05990223900949794,fixed,0,-0.014260287896830676,7.127607260273466,3.4510062450800456,lightgcn_only,1,3.6766010151934205
yelp,lightgcn_only,fixed,novelty,83363,lightgcn_only,lightgcn_only,fixed,1,0,True,0.8520018480787662,0.8148535192569042,lightgcn_only,1,0.03714832882186203,34.0,31.0,lightgcn_only,1.0,3.0,4.715677442680786,4.675728750643393,lightgcn_only,1.0,0.0399486920373926,18.5,14.5,lightgcn_only,1.0,4.0,0.016772873777646614,0.15129136772717802,fixed,0,-0.13451849394953141,7.012788132168372,3.317920343325234,lightgcn_only,1,3.694867788843138
yelp,lightgcn_only,fixed,novelty,88044,lightgcn_only,lightgcn_only,fixed,1,0,True,0.830073250482568,0.7125710602325259,lightgcn_only,1,0.11750219025004205,58.0,20.0,lightgcn_only,1.0,38.0,5.507637729861137,3.8443645876860675,lightgcn_only,1.0,1.6632731421750693,22.7,14.2,lightgcn_only,1.0,8.5,0.11424820818350312,0.13875458990128414,fixed,0,-0.024506381717781023,7.070050717533462,4.728237781674951,lightgcn_only,1,2.3418129358585116
yelp,lightgcn_only,fixed,novelty,797,lightgcn_only,lightgcn_only,fixed,1,0,True,0.9215913469668335,0.797092816126757,lightgcn_only,1,0.12449853084007656,59.0,20.0,lightgcn_only,1.0,39.0,5.57119979653923,4.016673874241777,lightgcn_only,1.0,1.5545259222974535,19.2,13.7,lightgcn_only,1.0,5.5,0.024735615420928846,0.16073472370033987,fixed,0,-0.13599910827941103,7.199121071519228,3.4112735971561,lightgcn_only,1,3.7878474743631276
yelp,lightgcn_only,fixed,novelty,23067,lightgcn_only,lightgcn_only,fixed,1,0,True,0.8867738941422052,0.7055938049372232,lightgcn_only,1,0.18118008920498196,32.0,24.0,lightgcn_only,1.0,8.0,4.541667212304603,4.065945132377804,lightgcn_only,1.0,0.4757220799267987,16.0,14.1,lightgcn_only,1.0,1.9000000000000004,0.051432795291836746,0.22134318956112187,fixed,0,-0.16991039426928511,6.21047200234862,4.863144632186901,lightgcn_only,1,1.347327370161719
yelp,lightgcn_only,fixed,novelty,94832,lightgcn_only,lightgcn_only,fixed,1,0,True,0.8720149114200322,0.8964488630993681,fixed,0,-0.02443395167933593,35.0,23.0,lightgcn_only,1.0,12.0,4.723380936058875,4.020122960058874,lightgcn_only,1.0,0.7032579760000015,15.5,14.6,lightgcn_only,1.0,0.9000000000000004,0.06607549917171614,0.04958525151672842,lightgcn_only,1,0.016490247654987716,6.433067841571559,3.7138213736426438,lightgcn_only,1,2.7192464679289157
yelp,lightgcn_only,fixed,novelty,4565,lightgcn_only,lightgcn_only,fixed,1,0,True,0.9071795290560896,0.7139154605991109,lightgcn_only,1,0.19326406845697863,45.0,20.0,lightgcn_only,1.0,25.0,5.14060992948011,3.7762099383696817,lightgcn_only,1.0,1.3643999911104285,16.6,14.5,lightgcn_only,1.0,2.1000000000000014,0.044397710541905375,0.2086025975022058,fixed,0,-0.16420488696030044,6.7359082745899315,3.9212710937015216,lightgcn_only,1,2.81463718088841
yelp,lightgcn_only,fixed,novelty,92688,lightgcn_only,lightgcn_only,fixed,1,0,True,0.9236183372010734,0.7851523846856692,lightgcn_only,1,0.13846595251540428,59.0,55.0,lightgcn_only,1.0,4.0,5.580307540581811,5.323563380781244,lightgcn_only,1.0,0.25674415980056686,20.0,22.8,fixed,0.0,-2.8000000000000007,0.07409699681265447,0.11367798714629997,fixed,0,-0.0395809903336455,7.1926307828956855,6.121705910935639,lightgcn_only,1,1.0709248719600462
yelp,lightgcn_only,fixed,novelty,97264,lightgcn_only,lightgcn_only,fixed,1,0,True,0.9291884163196941,0.8034321481380186,lightgcn_only,1,0.1257562681816755,61.0,58.0,lightgcn_only,1.0,3.0,5.588635124879352,5.415826051251887,lightgcn_only,1.0,0.172809073627465,20.0,22.4,fixed,0.0,-2.3999999999999986,0.08109447413427623,0.10277461177894304,fixed,0,-0.021680137644666808,7.166254145292501,6.645279954261021,lightgcn_only,1,0.5209741910314802
yelp,lightgcn_only,fixed,novelty,20211,lightgcn_only,lightgcn_only,fixed,1,0,True,0.8082287145768667,0.6737963759518396,lightgcn_only,1,0.13443233862502713,35.0,33.0,lightgcn_only,1.0,2.0,4.745671435557252,4.522614836792084,lightgcn_only,1.0,0.2230565987651678,17.4,17.7,fixed,0.0,-0.3000000000000007,0.11772308740039428,0.1337857828551006,fixed,0,-0.016062695454706316,7.001389849615228,4.175441153981307,lightgcn_only,1,2.8259486956339206
yelp,lightgcn_only,fixed,novelty,64669,lightgcn_only,lightgcn_only,fixed,1,0,True,0.9071795290560896,0.7037952781400837,lightgcn_only,1,0.20338425091600587,45.0,25.0,lightgcn_only,1.0,20.0,5.14060992948011,4.000367174292821,lightgcn_only,1.0,1.1402427551872893,16.6,16.6,TIE,,0.0,0.05114256163089946,0.11675632685657253,fixed,0,-0.06561376522567307,6.7359082745899315,4.886510680760127,lightgcn_only,1,1.8493975938298046
yelp,lightgcn_only,fixed,novelty,5457,lightgcn_only,lightgcn_only,fixed,1,0,True,0.8780721133406274,0.859250444150375,lightgcn_only,1,0.01882166919025241,31.0,31.0,TIE,,0.0,4.501707443575656,4.621115365169274,fixed,0.0,-0.11940792159361813,16.7,11.6,lightgcn_only,1.0,5.1,0.0524553511110868,0.0753130024153086,fixed,0,-0.0228576513042218,6.14479139850671,3.4558500928325615,lightgcn_only,1,2.6889413056741485
yelp,lightgcn_only,fixed,novelty,74193,lightgcn_only,lightgcn_only,fixed,1,0,True,0.7821071219756938,0.7377860068248767,lightgcn_only,1,0.04432111515081705,32.0,16.0,lightgcn_only,1.0,16.0,4.583284310020797,3.5628249576553053,lightgcn_only,1.0,1.0204593523654921,17.2,12.1,lightgcn_only,1.0,5.1,0.16129058326816975,0.1538368679248676,lightgcn_only,1,0.007453715343302164,6.969651991834665,3.8309842220863963,lightgcn_only,1,3.1386677697482686
yelp,lightgcn_only,fixed,relevance,24594,fixed,lightgcn_only,fixed,0,1,True,0.9282033308665403,0.9472476526376116,fixed,1,0.019044321771071293,61.0,28.0,lightgcn_only,0.0,-33.0,5.580429825942793,4.352135539906904,lightgcn_only,0.0,-1.2282942860358892,20.2,14.8,lightgcn_only,0.0,-5.399999999999999,0.01742660813843952,0.02848713110996086,fixed,1,0.011060522971521339,7.141122702464412,3.7981625104735386,lightgcn_only,0,-3.3429601919908736
yelp,lightgcn_only,fixed,relevance,78602,fixed,lightgcn_only,fixed,0,1,True,0.9236183372010734,0.8990924870210653,lightgcn_only,0,-0.02452585018000819,59.0,28.0,lightgcn_only,0.0,-31.0,5.580307540581811,4.255299516000064,lightgcn_only,0.0,-1.3250080245817468,20.0,15.4,lightgcn_only,0.0,-4.6,0.036962639269597995,0.04457923178622751,fixed,1,0.007616592516629515,7.1926307828956855,5.093544115370986,lightgcn_only,0,-2.0990866675246993
yelp,lightgcn_only,fixed,relevance,2600,lightgcn_only,lightgcn_only,fixed,1,0,True,0.8571412288139305,0.8830563839510426,fixed,0,-0.025915155137112067,30.0,24.0,lightgcn_only,1.0,6.0,4.459419394598415,4.114649352973295,lightgcn_only,1.0,0.3447700416251198,16.1,11.9,lightgcn_only,1.0,4.200000000000001,0.10818246917179376,0.08818859659262017,lightgcn_only,1,0.019993872579173594,6.093102978775111,3.724598999448991,lightgcn_only,1,2.36850397932612
yelp,lightgcn_only,fixed,relevance,33987,fixed,lightgcn_only,fixed,0,1,True,0.9236183372010734,0.8826324255945597,lightgcn_only,0,-0.04098591160651377,59.0,60.0,fixed,1.0,1.0,5.580307540581811,5.563157134005793,lightgcn_only,0.0,-0.017150406576018185,20.0,21.2,fixed,1.0,1.1999999999999993,0.05155965533364288,0.06874988985911959,fixed,1,0.01719023452547671,7.1926307828956855,4.7914316742856204,lightgcn_only,0,-2.401199108610065
yelp,lightgcn_only,fixed,relevance,46092,lightgcn_only,lightgcn_only,fixed,1,0,True,0.887725941047996,0.8652471207658868,lightgcn_only,1,0.022478820282109124,34.0,48.0,fixed,0.0,-14.0,4.675093945008262,5.355485819032438,fixed,0.0,-0.6803918740241759,16.3,19.8,fixed,0.0,-3.5,0.055084298788932465,0.07638615183310009,fixed,0,-0.021301853044167623,6.593899345857058,4.915870227857649,lightgcn_only,1,1.678029117999409
yelp,lightgcn_only,fixed,relevance,79676,fixed,lightgcn_only,fixed,0,1,True,0.9182819047742974,0.9237728798105305,fixed,1,0.005490975036233081,59.0,59.0,TIE,,0.0,5.553362162946347,5.482816239080335,lightgcn_only,0.0,-0.07054592386601222,20.3,20.4,fixed,1.0,0.09999999999999787,0.04936056614868102,0.05356989777529447,fixed,1,0.004209331626613452,7.175436170853973,5.7925349559240145,lightgcn_only,0,-1.3829012149299587
yelp,lightgcn_only,fixed,relevance,27182,fixed,lightgcn_only,fixed,0,1,True,0.9014653389525201,0.7371870744786084,lightgcn_only,0,-0.1642782644739117,40.0,22.0,lightgcn_only,0.0,-18.0,4.955642210087811,3.9579315684040273,lightgcn_only,0.0,-0.997710641683784,17.4,16.9,lightgcn_only,0.0,-0.5,0.055717729413063834,0.1043838556143292,fixed,1,0.04866612620126536,6.6477485286604034,3.787557127936452,lightgcn_only,0,-2.8601914007239513
yelp,lightgcn_only,fixed,relevance,83855,fixed,lightgcn_only,fixed,0,1,True,0.9349500800853139,0.9518480777555063,fixed,1,0.0168979976701924,61.0,21.0,lightgcn_only,0.0,-40.0,5.606266068579932,3.9708400131019848,lightgcn_only,0.0,-1.635426055477947,20.2,11.2,lightgcn_only,0.0,-9.0,0.03613903195484131,0.03233108562587138,lightgcn_only,0,-0.003807946328969934,7.167341112516193,3.4255604519201315,lightgcn_only,0,-3.7417806605960617
yelp,lightgcn_only,fixed,relevance,17415,lightgcn_only,lightgcn_only,fixed,1,0,True,0.8722944787076373,0.8824297830037733,fixed,0,-0.01013530429613596,37.0,36.0,lightgcn_only,1.0,1.0,4.808805103879141,4.783323083041606,lightgcn_only,1.0,0.02548202083753548,17.2,16.8,lightgcn_only,1.0,0.3999999999999986,0.07209478038266595,0.07575646614569559,fixed,0,-0.0036616857630296373,6.429177893610185,5.64742101845693,lightgcn_only,1,0.7817568751532553
yelp,lightgcn_only,fixed,relevance,93796,fixed,lightgcn_only,fixed,0,1,True,0.8676812753118444,0.8704643326542066,fixed,1,0.002783057342362283,30.0,19.0,lightgcn_only,0.0,-11.0,4.441068585955439,3.7230178469771475,lightgcn_only,0.0,-0.7180507389782917,16.1,10.7,lightgcn_only,0.0,-5.400000000000002,0.03519291606021523,0.08761626573367465,fixed,1,0.052423349673459414,6.13205178691842,3.1673809136484996,lightgcn_only,0,-2.9646708732699203
yelp,lightgcn_only,fixed,relevance,13763,fixed,lightgcn_only,fixed,0,1,True,0.9320088295170749,0.904661649526212,lightgcn_only,0,-0.02734717999086289,59.0,27.0,lightgcn_only,0.0,-32.0,5.555467129755085,4.291688760972385,lightgcn_only,0.0,-1.2637783687826998,19.7,13.8,lightgcn_only,0.0,-5.899999999999999,0.05031314937346066,0.04946666426100529,lightgcn_only,0,-0.0008464851124553724,7.139350653732275,3.7671172499172423,lightgcn_only,0,-3.3722334038150326
yelp,lightgcn_only,fixed,relevance,9482,lightgcn_only,lightgcn_only,fixed,1,0,True,0.8134308182337557,0.9143922831250733,fixed,0,-0.10096146489131752,42.0,32.0,lightgcn_only,1.0,10.0,4.97988331953802,4.756328385912461,lightgcn_only,1.0,0.22355493362555912,21.3,12.9,lightgcn_only,1.0,8.4,0.0922480474090642,0.07631327687458571,lightgcn_only,1,0.01593477053447849,6.373000458913021,3.128448878888896,lightgcn_only,1,3.2445515800241247
yelp,lightgcn_only,fixed,relevance,15173,lightgcn_only,lightgcn_only,fixed,1,0,True,0.8134308182337557,0.914461592464618,fixed,0,-0.10103077423086226,42.0,22.0,lightgcn_only,1.0,20.0,4.979883319538019,3.948420322246837,lightgcn_only,1.0,1.0314629972911824,21.3,9.8,lightgcn_only,1.0,11.5,0.13262063002270705,0.04973527143199556,lightgcn_only,1,0.08288535859071149,6.373000458913021,3.2530259252854927,lightgcn_only,1,3.119974533627528
yelp,lightgcn_only,fixed,relevance,78002,fixed,lightgcn_only,fixed,0,1,True,0.9291884163196941,0.9474330657387711,fixed,1,0.018244649419076997,61.0,40.0,lightgcn_only,0.0,-21.0,5.588635124879352,4.918867931899244,lightgcn_only,0.0,-0.6697671929801086,20.0,16.8,lightgcn_only,0.0,-3.1999999999999993,0.04139835316617544,0.06603339683006335,fixed,1,0.024635043663887905,7.166254145292503,4.394332033490703,lightgcn_only,0,-2.7719221118018
yelp,lightgcn_only,fixed,relevance,47816,fixed,lightgcn_only,fixed,0,1,True,0.9071795290560896,0.8953663855827065,lightgcn_only,0,-0.011813143473383025,45.0,21.0,lightgcn_only,0.0,-24.0,5.14060992948011,3.9209378720695263,lightgcn_only,0.0,-1.219672057410584,16.6,10.8,lightgcn_only,0.0,-5.800000000000001,0.028737869868319863,0.09567804025284136,fixed,1,0.0669401703845215,6.7359082745899315,3.742274922678713,lightgcn_only,0,-2.9936333519112184
yelp,lightgcn_only,fixed,relevance,23620,fixed,lightgcn_only,fixed,0,1,True,0.92826225523746,0.8986097278439416,lightgcn_only,0,-0.029652527393518424,60.0,11.0,lightgcn_only,0.0,-49.0,5.539048454322628,2.9707721691551394,lightgcn_only,0.0,-2.5682762851674883,19.4,10.1,lightgcn_only,0.0,-9.299999999999999,0.045641951112667264,0.05990223900949794,fixed,1,0.014260287896830676,7.127607260273466,3.4510062450800456,lightgcn_only,0,-3.6766010151934205
yelp,lightgcn_only,fixed,relevance,83363,fixed,lightgcn_only,fixed,0,1,True,0.8520018480787662,0.8148535192569042,lightgcn_only,0,-0.03714832882186203,34.0,31.0,lightgcn_only,0.0,-3.0,4.715677442680786,4.675728750643393,lightgcn_only,0.0,-0.0399486920373926,18.5,14.5,lightgcn_only,0.0,-4.0,0.016772873777646614,0.15129136772717802,fixed,1,0.13451849394953141,7.012788132168372,3.317920343325234,lightgcn_only,0,-3.694867788843138
yelp,lightgcn_only,fixed,relevance,34176,lightgcn_only,lightgcn_only,fixed,1,0,True,0.9000989514041785,0.8859945742222419,lightgcn_only,1,0.014104377181936578,48.0,32.0,lightgcn_only,1.0,16.0,5.228047148503094,4.613386137251933,lightgcn_only,1.0,0.6146610112511617,19.5,15.1,lightgcn_only,1.0,4.4,0.08048440254546341,0.09388992511509033,fixed,0,-0.013405522569626918,6.603697199353823,4.906713086612016,lightgcn_only,1,1.6969841127418066
yelp,lightgcn_only,fixed,relevance,88044,lightgcn_only,lightgcn_only,fixed,1,0,True,0.830073250482568,0.7125710602325259,lightgcn_only,1,0.11750219025004205,58.0,20.0,lightgcn_only,1.0,38.0,5.507637729861137,3.8443645876860675,lightgcn_only,1.0,1.6632731421750693,22.7,14.2,lightgcn_only,1.0,8.5,0.11424820818350312,0.13875458990128414,fixed,0,-0.024506381717781023,7.070050717533462,4.728237781674951,lightgcn_only,1,2.3418129358585116
yelp,lightgcn_only,fixed,relevance,797,fixed,lightgcn_only,fixed,0,1,True,0.9215913469668335,0.797092816126757,lightgcn_only,0,-0.12449853084007656,59.0,20.0,lightgcn_only,0.0,-39.0,5.57119979653923,4.016673874241777,lightgcn_only,0.0,-1.5545259222974535,19.2,13.7,lightgcn_only,0.0,-5.5,0.024735615420928846,0.16073472370033987,fixed,1,0.13599910827941103,7.199121071519228,3.4112735971561,lightgcn_only,0,-3.7878474743631276
yelp,lightgcn_only,fixed,relevance,23067,fixed,lightgcn_only,fixed,0,1,True,0.8867738941422052,0.7055938049372232,lightgcn_only,0,-0.18118008920498196,32.0,24.0,lightgcn_only,0.0,-8.0,4.541667212304603,4.065945132377804,lightgcn_only,0.0,-0.4757220799267987,16.0,14.1,lightgcn_only,0.0,-1.9000000000000004,0.051432795291836746,0.22134318956112187,fixed,1,0.16991039426928511,6.21047200234862,4.863144632186901,lightgcn_only,0,-1.347327370161719
yelp,lightgcn_only,fixed,relevance,4565,fixed,lightgcn_only,fixed,0,1,True,0.9071795290560896,0.7139154605991109,lightgcn_only,0,-0.19326406845697863,45.0,20.0,lightgcn_only,0.0,-25.0,5.14060992948011,3.7762099383696817,lightgcn_only,0.0,-1.3643999911104285,16.6,14.5,lightgcn_only,0.0,-2.1000000000000014,0.044397710541905375,0.2086025975022058,fixed,1,0.16420488696030044,6.7359082745899315,3.9212710937015216,lightgcn_only,0,-2.81463718088841
yelp,lightgcn_only,fixed,relevance,92688,fixed,lightgcn_only,fixed,0,1,True,0.9236183372010734,0.7851523846856692,lightgcn_only,0,-0.13846595251540428,59.0,55.0,lightgcn_only,0.0,-4.0,5.580307540581811,5.323563380781244,lightgcn_only,0.0,-0.25674415980056686,20.0,22.8,fixed,1.0,2.8000000000000007,0.07409699681265447,0.11367798714629997,fixed,1,0.0395809903336455,7.1926307828956855,6.121705910935639,lightgcn_only,0,-1.0709248719600462
yelp,lightgcn_only,fixed,relevance,88855,fixed,lightgcn_only,fixed,0,1,True,0.8082287145768667,0.7354816762254177,lightgcn_only,0,-0.07274703835144902,35.0,20.0,lightgcn_only,0.0,-15.0,4.745671435557252,3.8459981596819315,lightgcn_only,0.0,-0.8996732758753208,17.4,14.1,lightgcn_only,0.0,-3.299999999999999,0.11521575118059561,0.14603273287773574,fixed,1,0.03081698169714013,7.001389849615228,4.419551376183335,lightgcn_only,0,-2.581838473431892
yelp,lightgcn_only,fixed,relevance,73732,fixed,lightgcn_only,fixed,0,1,True,0.9032231164497678,0.8849094252478872,lightgcn_only,0,-0.018313691201880644,31.0,29.0,lightgcn_only,0.0,-2.0,4.517751294423244,4.463888030795445,lightgcn_only,0.0,-0.053863263627798474,13.9,12.7,lightgcn_only,0.0,-1.200000000000001,0.039145418574639025,0.11077067426868431,fixed,1,0.07162525569404529,6.101451187822739,4.056364225798542,lightgcn_only,0,-2.0450869620241967
yelp,lightgcn_only,fixed,relevance,64669,fixed,lightgcn_only,fixed,0,1,True,0.9071795290560896,0.7037952781400837,lightgcn_only,0,-0.20338425091600587,45.0,25.0,lightgcn_only,0.0,-20.0,5.14060992948011,4.000367174292821,lightgcn_only,0.0,-1.1402427551872893,16.6,16.6,TIE,,0.0,0.05114256163089946,0.11675632685657253,fixed,1,0.06561376522567307,6.7359082745899315,4.886510680760127,lightgcn_only,0,-1.8493975938298046
yelp,lightgcn_only,fixed,relevance,5457,fixed,lightgcn_only,fixed,0,1,True,0.8780721133406274,0.859250444150375,lightgcn_only,0,-0.01882166919025241,31.0,31.0,TIE,,0.0,4.501707443575656,4.621115365169274,fixed,1.0,0.11940792159361813,16.7,11.6,lightgcn_only,0.0,-5.1,0.0524553511110868,0.0753130024153086,fixed,1,0.0228576513042218,6.14479139850671,3.4558500928325615,lightgcn_only,0,-2.6889413056741485
